series,model,origin,step,yhat
s0,seasonal_naive,2760,0,21.394945
s0,seasonal_naive,2760,1,22.775441
s0,seasonal_naive,2760,2,26.490544
s0,seasonal_naive,2760,3,27.499240
s0,seasonal_naive,2760,4,29.999817
s0,seasonal_naive,2760,5,29.725099
s0,seasonal_naive,2760,6,29.188459
s0,seasonal_naive,2760,7,25.106147
s0,seasonal_naive,2760,8,27.839808
s0,seasonal_naive,2760,9,25.059705
s0,seasonal_naive,2760,10,26.023285
s0,seasonal_naive,2760,11,22.337621
s0,seasonal_naive,2760,12,18.779811
s0,seasonal_naive,2760,13,16.910698
s0,seasonal_naive,2760,14,13.778700
s0,seasonal_naive,2760,15,13.019212
s0,seasonal_naive,2760,16,12.979927
s0,seasonal_naive,2760,17,13.415065
s0,seasonal_naive,2760,18,11.941686
s0,seasonal_naive,2760,19,12.532831
s0,seasonal_naive,2760,20,13.318545
s0,seasonal_naive,2760,21,12.504227
s0,seasonal_naive,2760,22,16.863669
s0,seasonal_naive,2760,23,14.167149
s0,seasonal_naive,2784,0,18.461877
s0,seasonal_naive,2784,1,19.360269
s0,seasonal_naive,2784,2,18.855287
s0,seasonal_naive,2784,3,26.183117
s0,seasonal_naive,2784,4,21.478617
s0,seasonal_naive,2784,5,26.455086
s0,seasonal_naive,2784,6,28.375121
s0,seasonal_naive,2784,7,24.793259
s0,seasonal_naive,2784,8,24.022918
s0,seasonal_naive,2784,9,19.790374
s0,seasonal_naive,2784,10,20.668101
s0,seasonal_naive,2784,11,21.360135
s0,seasonal_naive,2784,12,16.037283
s0,seasonal_naive,2784,13,13.152018
s0,seasonal_naive,2784,14,8.989845
s0,seasonal_naive,2784,15,13.013335
s0,seasonal_naive,2784,16,10.266557
s0,seasonal_naive,2784,17,8.252901
s0,seasonal_naive,2784,18,10.064579
s0,seasonal_naive,2784,19,7.757254
s0,seasonal_naive,2784,20,8.813872
s0,seasonal_naive,2784,21,13.966046
s0,seasonal_naive,2784,22,10.743684
s0,seasonal_naive,2784,23,14.530276
s0,seasonal_naive,2808,0,16.457926
s0,seasonal_naive,2808,1,18.296194
s0,seasonal_naive,2808,2,20.054715
s0,seasonal_naive,2808,3,19.591348
s0,seasonal_naive,2808,4,22.719387
s0,seasonal_naive,2808,5,23.342250
s0,seasonal_naive,2808,6,22.929721
s0,seasonal_naive,2808,7,22.396540
s0,seasonal_naive,2808,8,21.336632
s0,seasonal_naive,2808,9,20.386922
s0,seasonal_naive,2808,10,20.699230
s0,seasonal_naive,2808,11,18.198616
s0,seasonal_naive,2808,12,18.749084
s0,seasonal_naive,2808,13,15.031077
s0,seasonal_naive,2808,14,11.225615
s0,seasonal_naive,2808,15,9.705027
s0,seasonal_naive,2808,16,9.071547
s0,seasonal_naive,2808,17,8.046311
s0,seasonal_naive,2808,18,8.402035
s0,seasonal_naive,2808,19,11.842046
s0,seasonal_naive,2808,20,9.364529
s0,seasonal_naive,2808,21,11.167444
s0,seasonal_naive,2808,22,10.788426
s0,seasonal_naive,2808,23,12.310182
s0,seasonal_naive,2832,0,16.655648
s0,seasonal_naive,2832,1,18.371008
s0,seasonal_naive,2832,2,21.390519
s0,seasonal_naive,2832,3,24.999608
s0,seasonal_naive,2832,4,23.390769
s0,seasonal_naive,2832,5,24.022916
s0,seasonal_naive,2832,6,27.071638
s0,seasonal_naive,2832,7,24.655039
s0,seasonal_naive,2832,8,24.766947
s0,seasonal_naive,2832,9,23.359639
s0,seasonal_naive,2832,10,25.006696
s0,seasonal_naive,2832,11,17.508460
s0,seasonal_naive,2832,12,16.951016
s0,seasonal_naive,2832,13,17.371148
s0,seasonal_naive,2832,14,16.394790
s0,seasonal_naive,2832,15,11.375520
s0,seasonal_naive,2832,16,13.778922
s0,seasonal_naive,2832,17,10.483660
s0,seasonal_naive,2832,18,9.947898
s0,seasonal_naive,2832,19,10.520747
s0,seasonal_naive,2832,20,13.041756
s0,seasonal_naive,2832,21,14.670658
s0,seasonal_naive,2832,22,14.301432
s0,seasonal_naive,2832,23,18.109425
s0,seasonal_naive,2856,0,19.388653
s0,seasonal_naive,2856,1,20.311673
s0,seasonal_naive,2856,2,27.005779
s0,seasonal_naive,2856,3,24.556682
s0,seasonal_naive,2856,4,27.688437
s0,seasonal_naive,2856,5,26.607271
s0,seasonal_naive,2856,6,28.199854
s0,seasonal_naive,2856,7,28.908078
s0,seasonal_naive,2856,8,28.365457
s0,seasonal_naive,2856,9,25.339960
s0,seasonal_naive,2856,10,25.269567
s0,seasonal_naive,2856,11,24.230034
s0,seasonal_naive,2856,12,24.110219
s0,seasonal_naive,2856,13,21.075566
s0,seasonal_naive,2856,14,19.716611
s0,seasonal_naive,2856,15,17.484113
s0,seasonal_naive,2856,16,14.257694
s0,seasonal_naive,2856,17,14.122486
s0,seasonal_naive,2856,18,15.944408
s0,seasonal_naive,2856,19,13.781861
s0,seasonal_naive,2856,20,13.998328
s0,seasonal_naive,2856,21,17.101529
s0,seasonal_naive,2856,22,16.023415
s0,seasonal_naive,2856,23,19.709461
s0,seasonal_naive,2880,0,21.304049
s0,seasonal_naive,2880,1,24.628949
s0,seasonal_naive,2880,2,29.404702
s0,seasonal_naive,2880,3,32.754447
s0,seasonal_naive,2880,4,31.341186
s0,seasonal_naive,2880,5,29.726861
s0,seasonal_naive,2880,6,32.773636
s0,seasonal_naive,2880,7,32.066443
s0,seasonal_naive,2880,8,29.687909
s0,seasonal_naive,2880,9,30.842111
s0,seasonal_naive,2880,10,27.048589
s0,seasonal_naive,2880,11,25.007144
s0,seasonal_naive,2880,12,23.991505
s0,seasonal_naive,2880,13,22.956453
s0,seasonal_naive,2880,14,19.366014
s0,seasonal_naive,2880,15,18.886347
s0,seasonal_naive,2880,16,14.133536
s0,seasonal_naive,2880,17,16.737443
s0,seasonal_naive,2880,18,15.234495
s0,seasonal_naive,2880,19,15.433124
s0,seasonal_naive,2880,20,13.019348
s0,seasonal_naive,2880,21,15.999271
s0,seasonal_naive,2880,22,17.162449
s0,seasonal_naive,2880,23,22.828440
s0,seasonal_naive,2904,0,22.424621
s0,seasonal_naive,2904,1,26.371567
s0,seasonal_naive,2904,2,28.876546
s0,seasonal_naive,2904,3,28.558123
s0,seasonal_naive,2904,4,29.007765
s0,seasonal_naive,2904,5,33.330472
s0,seasonal_naive,2904,6,32.022982
s0,seasonal_naive,2904,7,29.291575
s0,seasonal_naive,2904,8,31.160969
s0,seasonal_naive,2904,9,27.981641
s0,seasonal_naive,2904,10,28.048782
s0,seasonal_naive,2904,11,26.610824
s0,seasonal_naive,2904,12,21.820224
s0,seasonal_naive,2904,13,21.747959
s0,seasonal_naive,2904,14,14.113887
s0,seasonal_naive,2904,15,18.046978
s0,seasonal_naive,2904,16,12.656396
s0,seasonal_naive,2904,17,18.922631
s0,seasonal_naive,2904,18,15.060619
s0,seasonal_naive,2904,19,13.666198
s0,seasonal_naive,2904,20,17.138325
s0,seasonal_naive,2904,21,15.216162
s0,seasonal_naive,2904,22,18.190680
s0,seasonal_naive,2904,23,19.342672
s0,seasonal_naive,2928,0,21.737419
s0,seasonal_naive,2928,1,22.774849
s0,seasonal_naive,2928,2,26.162388
s0,seasonal_naive,2928,3,25.794211
s0,seasonal_naive,2928,4,28.287257
s0,seasonal_naive,2928,5,29.768272
s0,seasonal_naive,2928,6,27.937277
s0,seasonal_naive,2928,7,29.808053
s0,seasonal_naive,2928,8,28.301530
s0,seasonal_naive,2928,9,25.631875
s0,seasonal_naive,2928,10,23.476528
s0,seasonal_naive,2928,11,22.142045
s0,seasonal_naive,2928,12,19.275443
s0,seasonal_naive,2928,13,16.957754
s0,seasonal_naive,2928,14,15.488773
s0,seasonal_naive,2928,15,13.555707
s0,seasonal_naive,2928,16,12.646471
s0,seasonal_naive,2928,17,13.800606
s0,seasonal_naive,2928,18,12.568751
s0,seasonal_naive,2928,19,12.596613
s0,seasonal_naive,2928,20,12.720482
s0,seasonal_naive,2928,21,12.055968
s0,seasonal_naive,2928,22,12.841577
s0,seasonal_naive,2928,23,15.965778
s0,seasonal_naive,2952,0,20.162319
s0,seasonal_naive,2952,1,22.120193
s0,seasonal_naive,2952,2,19.667166
s0,seasonal_naive,2952,3,20.690092
s0,seasonal_naive,2952,4,27.354699
s0,seasonal_naive,2952,5,27.632147
s0,seasonal_naive,2952,6,24.503542
s0,seasonal_naive,2952,7,24.994709
s0,seasonal_naive,2952,8,24.287494
s0,seasonal_naive,2952,9,24.593523
s0,seasonal_naive,2952,10,20.287030
s0,seasonal_naive,2952,11,19.985530
s0,seasonal_naive,2952,12,17.310719
s0,seasonal_naive,2952,13,15.192067
s0,seasonal_naive,2952,14,14.381471
s0,seasonal_naive,2952,15,11.190903
s0,seasonal_naive,2952,16,7.557580
s0,seasonal_naive,2952,17,10.179979
s0,seasonal_naive,2952,18,7.616848
s0,seasonal_naive,2952,19,10.042843
s0,seasonal_naive,2952,20,9.771900
s0,seasonal_naive,2952,21,9.002770
s0,seasonal_naive,2952,22,12.585789
s0,seasonal_naive,2952,23,13.049689
s0,seasonal_naive,2976,0,16.532635
s0,seasonal_naive,2976,1,17.493418
s0,seasonal_naive,2976,2,21.660758
s0,seasonal_naive,2976,3,20.543242
s0,seasonal_naive,2976,4,22.351176
s0,seasonal_naive,2976,5,22.610393
s0,seasonal_naive,2976,6,22.729763
s0,seasonal_naive,2976,7,23.298599
s0,seasonal_naive,2976,8,23.282120
s0,seasonal_naive,2976,9,22.579161
s0,seasonal_naive,2976,10,20.126339
s0,seasonal_naive,2976,11,17.412156
s0,seasonal_naive,2976,12,13.605755
s0,seasonal_naive,2976,13,15.573149
s0,seasonal_naive,2976,14,11.365518
s0,seasonal_naive,2976,15,11.208785
s0,seasonal_naive,2976,16,7.644130
s0,seasonal_naive,2976,17,11.029099
s0,seasonal_naive,2976,18,9.502613
s0,seasonal_naive,2976,19,7.314287
s0,seasonal_naive,2976,20,10.164599
s0,seasonal_naive,2976,21,13.104626
s0,seasonal_naive,2976,22,12.412451
s0,seasonal_naive,2976,23,11.988974
s0,daily_naive,2760,0,22.424621
s0,daily_naive,2760,1,26.371567
s0,daily_naive,2760,2,28.876546
s0,daily_naive,2760,3,28.558123
s0,daily_naive,2760,4,29.007765
s0,daily_naive,2760,5,33.330472
s0,daily_naive,2760,6,32.022982
s0,daily_naive,2760,7,29.291575
s0,daily_naive,2760,8,31.160969
s0,daily_naive,2760,9,27.981641
s0,daily_naive,2760,10,28.048782
s0,daily_naive,2760,11,26.610824
s0,daily_naive,2760,12,21.820224
s0,daily_naive,2760,13,21.747959
s0,daily_naive,2760,14,14.113887
s0,daily_naive,2760,15,18.046978
s0,daily_naive,2760,16,12.656396
s0,daily_naive,2760,17,18.922631
s0,daily_naive,2760,18,15.060619
s0,daily_naive,2760,19,13.666198
s0,daily_naive,2760,20,17.138325
s0,daily_naive,2760,21,15.216162
s0,daily_naive,2760,22,18.190680
s0,daily_naive,2760,23,19.342672
s0,daily_naive,2784,0,21.737419
s0,daily_naive,2784,1,22.774849
s0,daily_naive,2784,2,26.162388
s0,daily_naive,2784,3,25.794211
s0,daily_naive,2784,4,28.287257
s0,daily_naive,2784,5,29.768272
s0,daily_naive,2784,6,27.937277
s0,daily_naive,2784,7,29.808053
s0,daily_naive,2784,8,28.301530
s0,daily_naive,2784,9,25.631875
s0,daily_naive,2784,10,23.476528
s0,daily_naive,2784,11,22.142045
s0,daily_naive,2784,12,19.275443
s0,daily_naive,2784,13,16.957754
s0,daily_naive,2784,14,15.488773
s0,daily_naive,2784,15,13.555707
s0,daily_naive,2784,16,12.646471
s0,daily_naive,2784,17,13.800606
s0,daily_naive,2784,18,12.568751
s0,daily_naive,2784,19,12.596613
s0,daily_naive,2784,20,12.720482
s0,daily_naive,2784,21,12.055968
s0,daily_naive,2784,22,12.841577
s0,daily_naive,2784,23,15.965778
s0,daily_naive,2808,0,20.162319
s0,daily_naive,2808,1,22.120193
s0,daily_naive,2808,2,19.667166
s0,daily_naive,2808,3,20.690092
s0,daily_naive,2808,4,27.354699
s0,daily_naive,2808,5,27.632147
s0,daily_naive,2808,6,24.503542
s0,daily_naive,2808,7,24.994709
s0,daily_naive,2808,8,24.287494
s0,daily_naive,2808,9,24.593523
s0,daily_naive,2808,10,20.287030
s0,daily_naive,2808,11,19.985530
s0,daily_naive,2808,12,17.310719
s0,daily_naive,2808,13,15.192067
s0,daily_naive,2808,14,14.381471
s0,daily_naive,2808,15,11.190903
s0,daily_naive,2808,16,7.557580
s0,daily_naive,2808,17,10.179979
s0,daily_naive,2808,18,7.616848
s0,daily_naive,2808,19,10.042843
s0,daily_naive,2808,20,9.771900
s0,daily_naive,2808,21,9.002770
s0,daily_naive,2808,22,12.585789
s0,daily_naive,2808,23,13.049689
s0,daily_naive,2832,0,16.532635
s0,daily_naive,2832,1,17.493418
s0,daily_naive,2832,2,21.660758
s0,daily_naive,2832,3,20.543242
s0,daily_naive,2832,4,22.351176
s0,daily_naive,2832,5,22.610393
s0,daily_naive,2832,6,22.729763
s0,daily_naive,2832,7,23.298599
s0,daily_naive,2832,8,23.282120
s0,daily_naive,2832,9,22.579161
s0,daily_naive,2832,10,20.126339
s0,daily_naive,2832,11,17.412156
s0,daily_naive,2832,12,13.605755
s0,daily_naive,2832,13,15.573149
s0,daily_naive,2832,14,11.365518
s0,daily_naive,2832,15,11.208785
s0,daily_naive,2832,16,7.644130
s0,daily_naive,2832,17,11.029099
s0,daily_naive,2832,18,9.502613
s0,daily_naive,2832,19,7.314287
s0,daily_naive,2832,20,10.164599
s0,daily_naive,2832,21,13.104626
s0,daily_naive,2832,22,12.412451
s0,daily_naive,2832,23,11.988974
s0,daily_naive,2856,0,17.603575
s0,daily_naive,2856,1,21.994520
s0,daily_naive,2856,2,18.512225
s0,daily_naive,2856,3,24.468150
s0,daily_naive,2856,4,23.834943
s0,daily_naive,2856,5,24.972389
s0,daily_naive,2856,6,25.812817
s0,daily_naive,2856,7,25.371837
s0,daily_naive,2856,8,26.055383
s0,daily_naive,2856,9,21.665419
s0,daily_naive,2856,10,21.862336
s0,daily_naive,2856,11,18.704541
s0,daily_naive,2856,12,17.447326
s0,daily_naive,2856,13,21.085998
s0,daily_naive,2856,14,13.185111
s0,daily_naive,2856,15,13.740198
s0,daily_naive,2856,16,12.382892
s0,daily_naive,2856,17,8.165395
s0,daily_naive,2856,18,9.274369
s0,daily_naive,2856,19,8.623009
s0,daily_naive,2856,20,12.231023
s0,daily_naive,2856,21,11.791844
s0,daily_naive,2856,22,14.265475
s0,daily_naive,2856,23,15.323676
s0,daily_naive,2880,0,21.077111
s0,daily_naive,2880,1,23.175101
s0,daily_naive,2880,2,26.677091
s0,daily_naive,2880,3,25.823313
s0,daily_naive,2880,4,28.705314
s0,daily_naive,2880,5,30.278413
s0,daily_naive,2880,6,32.237348
s0,daily_naive,2880,7,26.763400
s0,daily_naive,2880,8,26.810677
s0,daily_naive,2880,9,25.408440
s0,daily_naive,2880,10,23.242759
s0,daily_naive,2880,11,24.813227
s0,daily_naive,2880,12,22.900548
s0,daily_naive,2880,13,17.562020
s0,daily_naive,2880,14,16.262841
s0,daily_naive,2880,15,16.973193
s0,daily_naive,2880,16,14.538349
s0,daily_naive,2880,17,15.014294
s0,daily_naive,2880,18,14.223438
s0,daily_naive,2880,19,16.577769
s0,daily_naive,2880,20,17.595222
s0,daily_naive,2880,21,14.243814
s0,daily_naive,2880,22,21.102263
s0,daily_naive,2880,23,20.190435
s0,daily_naive,2904,0,21.312874
s0,daily_naive,2904,1,26.253594
s0,daily_naive,2904,2,25.737438
s0,daily_naive,2904,3,27.032168
s0,daily_naive,2904,4,29.840351
s0,daily_naive,2904,5,33.441782
s0,daily_naive,2904,6,28.695214
s0,daily_naive,2904,7,29.727538
s0,daily_naive,2904,8,27.945224
s0,daily_naive,2904,9,27.504819
s0,daily_naive,2904,10,27.584594
s0,daily_naive,2904,11,23.822594
s0,daily_naive,2904,12,24.396316
s0,daily_naive,2904,13,22.029025
s0,daily_naive,2904,14,21.110851
s0,daily_naive,2904,15,21.390051
s0,daily_naive,2904,16,15.479054
s0,daily_naive,2904,17,15.500297
s0,daily_naive,2904,18,15.033113
s0,daily_naive,2904,19,15.546330
s0,daily_naive,2904,20,17.705992
s0,daily_naive,2904,21,19.277735
s0,daily_naive,2904,22,19.145786
s0,daily_naive,2904,23,23.990440
s0,daily_naive,2928,0,23.465092
s0,daily_naive,2928,1,25.748835
s0,daily_naive,2928,2,26.398432
s0,daily_naive,2928,3,30.501148
s0,daily_naive,2928,4,31.844837
s0,daily_naive,2928,5,31.398141
s0,daily_naive,2928,6,28.159060
s0,daily_naive,2928,7,30.873706
s0,daily_naive,2928,8,31.341543
s0,daily_naive,2928,9,28.376094
s0,daily_naive,2928,10,27.150190
s0,daily_naive,2928,11,26.109033
s0,daily_naive,2928,12,20.216299
s0,daily_naive,2928,13,22.232864
s0,daily_naive,2928,14,15.902290
s0,daily_naive,2928,15,17.324436
s0,daily_naive,2928,16,16.712423
s0,daily_naive,2928,17,14.078626
s0,daily_naive,2928,18,15.241398
s0,daily_naive,2928,19,15.438050
s0,daily_naive,2928,20,14.474306
s0,daily_naive,2928,21,15.792268
s0,daily_naive,2928,22,19.286228
s0,daily_naive,2928,23,20.288879
s0,daily_naive,2952,0,22.696318
s0,daily_naive,2952,1,24.327458
s0,daily_naive,2952,2,24.550438
s0,daily_naive,2952,3,25.286819
s0,daily_naive,2952,4,26.473010
s0,daily_naive,2952,5,26.625163
s0,daily_naive,2952,6,25.675982
s0,daily_naive,2952,7,27.527014
s0,daily_naive,2952,8,26.083070
s0,daily_naive,2952,9,26.207645
s0,daily_naive,2952,10,23.933667
s0,daily_naive,2952,11,22.817156
s0,daily_naive,2952,12,21.801328
s0,daily_naive,2952,13,16.210393
s0,daily_naive,2952,14,15.300691
s0,daily_naive,2952,15,13.286110
s0,daily_naive,2952,16,11.077918
s0,daily_naive,2952,17,9.620133
s0,daily_naive,2952,18,11.205354
s0,daily_naive,2952,19,11.659013
s0,daily_naive,2952,20,11.449131
s0,daily_naive,2952,21,13.921800
s0,daily_naive,2952,22,15.037531
s0,daily_naive,2952,23,17.948541
s0,daily_naive,2976,0,18.333685
s0,daily_naive,2976,1,20.446585
s0,daily_naive,2976,2,23.793273
s0,daily_naive,2976,3,22.838141
s0,daily_naive,2976,4,25.414199
s0,daily_naive,2976,5,26.944678
s0,daily_naive,2976,6,26.950299
s0,daily_naive,2976,7,26.449207
s0,daily_naive,2976,8,25.207637
s0,daily_naive,2976,9,22.377052
s0,daily_naive,2976,10,22.642896
s0,daily_naive,2976,11,18.234074
s0,daily_naive,2976,12,16.200420
s0,daily_naive,2976,13,14.371327
s0,daily_naive,2976,14,13.562339
s0,daily_naive,2976,15,13.531460
s0,daily_naive,2976,16,11.721755
s0,daily_naive,2976,17,10.775157
s0,daily_naive,2976,18,9.503049
s0,daily_naive,2976,19,8.855302
s0,daily_naive,2976,20,7.960308
s0,daily_naive,2976,21,9.634557
s0,daily_naive,2976,22,12.401487
s0,daily_naive,2976,23,16.797233
s1,seasonal_naive,2832,0,42.954202
s1,seasonal_naive,2832,1,44.540315
s1,seasonal_naive,2832,2,55.154255
s1,seasonal_naive,2832,3,54.048195
s1,seasonal_naive,2832,4,55.644634
s1,seasonal_naive,2832,5,52.010078
s1,seasonal_naive,2832,6,55.602373
s1,seasonal_naive,2832,7,47.525073
s1,seasonal_naive,2832,8,51.554957
s1,seasonal_naive,2832,9,43.335661
s1,seasonal_naive,2832,10,43.247167
s1,seasonal_naive,2832,11,37.460025
s1,seasonal_naive,2832,12,35.055239
s1,seasonal_naive,2832,13,31.703703
s1,seasonal_naive,2832,14,27.105963
s1,seasonal_naive,2832,15,24.810794
s1,seasonal_naive,2832,16,18.617009
s1,seasonal_naive,2832,17,17.093055
s1,seasonal_naive,2832,18,29.054204
s1,seasonal_naive,2832,19,28.878784
s1,seasonal_naive,2832,20,24.992535
s1,seasonal_naive,2832,21,40.663627
s1,seasonal_naive,2832,22,36.160300
s1,seasonal_naive,2832,23,45.186049
s1,seasonal_naive,2856,0,49.647937
s1,seasonal_naive,2856,1,52.966633
s1,seasonal_naive,2856,2,58.474034
s1,seasonal_naive,2856,3,54.562133
s1,seasonal_naive,2856,4,61.054935
s1,seasonal_naive,2856,5,61.037984
s1,seasonal_naive,2856,6,61.773840
s1,seasonal_naive,2856,7,58.960363
s1,seasonal_naive,2856,8,55.128545
s1,seasonal_naive,2856,9,51.455951
s1,seasonal_naive,2856,10,53.108467
s1,seasonal_naive,2856,11,42.953471
s1,seasonal_naive,2856,12,42.983794
s1,seasonal_naive,2856,13,39.140059
s1,seasonal_naive,2856,14,34.416213
s1,seasonal_naive,2856,15,33.888410
s1,seasonal_naive,2856,16,33.005453
s1,seasonal_naive,2856,17,29.148787
s1,seasonal_naive,2856,18,33.154880
s1,seasonal_naive,2856,19,40.692211
s1,seasonal_naive,2856,20,33.545737
s1,seasonal_naive,2856,21,40.098529
s1,seasonal_naive,2856,22,42.940465
s1,seasonal_naive,2856,23,57.121465
s1,seasonal_naive,2880,0,50.084203
s1,seasonal_naive,2880,1,59.228434
s1,seasonal_naive,2880,2,66.055717
s1,seasonal_naive,2880,3,62.637370
s1,seasonal_naive,2880,4,66.889441
s1,seasonal_naive,2880,5,65.476448
s1,seasonal_naive,2880,6,62.698100
s1,seasonal_naive,2880,7,65.328850
s1,seasonal_naive,2880,8,64.523793
s1,seasonal_naive,2880,9,57.890849
s1,seasonal_naive,2880,10,55.707655
s1,seasonal_naive,2880,11,53.106490
s1,seasonal_naive,2880,12,50.507210
s1,seasonal_naive,2880,13,38.119037
s1,seasonal_naive,2880,14,41.073349
s1,seasonal_naive,2880,15,34.266133
s1,seasonal_naive,2880,16,28.381285
s1,seasonal_naive,2880,17,31.795726
s1,seasonal_naive,2880,18,37.446620
s1,seasonal_naive,2880,19,38.169762
s1,seasonal_naive,2880,20,36.189326
s1,seasonal_naive,2880,21,49.140691
s1,seasonal_naive,2880,22,49.173950
s1,seasonal_naive,2880,23,51.976093
s1,seasonal_naive,2904,0,54.715614
s1,seasonal_naive,2904,1,62.029974
s1,seasonal_naive,2904,2,62.630816
s1,seasonal_naive,2904,3,70.370819
s1,seasonal_naive,2904,4,68.994723
s1,seasonal_naive,2904,5,70.325555
s1,seasonal_naive,2904,6,66.264596
s1,seasonal_naive,2904,7,60.209707
s1,seasonal_naive,2904,8,64.077989
s1,seasonal_naive,2904,9,54.955080
s1,seasonal_naive,2904,10,53.664735
s1,seasonal_naive,2904,11,49.315420
s1,seasonal_naive,2904,12,42.047336
s1,seasonal_naive,2904,13,43.495479
s1,seasonal_naive,2904,14,31.851724
s1,seasonal_naive,2904,15,39.062073
s1,seasonal_naive,2904,16,30.113521
s1,seasonal_naive,2904,17,34.797297
s1,seasonal_naive,2904,18,36.437398
s1,seasonal_naive,2904,19,30.657449
s1,seasonal_naive,2904,20,33.702821
s1,seasonal_naive,2904,21,42.859685
s1,seasonal_naive,2904,22,44.216449
s1,seasonal_naive,2904,23,48.056519
s1,seasonal_naive,2928,0,45.640852
s1,seasonal_naive,2928,1,50.078501
s1,seasonal_naive,2928,2,60.724415
s1,seasonal_naive,2928,3,66.102808
s1,seasonal_naive,2928,4,60.002382
s1,seasonal_naive,2928,5,59.574155
s1,seasonal_naive,2928,6,62.189702
s1,seasonal_naive,2928,7,60.869333
s1,seasonal_naive,2928,8,58.015205
s1,seasonal_naive,2928,9,50.585209
s1,seasonal_naive,2928,10,40.884624
s1,seasonal_naive,2928,11,47.751931
s1,seasonal_naive,2928,12,36.293065
s1,seasonal_naive,2928,13,37.891987
s1,seasonal_naive,2928,14,22.979571
s1,seasonal_naive,2928,15,28.151466
s1,seasonal_naive,2928,16,23.284999
s1,seasonal_naive,2928,17,20.545449
s1,seasonal_naive,2928,18,28.031138
s1,seasonal_naive,2928,19,30.695627
s1,seasonal_naive,2928,20,26.828069
s1,seasonal_naive,2928,21,34.416788
s1,seasonal_naive,2928,22,32.438619
s1,seasonal_naive,2928,23,38.183558
s1,seasonal_naive,2952,0,43.603261
s1,seasonal_naive,2952,1,47.054124
s1,seasonal_naive,2952,2,53.610114
s1,seasonal_naive,2952,3,49.617626
s1,seasonal_naive,2952,4,58.355214
s1,seasonal_naive,2952,5,58.502865
s1,seasonal_naive,2952,6,53.436292
s1,seasonal_naive,2952,7,48.001355
s1,seasonal_naive,2952,8,40.803431
s1,seasonal_naive,2952,9,44.820760
s1,seasonal_naive,2952,10,38.143008
s1,seasonal_naive,2952,11,36.248890
s1,seasonal_naive,2952,12,27.647516
s1,seasonal_naive,2952,13,26.982490
s1,seasonal_naive,2952,14,23.114026
s1,seasonal_naive,2952,15,20.585719
s1,seasonal_naive,2952,16,19.795584
s1,seasonal_naive,2952,17,19.244457
s1,seasonal_naive,2952,18,22.174504
s1,seasonal_naive,2952,19,17.927857
s1,seasonal_naive,2952,20,25.815016
s1,seasonal_naive,2952,21,27.462952
s1,seasonal_naive,2952,22,29.607182
s1,seasonal_naive,2952,23,32.024567
s1,seasonal_naive,2976,0,44.763425
s1,seasonal_naive,2976,1,44.624103
s1,seasonal_naive,2976,2,45.453491
s1,seasonal_naive,2976,3,50.024114
s1,seasonal_naive,2976,4,51.324753
s1,seasonal_naive,2976,5,49.923071
s1,seasonal_naive,2976,6,46.239292
s1,seasonal_naive,2976,7,49.593932
s1,seasonal_naive,2976,8,45.661148
s1,seasonal_naive,2976,9,41.613992
s1,seasonal_naive,2976,10,41.757261
s1,seasonal_naive,2976,11,29.497570
s1,seasonal_naive,2976,12,26.350609
s1,seasonal_naive,2976,13,26.141983
s1,seasonal_naive,2976,14,25.063004
s1,seasonal_naive,2976,15,21.806272
s1,seasonal_naive,2976,16,20.752023
s1,seasonal_naive,2976,17,10.482507
s1,seasonal_naive,2976,18,20.563454
s1,seasonal_naive,2976,19,22.318138
s1,seasonal_naive,2976,20,26.254915
s1,seasonal_naive,2976,21,25.421943
s1,seasonal_naive,2976,22,33.899514
s1,seasonal_naive,2976,23,40.245886
s1,seasonal_naive,3000,0,46.932853
s1,seasonal_naive,3000,1,46.621129
s1,seasonal_naive,3000,2,44.906167
s1,seasonal_naive,3000,3,52.448826
s1,seasonal_naive,3000,4,56.252749
s1,seasonal_naive,3000,5,56.463320
s1,seasonal_naive,3000,6,60.728076
s1,seasonal_naive,3000,7,51.900231
s1,seasonal_naive,3000,8,46.506332
s1,seasonal_naive,3000,9,44.405874
s1,seasonal_naive,3000,10,44.867264
s1,seasonal_naive,3000,11,35.702779
s1,seasonal_naive,3000,12,30.736610
s1,seasonal_naive,3000,13,27.642557
s1,seasonal_naive,3000,14,31.444411
s1,seasonal_naive,3000,15,25.839228
s1,seasonal_naive,3000,16,22.628405
s1,seasonal_naive,3000,17,26.560946
s1,seasonal_naive,3000,18,27.079250
s1,seasonal_naive,3000,19,23.614600
s1,seasonal_naive,3000,20,32.956617
s1,seasonal_naive,3000,21,34.947688
s1,seasonal_naive,3000,22,31.636683
s1,seasonal_naive,3000,23,39.421682
s1,seasonal_naive,3024,0,49.109152
s1,seasonal_naive,3024,1,54.287593
s1,seasonal_naive,3024,2,55.439302
s1,seasonal_naive,3024,3,55.939881
s1,seasonal_naive,3024,4,62.067803
s1,seasonal_naive,3024,5,55.725551
s1,seasonal_naive,3024,6,63.413394
s1,seasonal_naive,3024,7,59.438639
s1,seasonal_naive,3024,8,57.297694
s1,seasonal_naive,3024,9,51.807771
s1,seasonal_naive,3024,10,52.936110
s1,seasonal_naive,3024,11,37.993750
s1,seasonal_naive,3024,12,38.834609
s1,seasonal_naive,3024,13,39.962586
s1,seasonal_naive,3024,14,32.416989
s1,seasonal_naive,3024,15,37.470680
s1,seasonal_naive,3024,16,32.649304
s1,seasonal_naive,3024,17,28.450180
s1,seasonal_naive,3024,18,35.846262
s1,seasonal_naive,3024,19,33.892404
s1,seasonal_naive,3024,20,39.308578
s1,seasonal_naive,3024,21,39.136656
s1,seasonal_naive,3024,22,43.639320
s1,seasonal_naive,3024,23,52.802929
s1,seasonal_naive,3048,0,55.373505
s1,seasonal_naive,3048,1,56.744023
s1,seasonal_naive,3048,2,59.978495
s1,seasonal_naive,3048,3,67.966761
s1,seasonal_naive,3048,4,73.482269
s1,seasonal_naive,3048,5,65.209736
s1,seasonal_naive,3048,6,69.771623
s1,seasonal_naive,3048,7,55.815811
s1,seasonal_naive,3048,8,58.247586
s1,seasonal_naive,3048,9,61.715307
s1,seasonal_naive,3048,10,60.706838
s1,seasonal_naive,3048,11,51.122529
s1,seasonal_naive,3048,12,48.411795
s1,seasonal_naive,3048,13,43.417488
s1,seasonal_naive,3048,14,42.561994
s1,seasonal_naive,3048,15,32.881443
s1,seasonal_naive,3048,16,37.206428
s1,seasonal_naive,3048,17,33.166141
s1,seasonal_naive,3048,18,34.254193
s1,seasonal_naive,3048,19,37.266385
s1,seasonal_naive,3048,20,39.439238
s1,seasonal_naive,3048,21,41.165872
s1,seasonal_naive,3048,22,47.089159
s1,seasonal_naive,3048,23,49.164752
s1,daily_naive,2832,0,44.763425
s1,daily_naive,2832,1,44.624103
s1,daily_naive,2832,2,45.453491
s1,daily_naive,2832,3,50.024114
s1,daily_naive,2832,4,51.324753
s1,daily_naive,2832,5,49.923071
s1,daily_naive,2832,6,46.239292
s1,daily_naive,2832,7,49.593932
s1,daily_naive,2832,8,45.661148
s1,daily_naive,2832,9,41.613992
s1,daily_naive,2832,10,41.757261
s1,daily_naive,2832,11,29.497570
s1,daily_naive,2832,12,26.350609
s1,daily_naive,2832,13,26.141983
s1,daily_naive,2832,14,25.063004
s1,daily_naive,2832,15,21.806272
s1,daily_naive,2832,16,20.752023
s1,daily_naive,2832,17,10.482507
s1,daily_naive,2832,18,20.563454
s1,daily_naive,2832,19,22.318138
s1,daily_naive,2832,20,26.254915
s1,daily_naive,2832,21,25.421943
s1,daily_naive,2832,22,33.899514
s1,daily_naive,2832,23,40.245886
s1,daily_naive,2856,0,46.932853
s1,daily_naive,2856,1,46.621129
s1,daily_naive,2856,2,44.906167
s1,daily_naive,2856,3,52.448826
s1,daily_naive,2856,4,56.252749
s1,daily_naive,2856,5,56.463320
s1,daily_naive,2856,6,60.728076
s1,daily_naive,2856,7,51.900231
s1,daily_naive,2856,8,46.506332
s1,daily_naive,2856,9,44.405874
s1,daily_naive,2856,10,44.867264
s1,daily_naive,2856,11,35.702779
s1,daily_naive,2856,12,30.736610
s1,daily_naive,2856,13,27.642557
s1,daily_naive,2856,14,31.444411
s1,daily_naive,2856,15,25.839228
s1,daily_naive,2856,16,22.628405
s1,daily_naive,2856,17,26.560946
s1,daily_naive,2856,18,27.079250
s1,daily_naive,2856,19,23.614600
s1,daily_naive,2856,20,32.956617
s1,daily_naive,2856,21,34.947688
s1,daily_naive,2856,22,31.636683
s1,daily_naive,2856,23,39.421682
s1,daily_naive,2880,0,49.109152
s1,daily_naive,2880,1,54.287593
s1,daily_naive,2880,2,55.439302
s1,daily_naive,2880,3,55.939881
s1,daily_naive,2880,4,62.067803
s1,daily_naive,2880,5,55.725551
s1,daily_naive,2880,6,63.413394
s1,daily_naive,2880,7,59.438639
s1,daily_naive,2880,8,57.297694
s1,daily_naive,2880,9,51.807771
s1,daily_naive,2880,10,52.936110
s1,daily_naive,2880,11,37.993750
s1,daily_naive,2880,12,38.834609
s1,daily_naive,2880,13,39.962586
s1,daily_naive,2880,14,32.416989
s1,daily_naive,2880,15,37.470680
s1,daily_naive,2880,16,32.649304
s1,daily_naive,2880,17,28.450180
s1,daily_naive,2880,18,35.846262
s1,daily_naive,2880,19,33.892404
s1,daily_naive,2880,20,39.308578
s1,daily_naive,2880,21,39.136656
s1,daily_naive,2880,22,43.639320
s1,daily_naive,2880,23,52.802929
s1,daily_naive,2904,0,55.373505
s1,daily_naive,2904,1,56.744023
s1,daily_naive,2904,2,59.978495
s1,daily_naive,2904,3,67.966761
s1,daily_naive,2904,4,73.482269
s1,daily_naive,2904,5,65.209736
s1,daily_naive,2904,6,69.771623
s1,daily_naive,2904,7,55.815811
s1,daily_naive,2904,8,58.247586
s1,daily_naive,2904,9,61.715307
s1,daily_naive,2904,10,60.706838
s1,daily_naive,2904,11,51.122529
s1,daily_naive,2904,12,48.411795
s1,daily_naive,2904,13,43.417488
s1,daily_naive,2904,14,42.561994
s1,daily_naive,2904,15,32.881443
s1,daily_naive,2904,16,37.206428
s1,daily_naive,2904,17,33.166141
s1,daily_naive,2904,18,34.254193
s1,daily_naive,2904,19,37.266385
s1,daily_naive,2904,20,39.439238
s1,daily_naive,2904,21,41.165872
s1,daily_naive,2904,22,47.089159
s1,daily_naive,2904,23,49.164752
s1,daily_naive,2928,0,61.798503
s1,daily_naive,2928,1,63.149626
s1,daily_naive,2928,2,62.733470
s1,daily_naive,2928,3,72.056856
s1,daily_naive,2928,4,72.470837
s1,daily_naive,2928,5,70.047595
s1,daily_naive,2928,6,65.675661
s1,daily_naive,2928,7,66.350160
s1,daily_naive,2928,8,64.391709
s1,daily_naive,2928,9,63.338365
s1,daily_naive,2928,10,53.596872
s1,daily_naive,2928,11,47.615468
s1,daily_naive,2928,12,52.720420
s1,daily_naive,2928,13,45.345291
s1,daily_naive,2928,14,38.007980
s1,daily_naive,2928,15,30.985282
s1,daily_naive,2928,16,33.984621
s1,daily_naive,2928,17,35.476754
s1,daily_naive,2928,18,34.748880
s1,daily_naive,2928,19,36.608319
s1,daily_naive,2928,20,36.559272
s1,daily_naive,2928,21,43.688703
s1,daily_naive,2928,22,41.700648
s1,daily_naive,2928,23,46.454606
s1,daily_naive,2952,0,50.395902
s1,daily_naive,2952,1,53.695196
s1,daily_naive,2952,2,65.701250
s1,daily_naive,2952,3,55.580480
s1,daily_naive,2952,4,63.414062
s1,daily_naive,2952,5,59.353406
s1,daily_naive,2952,6,57.400121
s1,daily_naive,2952,7,59.785659
s1,daily_naive,2952,8,50.907477
s1,daily_naive,2952,9,51.945048
s1,daily_naive,2952,10,55.537921
s1,daily_naive,2952,11,42.527271
s1,daily_naive,2952,12,39.708969
s1,daily_naive,2952,13,30.835346
s1,daily_naive,2952,14,31.594356
s1,daily_naive,2952,15,21.932858
s1,daily_naive,2952,16,25.789582
s1,daily_naive,2952,17,23.963133
s1,daily_naive,2952,18,32.242688
s1,daily_naive,2952,19,26.089323
s1,daily_naive,2952,20,27.700437
s1,daily_naive,2952,21,30.384045
s1,daily_naive,2952,22,32.108697
s1,daily_naive,2952,23,43.015504
s1,daily_naive,2976,0,49.481414
s1,daily_naive,2976,1,47.046395
s1,daily_naive,2976,2,53.926434
s1,daily_naive,2976,3,52.603880
s1,daily_naive,2976,4,56.483335
s1,daily_naive,2976,5,56.829343
s1,daily_naive,2976,6,49.338051
s1,daily_naive,2976,7,49.466969
s1,daily_naive,2976,8,52.202508
s1,daily_naive,2976,9,38.558166
s1,daily_naive,2976,10,40.668367
s1,daily_naive,2976,11,34.768153
s1,daily_naive,2976,12,28.120765
s1,daily_naive,2976,13,27.189220
s1,daily_naive,2976,14,24.423822
s1,daily_naive,2976,15,22.438626
s1,daily_naive,2976,16,9.831355
s1,daily_naive,2976,17,24.050609
s1,daily_naive,2976,18,17.258361
s1,daily_naive,2976,19,24.219915
s1,daily_naive,2976,20,22.971584
s1,daily_naive,2976,21,24.950028
s1,daily_naive,2976,22,30.843500
s1,daily_naive,2976,23,46.353743
s1,daily_naive,3000,0,45.193025
s1,daily_naive,3000,1,42.638751
s1,daily_naive,3000,2,48.019688
s1,daily_naive,3000,3,53.656672
s1,daily_naive,3000,4,53.324773
s1,daily_naive,3000,5,52.014062
s1,daily_naive,3000,6,50.312947
s1,daily_naive,3000,7,45.381256
s1,daily_naive,3000,8,48.814012
s1,daily_naive,3000,9,46.380959
s1,daily_naive,3000,10,46.088989
s1,daily_naive,3000,11,32.100977
s1,daily_naive,3000,12,31.851550
s1,daily_naive,3000,13,25.488345
s1,daily_naive,3000,14,26.553160
s1,daily_naive,3000,15,19.385584
s1,daily_naive,3000,16,16.043925
s1,daily_naive,3000,17,12.160394
s1,daily_naive,3000,18,21.335436
s1,daily_naive,3000,19,21.450440
s1,daily_naive,3000,20,27.798075
s1,daily_naive,3000,21,25.867200
s1,daily_naive,3000,22,41.096000
s1,daily_naive,3000,23,34.387002
s1,daily_naive,3024,0,43.226264
s1,daily_naive,3024,1,47.181744
s1,daily_naive,3024,2,53.232545
s1,daily_naive,3024,3,51.683363
s1,daily_naive,3024,4,50.886556
s1,daily_naive,3024,5,51.297371
s1,daily_naive,3024,6,56.998070
s1,daily_naive,3024,7,52.928080
s1,daily_naive,3024,8,51.140477
s1,daily_naive,3024,9,43.743668
s1,daily_naive,3024,10,43.088344
s1,daily_naive,3024,11,39.158870
s1,daily_naive,3024,12,36.381870
s1,daily_naive,3024,13,25.422697
s1,daily_naive,3024,14,24.651796
s1,daily_naive,3024,15,30.958569
s1,daily_naive,3024,16,22.387616
s1,daily_naive,3024,17,23.346055
s1,daily_naive,3024,18,23.332117
s1,daily_naive,3024,19,21.740868
s1,daily_naive,3024,20,26.383195
s1,daily_naive,3024,21,35.360269
s1,daily_naive,3024,22,36.306155
s1,daily_naive,3024,23,50.412440
s1,daily_naive,3048,0,43.017747
s1,daily_naive,3048,1,45.896954
s1,daily_naive,3048,2,55.025431
s1,daily_naive,3048,3,55.128734
s1,daily_naive,3048,4,65.938792
s1,daily_naive,3048,5,60.444502
s1,daily_naive,3048,6,63.251927
s1,daily_naive,3048,7,55.015598
s1,daily_naive,3048,8,59.619298
s1,daily_naive,3048,9,56.160368
s1,daily_naive,3048,10,54.310469
s1,daily_naive,3048,11,46.611161
s1,daily_naive,3048,12,43.490786
s1,daily_naive,3048,13,38.483720
s1,daily_naive,3048,14,37.913356
s1,daily_naive,3048,15,30.978606
s1,daily_naive,3048,16,32.985187
s1,daily_naive,3048,17,28.991191
s1,daily_naive,3048,18,34.400635
s1,daily_naive,3048,19,33.136733
s1,daily_naive,3048,20,34.965078
s1,daily_naive,3048,21,38.768756
s1,daily_naive,3048,22,50.621246
s1,daily_naive,3048,23,44.874074
s2,seasonal_naive,2904,0,138.104332
s2,seasonal_naive,2904,1,145.768643
s2,seasonal_naive,2904,2,142.296632
s2,seasonal_naive,2904,3,155.548773
s2,seasonal_naive,2904,4,156.043355
s2,seasonal_naive,2904,5,144.842029
s2,seasonal_naive,2904,6,153.006816
s2,seasonal_naive,2904,7,130.044028
s2,seasonal_naive,2904,8,106.665186
s2,seasonal_naive,2904,9,115.575595
s2,seasonal_naive,2904,10,104.750600
s2,seasonal_naive,2904,11,89.344075
s2,seasonal_naive,2904,12,83.200651
s2,seasonal_naive,2904,13,74.944728
s2,seasonal_naive,2904,14,59.532683
s2,seasonal_naive,2904,15,78.935097
s2,seasonal_naive,2904,16,68.729480
s2,seasonal_naive,2904,17,90.255817
s2,seasonal_naive,2904,18,73.902266
s2,seasonal_naive,2904,19,82.898079
s2,seasonal_naive,2904,20,76.190525
s2,seasonal_naive,2904,21,103.718233
s2,seasonal_naive,2904,22,97.048344
s2,seasonal_naive,2904,23,118.100558
s2,seasonal_naive,2928,0,129.011976
s2,seasonal_naive,2928,1,134.391617
s2,seasonal_naive,2928,2,127.110166
s2,seasonal_naive,2928,3,129.699593
s2,seasonal_naive,2928,4,141.223315
s2,seasonal_naive,2928,5,141.749380
s2,seasonal_naive,2928,6,138.654973
s2,seasonal_naive,2928,7,120.479186
s2,seasonal_naive,2928,8,111.097181
s2,seasonal_naive,2928,9,115.382940
s2,seasonal_naive,2928,10,87.182383
s2,seasonal_naive,2928,11,87.108932
s2,seasonal_naive,2928,12,69.747921
s2,seasonal_naive,2928,13,53.529735
s2,seasonal_naive,2928,14,49.827768
s2,seasonal_naive,2928,15,57.839508
s2,seasonal_naive,2928,16,54.886351
s2,seasonal_naive,2928,17,58.226878
s2,seasonal_naive,2928,18,55.623194
s2,seasonal_naive,2928,19,60.291374
s2,seasonal_naive,2928,20,73.610093
s2,seasonal_naive,2928,21,78.666756
s2,seasonal_naive,2928,22,77.071965
s2,seasonal_naive,2928,23,94.653297
s2,seasonal_naive,2952,0,118.567184
s2,seasonal_naive,2952,1,106.802587
s2,seasonal_naive,2952,2,121.293416
s2,seasonal_naive,2952,3,118.994145
s2,seasonal_naive,2952,4,125.002035
s2,seasonal_naive,2952,5,110.476761
s2,seasonal_naive,2952,6,102.499899
s2,seasonal_naive,2952,7,108.353871
s2,seasonal_naive,2952,8,91.137328
s2,seasonal_naive,2952,9,86.382807
s2,seasonal_naive,2952,10,74.140390
s2,seasonal_naive,2952,11,73.717525
s2,seasonal_naive,2952,12,59.352059
s2,seasonal_naive,2952,13,50.846050
s2,seasonal_naive,2952,14,36.835058
s2,seasonal_naive,2952,15,29.003015
s2,seasonal_naive,2952,16,33.562874
s2,seasonal_naive,2952,17,47.677178
s2,seasonal_naive,2952,18,50.683120
s2,seasonal_naive,2952,19,56.051024
s2,seasonal_naive,2952,20,56.561345
s2,seasonal_naive,2952,21,60.886775
s2,seasonal_naive,2952,22,86.531646
s2,seasonal_naive,2952,23,88.629652
s2,seasonal_naive,2976,0,99.724265
s2,seasonal_naive,2976,1,95.807806
s2,seasonal_naive,2976,2,102.898918
s2,seasonal_naive,2976,3,115.715767
s2,seasonal_naive,2976,4,116.869486
s2,seasonal_naive,2976,5,101.918750
s2,seasonal_naive,2976,6,107.086458
s2,seasonal_naive,2976,7,89.783215
s2,seasonal_naive,2976,8,99.464248
s2,seasonal_naive,2976,9,86.181960
s2,seasonal_naive,2976,10,88.557812
s2,seasonal_naive,2976,11,73.508025
s2,seasonal_naive,2976,12,48.882715
s2,seasonal_naive,2976,13,48.196560
s2,seasonal_naive,2976,14,38.091319
s2,seasonal_naive,2976,15,39.875949
s2,seasonal_naive,2976,16,44.350042
s2,seasonal_naive,2976,17,40.751474
s2,seasonal_naive,2976,18,45.917263
s2,seasonal_naive,2976,19,42.315292
s2,seasonal_naive,2976,20,64.999701
s2,seasonal_naive,2976,21,70.164439
s2,seasonal_naive,2976,22,84.969064
s2,seasonal_naive,2976,23,97.942455
s2,seasonal_naive,3000,0,99.526825
s2,seasonal_naive,3000,1,112.133174
s2,seasonal_naive,3000,2,108.225756
s2,seasonal_naive,3000,3,123.215570
s2,seasonal_naive,3000,4,117.065248
s2,seasonal_naive,3000,5,111.360752
s2,seasonal_naive,3000,6,110.193185
s2,seasonal_naive,3000,7,95.461707
s2,seasonal_naive,3000,8,93.614451
s2,seasonal_naive,3000,9,86.613432
s2,seasonal_naive,3000,10,80.900003
s2,seasonal_naive,3000,11,71.181329
s2,seasonal_naive,3000,12,59.026956
s2,seasonal_naive,3000,13,55.837555
s2,seasonal_naive,3000,14,36.718882
s2,seasonal_naive,3000,15,50.852483
s2,seasonal_naive,3000,16,54.433573
s2,seasonal_naive,3000,17,58.799739
s2,seasonal_naive,3000,18,65.988658
s2,seasonal_naive,3000,19,63.638045
s2,seasonal_naive,3000,20,73.338335
s2,seasonal_naive,3000,21,80.316755
s2,seasonal_naive,3000,22,90.649026
s2,seasonal_naive,3000,23,105.308577
s2,seasonal_naive,3024,0,123.662520
s2,seasonal_naive,3024,1,109.137644
s2,seasonal_naive,3024,2,123.951908
s2,seasonal_naive,3024,3,133.361893
s2,seasonal_naive,3024,4,125.156841
s2,seasonal_naive,3024,5,134.270237
s2,seasonal_naive,3024,6,117.365109
s2,seasonal_naive,3024,7,119.128156
s2,seasonal_naive,3024,8,102.029959
s2,seasonal_naive,3024,9,107.696124
s2,seasonal_naive,3024,10,90.832670
s2,seasonal_naive,3024,11,92.550756
s2,seasonal_naive,3024,12,77.584003
s2,seasonal_naive,3024,13,66.061556
s2,seasonal_naive,3024,14,65.343528
s2,seasonal_naive,3024,15,66.936207
s2,seasonal_naive,3024,16,65.961253
s2,seasonal_naive,3024,17,66.711170
s2,seasonal_naive,3024,18,70.945556
s2,seasonal_naive,3024,19,80.601603
s2,seasonal_naive,3024,20,95.381093
s2,seasonal_naive,3024,21,94.652038
s2,seasonal_naive,3024,22,112.255870
s2,seasonal_naive,3024,23,109.206028
s2,seasonal_naive,3048,0,134.862005
s2,seasonal_naive,3048,1,138.375200
s2,seasonal_naive,3048,2,138.818624
s2,seasonal_naive,3048,3,142.378326
s2,seasonal_naive,3048,4,133.202716
s2,seasonal_naive,3048,5,144.708683
s2,seasonal_naive,3048,6,138.158448
s2,seasonal_naive,3048,7,123.510898
s2,seasonal_naive,3048,8,122.678669
s2,seasonal_naive,3048,9,121.199068
s2,seasonal_naive,3048,10,108.794645
s2,seasonal_naive,3048,11,100.212915
s2,seasonal_naive,3048,12,85.651535
s2,seasonal_naive,3048,13,88.895792
s2,seasonal_naive,3048,14,77.309375
s2,seasonal_naive,3048,15,80.811578
s2,seasonal_naive,3048,16,90.402295
s2,seasonal_naive,3048,17,61.430352
s2,seasonal_naive,3048,18,76.855801
s2,seasonal_naive,3048,19,87.066194
s2,seasonal_naive,3048,20,89.693001
s2,seasonal_naive,3048,21,111.850065
s2,seasonal_naive,3048,22,111.289440
s2,seasonal_naive,3048,23,135.531816
s2,seasonal_naive,3072,0,137.319484
s2,seasonal_naive,3072,1,141.925164
s2,seasonal_naive,3072,2,143.780841
s2,seasonal_naive,3072,3,152.948912
s2,seasonal_naive,3072,4,150.649631
s2,seasonal_naive,3072,5,155.593589
s2,seasonal_naive,3072,6,143.219186
s2,seasonal_naive,3072,7,140.949128
s2,seasonal_naive,3072,8,127.922709
s2,seasonal_naive,3072,9,117.823704
s2,seasonal_naive,3072,10,93.868711
s2,seasonal_naive,3072,11,95.505496
s2,seasonal_naive,3072,12,89.260394
s2,seasonal_naive,3072,13,70.160964
s2,seasonal_naive,3072,14,62.777626
s2,seasonal_naive,3072,15,67.233231
s2,seasonal_naive,3072,16,70.606525
s2,seasonal_naive,3072,17,57.424842
s2,seasonal_naive,3072,18,76.065869
s2,seasonal_naive,3072,19,86.736052
s2,seasonal_naive,3072,20,85.412043
s2,seasonal_naive,3072,21,97.641079
s2,seasonal_naive,3072,22,108.378466
s2,seasonal_naive,3072,23,108.979509
s2,seasonal_naive,3096,0,126.427550
s2,seasonal_naive,3096,1,131.764690
s2,seasonal_naive,3096,2,124.003541
s2,seasonal_naive,3096,3,139.276819
s2,seasonal_naive,3096,4,141.773643
s2,seasonal_naive,3096,5,124.753609
s2,seasonal_naive,3096,6,134.004644
s2,seasonal_naive,3096,7,118.518484
s2,seasonal_naive,3096,8,101.804382
s2,seasonal_naive,3096,9,94.136386
s2,seasonal_naive,3096,10,84.886085
s2,seasonal_naive,3096,11,85.180046
s2,seasonal_naive,3096,12,68.329874
s2,seasonal_naive,3096,13,61.069900
s2,seasonal_naive,3096,14,48.664421
s2,seasonal_naive,3096,15,54.417607
s2,seasonal_naive,3096,16,43.882495
s2,seasonal_naive,3096,17,49.410176
s2,seasonal_naive,3096,18,62.556009
s2,seasonal_naive,3096,19,68.738209
s2,seasonal_naive,3096,20,67.390512
s2,seasonal_naive,3096,21,79.474747
s2,seasonal_naive,3096,22,92.793271
s2,seasonal_naive,3096,23,97.648171
s2,seasonal_naive,3120,0,114.606197
s2,seasonal_naive,3120,1,122.204670
s2,seasonal_naive,3120,2,116.389886
s2,seasonal_naive,3120,3,110.392111
s2,seasonal_naive,3120,4,118.272811
s2,seasonal_naive,3120,5,126.764385
s2,seasonal_naive,3120,6,120.211998
s2,seasonal_naive,3120,7,113.628870
s2,seasonal_naive,3120,8,104.505598
s2,seasonal_naive,3120,9,82.783536
s2,seasonal_naive,3120,10,78.441430
s2,seasonal_naive,3120,11,74.462435
s2,seasonal_naive,3120,12,59.340121
s2,seasonal_naive,3120,13,56.231939
s2,seasonal_naive,3120,14,36.629846
s2,seasonal_naive,3120,15,31.680888
s2,seasonal_naive,3120,16,54.623654
s2,seasonal_naive,3120,17,47.119742
s2,seasonal_naive,3120,18,50.033201
s2,seasonal_naive,3120,19,62.528967
s2,seasonal_naive,3120,20,76.012504
s2,seasonal_naive,3120,21,89.820357
s2,seasonal_naive,3120,22,60.268005
s2,seasonal_naive,3120,23,90.191482
s2,daily_naive,2904,0,134.862005
s2,daily_naive,2904,1,138.375200
s2,daily_naive,2904,2,138.818624
s2,daily_naive,2904,3,142.378326
s2,daily_naive,2904,4,133.202716
s2,daily_naive,2904,5,144.708683
s2,daily_naive,2904,6,138.158448
s2,daily_naive,2904,7,123.510898
s2,daily_naive,2904,8,122.678669
s2,daily_naive,2904,9,121.199068
s2,daily_naive,2904,10,108.794645
s2,daily_naive,2904,11,100.212915
s2,daily_naive,2904,12,85.651535
s2,daily_naive,2904,13,88.895792
s2,daily_naive,2904,14,77.309375
s2,daily_naive,2904,15,80.811578
s2,daily_naive,2904,16,90.402295
s2,daily_naive,2904,17,61.430352
s2,daily_naive,2904,18,76.855801
s2,daily_naive,2904,19,87.066194
s2,daily_naive,2904,20,89.693001
s2,daily_naive,2904,21,111.850065
s2,daily_naive,2904,22,111.289440
s2,daily_naive,2904,23,135.531816
s2,daily_naive,2928,0,137.319484
s2,daily_naive,2928,1,141.925164
s2,daily_naive,2928,2,143.780841
s2,daily_naive,2928,3,152.948912
s2,daily_naive,2928,4,150.649631
s2,daily_naive,2928,5,155.593589
s2,daily_naive,2928,6,143.219186
s2,daily_naive,2928,7,140.949128
s2,daily_naive,2928,8,127.922709
s2,daily_naive,2928,9,117.823704
s2,daily_naive,2928,10,93.868711
s2,daily_naive,2928,11,95.505496
s2,daily_naive,2928,12,89.260394
s2,daily_naive,2928,13,70.160964
s2,daily_naive,2928,14,62.777626
s2,daily_naive,2928,15,67.233231
s2,daily_naive,2928,16,70.606525
s2,daily_naive,2928,17,57.424842
s2,daily_naive,2928,18,76.065869
s2,daily_naive,2928,19,86.736052
s2,daily_naive,2928,20,85.412043
s2,daily_naive,2928,21,97.641079
s2,daily_naive,2928,22,108.378466
s2,daily_naive,2928,23,108.979509
s2,daily_naive,2952,0,126.427550
s2,daily_naive,2952,1,131.764690
s2,daily_naive,2952,2,124.003541
s2,daily_naive,2952,3,139.276819
s2,daily_naive,2952,4,141.773643
s2,daily_naive,2952,5,124.753609
s2,daily_naive,2952,6,134.004644
s2,daily_naive,2952,7,118.518484
s2,daily_naive,2952,8,101.804382
s2,daily_naive,2952,9,94.136386
s2,daily_naive,2952,10,84.886085
s2,daily_naive,2952,11,85.180046
s2,daily_naive,2952,12,68.329874
s2,daily_naive,2952,13,61.069900
s2,daily_naive,2952,14,48.664421
s2,daily_naive,2952,15,54.417607
s2,daily_naive,2952,16,43.882495
s2,daily_naive,2952,17,49.410176
s2,daily_naive,2952,18,62.556009
s2,daily_naive,2952,19,68.738209
s2,daily_naive,2952,20,67.390512
s2,daily_naive,2952,21,79.474747
s2,daily_naive,2952,22,92.793271
s2,daily_naive,2952,23,97.648171
s2,daily_naive,2976,0,114.606197
s2,daily_naive,2976,1,122.204670
s2,daily_naive,2976,2,116.389886
s2,daily_naive,2976,3,110.392111
s2,daily_naive,2976,4,118.272811
s2,daily_naive,2976,5,126.764385
s2,daily_naive,2976,6,120.211998
s2,daily_naive,2976,7,113.628870
s2,daily_naive,2976,8,104.505598
s2,daily_naive,2976,9,82.783536
s2,daily_naive,2976,10,78.441430
s2,daily_naive,2976,11,74.462435
s2,daily_naive,2976,12,59.340121
s2,daily_naive,2976,13,56.231939
s2,daily_naive,2976,14,36.629846
s2,daily_naive,2976,15,31.680888
s2,daily_naive,2976,16,54.623654
s2,daily_naive,2976,17,47.119742
s2,daily_naive,2976,18,50.033201
s2,daily_naive,2976,19,62.528967
s2,daily_naive,2976,20,76.012504
s2,daily_naive,2976,21,89.820357
s2,daily_naive,2976,22,60.268005
s2,daily_naive,2976,23,90.191482
s2,daily_naive,3000,0,103.450553
s2,daily_naive,3000,1,88.722042
s2,daily_naive,3000,2,94.850413
s2,daily_naive,3000,3,109.685707
s2,daily_naive,3000,4,125.446566
s2,daily_naive,3000,5,116.401151
s2,daily_naive,3000,6,121.011216
s2,daily_naive,3000,7,100.712192
s2,daily_naive,3000,8,98.462951
s2,daily_naive,3000,9,92.651040
s2,daily_naive,3000,10,75.177959
s2,daily_naive,3000,11,62.257101
s2,daily_naive,3000,12,54.800480
s2,daily_naive,3000,13,19.442498
s2,daily_naive,3000,14,44.102181
s2,daily_naive,3000,15,25.074348
s2,daily_naive,3000,16,32.525671
s2,daily_naive,3000,17,46.100277
s2,daily_naive,3000,18,48.477017
s2,daily_naive,3000,19,37.439659
s2,daily_naive,3000,20,64.652543
s2,daily_naive,3000,21,75.890541
s2,daily_naive,3000,22,81.836046
s2,daily_naive,3000,23,95.351146
s2,daily_naive,3024,0,103.530243
s2,daily_naive,3024,1,94.288155
s2,daily_naive,3024,2,111.144077
s2,daily_naive,3024,3,113.980688
s2,daily_naive,3024,4,108.164184
s2,daily_naive,3024,5,115.357504
s2,daily_naive,3024,6,105.796730
s2,daily_naive,3024,7,105.316466
s2,daily_naive,3024,8,91.948895
s2,daily_naive,3024,9,97.529504
s2,daily_naive,3024,10,97.132325
s2,daily_naive,3024,11,67.514587
s2,daily_naive,3024,12,64.041554
s2,daily_naive,3024,13,57.547043
s2,daily_naive,3024,14,55.802661
s2,daily_naive,3024,15,48.841840
s2,daily_naive,3024,16,33.677164
s2,daily_naive,3024,17,55.531320
s2,daily_naive,3024,18,56.993615
s2,daily_naive,3024,19,57.109212
s2,daily_naive,3024,20,72.401229
s2,daily_naive,3024,21,80.009451
s2,daily_naive,3024,22,95.903855
s2,daily_naive,3024,23,101.946788
s2,daily_naive,3048,0,111.565717
s2,daily_naive,3048,1,122.351948
s2,daily_naive,3048,2,129.369533
s2,daily_naive,3048,3,131.365067
s2,daily_naive,3048,4,141.179944
s2,daily_naive,3048,5,132.957638
s2,daily_naive,3048,6,121.722717
s2,daily_naive,3048,7,134.507667
s2,daily_naive,3048,8,115.088909
s2,daily_naive,3048,9,117.293969
s2,daily_naive,3048,10,88.701481
s2,daily_naive,3048,11,91.963674
s2,daily_naive,3048,12,92.568249
s2,daily_naive,3048,13,82.623470
s2,daily_naive,3048,14,69.156517
s2,daily_naive,3048,15,61.692915
s2,daily_naive,3048,16,61.608448
s2,daily_naive,3048,17,67.285135
s2,daily_naive,3048,18,66.367119
s2,daily_naive,3048,19,75.043233
s2,daily_naive,3048,20,81.827582
s2,daily_naive,3048,21,91.502104
s2,daily_naive,3048,22,110.873288
s2,daily_naive,3048,23,105.901576
s2,daily_naive,3072,0,129.359713
s2,daily_naive,3072,1,140.901124
s2,daily_naive,3072,2,134.461383
s2,daily_naive,3072,3,138.092198
s2,daily_naive,3072,4,145.926204
s2,daily_naive,3072,5,143.782064
s2,daily_naive,3072,6,147.101589
s2,daily_naive,3072,7,119.025087
s2,daily_naive,3072,8,125.482190
s2,daily_naive,3072,9,127.469106
s2,daily_naive,3072,10,108.198719
s2,daily_naive,3072,11,111.444709
s2,daily_naive,3072,12,106.043585
s2,daily_naive,3072,13,78.658712
s2,daily_naive,3072,14,88.712871
s2,daily_naive,3072,15,78.500858
s2,daily_naive,3072,16,74.080051
s2,daily_naive,3072,17,74.131542
s2,daily_naive,3072,18,78.974316
s2,daily_naive,3072,19,80.294748
s2,daily_naive,3072,20,93.895862
s2,daily_naive,3072,21,111.295681
s2,daily_naive,3072,22,123.277573
s2,daily_naive,3072,23,120.433869
s2,daily_naive,3096,0,135.730106
s2,daily_naive,3096,1,142.392503
s2,daily_naive,3096,2,126.377843
s2,daily_naive,3096,3,152.049289
s2,daily_naive,3096,4,137.848023
s2,daily_naive,3096,5,136.229615
s2,daily_naive,3096,6,146.343929
s2,daily_naive,3096,7,145.788075
s2,daily_naive,3096,8,116.582256
s2,daily_naive,3096,9,108.686819
s2,daily_naive,3096,10,98.136996
s2,daily_naive,3096,11,91.375786
s2,daily_naive,3096,12,83.377489
s2,daily_naive,3096,13,72.386769
s2,daily_naive,3096,14,60.669472
s2,daily_naive,3096,15,82.473971
s2,daily_naive,3096,16,64.535355
s2,daily_naive,3096,17,64.058935
s2,daily_naive,3096,18,80.270763
s2,daily_naive,3096,19,76.765344
s2,daily_naive,3096,20,95.113430
s2,daily_naive,3096,21,101.514547
s2,daily_naive,3096,22,112.102412
s2,daily_naive,3096,23,110.665835
s2,daily_naive,3120,0,126.399900
s2,daily_naive,3120,1,116.708614
s2,daily_naive,3120,2,122.685787
s2,daily_naive,3120,3,135.782362
s2,daily_naive,3120,4,132.870718
s2,daily_naive,3120,5,142.499888
s2,daily_naive,3120,6,125.416624
s2,daily_naive,3120,7,107.132027
s2,daily_naive,3120,8,111.956649
s2,daily_naive,3120,9,99.406884
s2,daily_naive,3120,10,92.646396
s2,daily_naive,3120,11,72.384147
s2,daily_naive,3120,12,65.942247
s2,daily_naive,3120,13,64.273043
s2,daily_naive,3120,14,63.336062
s2,daily_naive,3120,15,57.183852
s2,daily_naive,3120,16,58.510970
s2,daily_naive,3120,17,43.414971
s2,daily_naive,3120,18,56.344288
s2,daily_naive,3120,19,65.367888
s2,daily_naive,3120,20,78.378693
s2,daily_naive,3120,21,81.733923
s2,daily_naive,3120,22,87.007964
s2,daily_naive,3120,23,96.760253
s3,seasonal_naive,2976,0,215.220278
s3,seasonal_naive,2976,1,214.182892
s3,seasonal_naive,2976,2,273.105562
s3,seasonal_naive,2976,3,216.159055
s3,seasonal_naive,2976,4,239.471616
s3,seasonal_naive,2976,5,215.647566
s3,seasonal_naive,2976,6,202.321709
s3,seasonal_naive,2976,7,192.099910
s3,seasonal_naive,2976,8,169.518056
s3,seasonal_naive,2976,9,139.640184
s3,seasonal_naive,2976,10,110.413594
s3,seasonal_naive,2976,11,102.108920
s3,seasonal_naive,2976,12,80.880440
s3,seasonal_naive,2976,13,72.767912
s3,seasonal_naive,2976,14,84.480385
s3,seasonal_naive,2976,15,80.096573
s3,seasonal_naive,2976,16,96.171345
s3,seasonal_naive,2976,17,94.979440
s3,seasonal_naive,2976,18,146.038919
s3,seasonal_naive,2976,19,120.503169
s3,seasonal_naive,2976,20,136.834338
s3,seasonal_naive,2976,21,192.141686
s3,seasonal_naive,2976,22,184.443003
s3,seasonal_naive,2976,23,217.360362
s3,seasonal_naive,3000,0,247.477719
s3,seasonal_naive,3000,1,241.254005
s3,seasonal_naive,3000,2,243.709108
s3,seasonal_naive,3000,3,267.088576
s3,seasonal_naive,3000,4,252.508358
s3,seasonal_naive,3000,5,229.104255
s3,seasonal_naive,3000,6,204.644080
s3,seasonal_naive,3000,7,201.534439
s3,seasonal_naive,3000,8,161.392220
s3,seasonal_naive,3000,9,154.812169
s3,seasonal_naive,3000,10,132.120803
s3,seasonal_naive,3000,11,138.280644
s3,seasonal_naive,3000,12,132.392659
s3,seasonal_naive,3000,13,99.491636
s3,seasonal_naive,3000,14,98.635453
s3,seasonal_naive,3000,15,88.696485
s3,seasonal_naive,3000,16,90.516369
s3,seasonal_naive,3000,17,117.873824
s3,seasonal_naive,3000,18,150.404786
s3,seasonal_naive,3000,19,168.202277
s3,seasonal_naive,3000,20,191.747567
s3,seasonal_naive,3000,21,199.773526
s3,seasonal_naive,3000,22,180.646916
s3,seasonal_naive,3000,23,261.234425
s3,seasonal_naive,3024,0,284.293481
s3,seasonal_naive,3024,1,289.725562
s3,seasonal_naive,3024,2,296.824380
s3,seasonal_naive,3024,3,301.897012
s3,seasonal_naive,3024,4,324.676102
s3,seasonal_naive,3024,5,276.824569
s3,seasonal_naive,3024,6,284.307912
s3,seasonal_naive,3024,7,255.476857
s3,seasonal_naive,3024,8,234.677105
s3,seasonal_naive,3024,9,201.773595
s3,seasonal_naive,3024,10,179.403012
s3,seasonal_naive,3024,11,149.552871
s3,seasonal_naive,3024,12,164.362580
s3,seasonal_naive,3024,13,140.024461
s3,seasonal_naive,3024,14,120.847131
s3,seasonal_naive,3024,15,129.114817
s3,seasonal_naive,3024,16,128.335673
s3,seasonal_naive,3024,17,186.026573
s3,seasonal_naive,3024,18,171.069309
s3,seasonal_naive,3024,19,195.996524
s3,seasonal_naive,3024,20,195.262796
s3,seasonal_naive,3024,21,220.189045
s3,seasonal_naive,3024,22,276.093571
s3,seasonal_naive,3024,23,274.007507
s3,seasonal_naive,3048,0,297.567746
s3,seasonal_naive,3048,1,336.045039
s3,seasonal_naive,3048,2,346.879081
s3,seasonal_naive,3048,3,324.755916
s3,seasonal_naive,3048,4,317.104529
s3,seasonal_naive,3048,5,303.516073
s3,seasonal_naive,3048,6,280.996709
s3,seasonal_naive,3048,7,302.108515
s3,seasonal_naive,3048,8,228.747489
s3,seasonal_naive,3048,9,227.096129
s3,seasonal_naive,3048,10,176.822540
s3,seasonal_naive,3048,11,169.921556
s3,seasonal_naive,3048,12,183.018582
s3,seasonal_naive,3048,13,173.481774
s3,seasonal_naive,3048,14,166.010184
s3,seasonal_naive,3048,15,154.875073
s3,seasonal_naive,3048,16,153.720912
s3,seasonal_naive,3048,17,166.749866
s3,seasonal_naive,3048,18,183.894609
s3,seasonal_naive,3048,19,226.341749
s3,seasonal_naive,3048,20,252.395319
s3,seasonal_naive,3048,21,256.246534
s3,seasonal_naive,3048,22,259.999280
s3,seasonal_naive,3048,23,271.380579
s3,seasonal_naive,3072,0,306.720039
s3,seasonal_naive,3072,1,308.233898
s3,seasonal_naive,3072,2,287.021621
s3,seasonal_naive,3072,3,340.020026
s3,seasonal_naive,3072,4,311.497100
s3,seasonal_naive,3072,5,295.612637
s3,seasonal_naive,3072,6,271.293474
s3,seasonal_naive,3072,7,252.642134
s3,seasonal_naive,3072,8,261.320003
s3,seasonal_naive,3072,9,209.025845
s3,seasonal_naive,3072,10,205.234649
s3,seasonal_naive,3072,11,195.074496
s3,seasonal_naive,3072,12,199.269997
s3,seasonal_naive,3072,13,166.966420
s3,seasonal_naive,3072,14,149.618492
s3,seasonal_naive,3072,15,141.492851
s3,seasonal_naive,3072,16,167.037384
s3,seasonal_naive,3072,17,178.540468
s3,seasonal_naive,3072,18,168.128314
s3,seasonal_naive,3072,19,201.706421
s3,seasonal_naive,3072,20,208.500315
s3,seasonal_naive,3072,21,203.445035
s3,seasonal_naive,3072,22,232.663462
s3,seasonal_naive,3072,23,279.809194
s3,seasonal_naive,3096,0,303.999247
s3,seasonal_naive,3096,1,300.683308
s3,seasonal_naive,3096,2,290.386701
s3,seasonal_naive,3096,3,280.775088
s3,seasonal_naive,3096,4,295.113795
s3,seasonal_naive,3096,5,280.109513
s3,seasonal_naive,3096,6,231.730131
s3,seasonal_naive,3096,7,250.083696
s3,seasonal_naive,3096,8,205.936323
s3,seasonal_naive,3096,9,206.503996
s3,seasonal_naive,3096,10,182.515976
s3,seasonal_naive,3096,11,165.910314
s3,seasonal_naive,3096,12,155.158495
s3,seasonal_naive,3096,13,136.827994
s3,seasonal_naive,3096,14,100.433655
s3,seasonal_naive,3096,15,99.120183
s3,seasonal_naive,3096,16,136.935580
s3,seasonal_naive,3096,17,136.257226
s3,seasonal_naive,3096,18,115.253214
s3,seasonal_naive,3096,19,124.472683
s3,seasonal_naive,3096,20,191.357056
s3,seasonal_naive,3096,21,232.950880
s3,seasonal_naive,3096,22,228.585649
s3,seasonal_naive,3096,23,227.756624
s3,seasonal_naive,3120,0,249.798905
s3,seasonal_naive,3120,1,209.458818
s3,seasonal_naive,3120,2,242.580288
s3,seasonal_naive,3120,3,275.097419
s3,seasonal_naive,3120,4,266.237177
s3,seasonal_naive,3120,5,205.175834
s3,seasonal_naive,3120,6,244.505702
s3,seasonal_naive,3120,7,214.670342
s3,seasonal_naive,3120,8,200.156852
s3,seasonal_naive,3120,9,159.256515
s3,seasonal_naive,3120,10,141.393478
s3,seasonal_naive,3120,11,104.149895
s3,seasonal_naive,3120,12,111.447969
s3,seasonal_naive,3120,13,109.372779
s3,seasonal_naive,3120,14,72.227790
s3,seasonal_naive,3120,15,92.802769
s3,seasonal_naive,3120,16,82.171458
s3,seasonal_naive,3120,17,117.777754
s3,seasonal_naive,3120,18,130.590966
s3,seasonal_naive,3120,19,92.317886
s3,seasonal_naive,3120,20,158.617684
s3,seasonal_naive,3120,21,188.330947
s3,seasonal_naive,3120,22,181.919620
s3,seasonal_naive,3120,23,205.481219
s3,seasonal_naive,3144,0,221.199160
s3,seasonal_naive,3144,1,215.095086
s3,seasonal_naive,3144,2,237.695015
s3,seasonal_naive,3144,3,265.646985
s3,seasonal_naive,3144,4,242.499241
s3,seasonal_naive,3144,5,249.669529
s3,seasonal_naive,3144,6,226.289849
s3,seasonal_naive,3144,7,211.872496
s3,seasonal_naive,3144,8,173.939772
s3,seasonal_naive,3144,9,164.062523
s3,seasonal_naive,3144,10,164.644234
s3,seasonal_naive,3144,11,137.593129
s3,seasonal_naive,3144,12,103.778630
s3,seasonal_naive,3144,13,76.413422
s3,seasonal_naive,3144,14,67.362396
s3,seasonal_naive,3144,15,86.829481
s3,seasonal_naive,3144,16,95.727603
s3,seasonal_naive,3144,17,68.610678
s3,seasonal_naive,3144,18,117.948035
s3,seasonal_naive,3144,19,138.662374
s3,seasonal_naive,3144,20,158.720210
s3,seasonal_naive,3144,21,166.209395
s3,seasonal_naive,3144,22,234.728747
s3,seasonal_naive,3144,23,230.048821
s3,seasonal_naive,3168,0,208.627549
s3,seasonal_naive,3168,1,231.233313
s3,seasonal_naive,3168,2,263.155244
s3,seasonal_naive,3168,3,259.717906
s3,seasonal_naive,3168,4,249.302692
s3,seasonal_naive,3168,5,237.612446
s3,seasonal_naive,3168,6,221.168920
s3,seasonal_naive,3168,7,200.520289
s3,seasonal_naive,3168,8,172.035364
s3,seasonal_naive,3168,9,178.977913
s3,seasonal_naive,3168,10,104.216085
s3,seasonal_naive,3168,11,121.264915
s3,seasonal_naive,3168,12,140.258421
s3,seasonal_naive,3168,13,97.221485
s3,seasonal_naive,3168,14,86.039297
s3,seasonal_naive,3168,15,138.341549
s3,seasonal_naive,3168,16,130.622731
s3,seasonal_naive,3168,17,122.425853
s3,seasonal_naive,3168,18,131.138488
s3,seasonal_naive,3168,19,156.347918
s3,seasonal_naive,3168,20,175.955504
s3,seasonal_naive,3168,21,200.052835
s3,seasonal_naive,3168,22,213.536894
s3,seasonal_naive,3168,23,254.510835
s3,seasonal_naive,3192,0,252.760080
s3,seasonal_naive,3192,1,244.125035
s3,seasonal_naive,3192,2,259.947260
s3,seasonal_naive,3192,3,283.210973
s3,seasonal_naive,3192,4,262.664347
s3,seasonal_naive,3192,5,229.812925
s3,seasonal_naive,3192,6,282.649791
s3,seasonal_naive,3192,7,249.506623
s3,seasonal_naive,3192,8,214.718299
s3,seasonal_naive,3192,9,194.436047
s3,seasonal_naive,3192,10,192.710956
s3,seasonal_naive,3192,11,190.075548
s3,seasonal_naive,3192,12,143.316873
s3,seasonal_naive,3192,13,151.037976
s3,seasonal_naive,3192,14,129.424665
s3,seasonal_naive,3192,15,146.101660
s3,seasonal_naive,3192,16,128.148232
s3,seasonal_naive,3192,17,128.039052
s3,seasonal_naive,3192,18,175.492634
s3,seasonal_naive,3192,19,192.043392
s3,seasonal_naive,3192,20,226.276178
s3,seasonal_naive,3192,21,225.179138
s3,seasonal_naive,3192,22,280.293432
s3,seasonal_naive,3192,23,278.377582
s3,daily_naive,2976,0,249.798905
s3,daily_naive,2976,1,209.458818
s3,daily_naive,2976,2,242.580288
s3,daily_naive,2976,3,275.097419
s3,daily_naive,2976,4,266.237177
s3,daily_naive,2976,5,205.175834
s3,daily_naive,2976,6,244.505702
s3,daily_naive,2976,7,214.670342
s3,daily_naive,2976,8,200.156852
s3,daily_naive,2976,9,159.256515
s3,daily_naive,2976,10,141.393478
s3,daily_naive,2976,11,104.149895
s3,daily_naive,2976,12,111.447969
s3,daily_naive,2976,13,109.372779
s3,daily_naive,2976,14,72.227790
s3,daily_naive,2976,15,92.802769
s3,daily_naive,2976,16,82.171458
s3,daily_naive,2976,17,117.777754
s3,daily_naive,2976,18,130.590966
s3,daily_naive,2976,19,92.317886
s3,daily_naive,2976,20,158.617684
s3,daily_naive,2976,21,188.330947
s3,daily_naive,2976,22,181.919620
s3,daily_naive,2976,23,205.481219
s3,daily_naive,3000,0,221.199160
s3,daily_naive,3000,1,215.095086
s3,daily_naive,3000,2,237.695015
s3,daily_naive,3000,3,265.646985
s3,daily_naive,3000,4,242.499241
s3,daily_naive,3000,5,249.669529
s3,daily_naive,3000,6,226.289849
s3,daily_naive,3000,7,211.872496
s3,daily_naive,3000,8,173.939772
s3,daily_naive,3000,9,164.062523
s3,daily_naive,3000,10,164.644234
s3,daily_naive,3000,11,137.593129
s3,daily_naive,3000,12,103.778630
s3,daily_naive,3000,13,76.413422
s3,daily_naive,3000,14,67.362396
s3,daily_naive,3000,15,86.829481
s3,daily_naive,3000,16,95.727603
s3,daily_naive,3000,17,68.610678
s3,daily_naive,3000,18,117.948035
s3,daily_naive,3000,19,138.662374
s3,daily_naive,3000,20,158.720210
s3,daily_naive,3000,21,166.209395
s3,daily_naive,3000,22,234.728747
s3,daily_naive,3000,23,230.048821
s3,daily_naive,3024,0,208.627549
s3,daily_naive,3024,1,231.233313
s3,daily_naive,3024,2,263.155244
s3,daily_naive,3024,3,259.717906
s3,daily_naive,3024,4,249.302692
s3,daily_naive,3024,5,237.612446
s3,daily_naive,3024,6,221.168920
s3,daily_naive,3024,7,200.520289
s3,daily_naive,3024,8,172.035364
s3,daily_naive,3024,9,178.977913
s3,daily_naive,3024,10,104.216085
s3,daily_naive,3024,11,121.264915
s3,daily_naive,3024,12,140.258421
s3,daily_naive,3024,13,97.221485
s3,daily_naive,3024,14,86.039297
s3,daily_naive,3024,15,138.341549
s3,daily_naive,3024,16,130.622731
s3,daily_naive,3024,17,122.425853
s3,daily_naive,3024,18,131.138488
s3,daily_naive,3024,19,156.347918
s3,daily_naive,3024,20,175.955504
s3,daily_naive,3024,21,200.052835
s3,daily_naive,3024,22,213.536894
s3,daily_naive,3024,23,254.510835
s3,daily_naive,3048,0,252.760080
s3,daily_naive,3048,1,244.125035
s3,daily_naive,3048,2,259.947260
s3,daily_naive,3048,3,283.210973
s3,daily_naive,3048,4,262.664347
s3,daily_naive,3048,5,229.812925
s3,daily_naive,3048,6,282.649791
s3,daily_naive,3048,7,249.506623
s3,daily_naive,3048,8,214.718299
s3,daily_naive,3048,9,194.436047
s3,daily_naive,3048,10,192.710956
s3,daily_naive,3048,11,190.075548
s3,daily_naive,3048,12,143.316873
s3,daily_naive,3048,13,151.037976
s3,daily_naive,3048,14,129.424665
s3,daily_naive,3048,15,146.101660
s3,daily_naive,3048,16,128.148232
s3,daily_naive,3048,17,128.039052
s3,daily_naive,3048,18,175.492634
s3,daily_naive,3048,19,192.043392
s3,daily_naive,3048,20,226.276178
s3,daily_naive,3048,21,225.179138
s3,daily_naive,3048,22,280.293432
s3,daily_naive,3048,23,278.377582
s3,daily_naive,3072,0,318.324540
s3,daily_naive,3072,1,298.753464
s3,daily_naive,3072,2,335.993885
s3,daily_naive,3072,3,311.091498
s3,daily_naive,3072,4,310.203177
s3,daily_naive,3072,5,314.422916
s3,daily_naive,3072,6,255.273710
s3,daily_naive,3072,7,249.633892
s3,daily_naive,3072,8,278.188910
s3,daily_naive,3072,9,202.455912
s3,daily_naive,3072,10,199.382310
s3,daily_naive,3072,11,198.817689
s3,daily_naive,3072,12,199.390503
s3,daily_naive,3072,13,156.352472
s3,daily_naive,3072,14,161.425902
s3,daily_naive,3072,15,140.409344
s3,daily_naive,3072,16,157.994600
s3,daily_naive,3072,17,191.587254
s3,daily_naive,3072,18,194.585312
s3,daily_naive,3072,19,206.548609
s3,daily_naive,3072,20,234.135148
s3,daily_naive,3072,21,250.131589
s3,daily_naive,3072,22,270.740701
s3,daily_naive,3072,23,280.107811
s3,daily_naive,3096,0,284.462492
s3,daily_naive,3096,1,322.250223
s3,daily_naive,3096,2,297.313410
s3,daily_naive,3096,3,333.156306
s3,daily_naive,3096,4,345.920286
s3,daily_naive,3096,5,325.087932
s3,daily_naive,3096,6,323.233947
s3,daily_naive,3096,7,249.074833
s3,daily_naive,3096,8,249.559277
s3,daily_naive,3096,9,210.202302
s3,daily_naive,3096,10,190.608527
s3,daily_naive,3096,11,155.350374
s3,daily_naive,3096,12,147.765519
s3,daily_naive,3096,13,170.354747
s3,daily_naive,3096,14,161.056011
s3,daily_naive,3096,15,168.065252
s3,daily_naive,3096,16,170.823026
s3,daily_naive,3096,17,174.210755
s3,daily_naive,3096,18,161.377754
s3,daily_naive,3096,19,189.534718
s3,daily_naive,3096,20,222.464602
s3,daily_naive,3096,21,250.633575
s3,daily_naive,3096,22,242.815759
s3,daily_naive,3096,23,257.824918
s3,daily_naive,3120,0,272.460569
s3,daily_naive,3120,1,315.418804
s3,daily_naive,3120,2,302.806205
s3,daily_naive,3120,3,287.208214
s3,daily_naive,3120,4,273.285116
s3,daily_naive,3120,5,281.599049
s3,daily_naive,3120,6,230.707070
s3,daily_naive,3120,7,235.325332
s3,daily_naive,3120,8,208.140367
s3,daily_naive,3120,9,185.551182
s3,daily_naive,3120,10,176.806548
s3,daily_naive,3120,11,160.583135
s3,daily_naive,3120,12,187.404822
s3,daily_naive,3120,13,126.759314
s3,daily_naive,3120,14,129.351119
s3,daily_naive,3120,15,102.779399
s3,daily_naive,3120,16,92.360052
s3,daily_naive,3120,17,147.187760
s3,daily_naive,3120,18,173.788963
s3,daily_naive,3120,19,141.477975
s3,daily_naive,3120,20,175.405069
s3,daily_naive,3120,21,214.407830
s3,daily_naive,3120,22,216.520614
s3,daily_naive,3120,23,192.380210
s3,daily_naive,3144,0,262.164469
s3,daily_naive,3144,1,252.579998
s3,daily_naive,3144,2,271.317287
s3,daily_naive,3144,3,242.540838
s3,daily_naive,3144,4,266.646743
s3,daily_naive,3144,5,257.855576
s3,daily_naive,3144,6,213.147651
s3,daily_naive,3144,7,214.091616
s3,daily_naive,3144,8,174.311830
s3,daily_naive,3144,9,154.521253
s3,daily_naive,3144,10,126.584205
s3,daily_naive,3144,11,115.143308
s3,daily_naive,3144,12,95.162318
s3,daily_naive,3144,13,113.959287
s3,daily_naive,3144,14,84.350674
s3,daily_naive,3144,15,68.377320
s3,daily_naive,3144,16,113.762148
s3,daily_naive,3144,17,109.584049
s3,daily_naive,3144,18,130.792547
s3,daily_naive,3144,19,130.758388
s3,daily_naive,3144,20,162.813485
s3,daily_naive,3144,21,170.104920
s3,daily_naive,3144,22,175.824605
s3,daily_naive,3144,23,211.131787
s3,daily_naive,3168,0,226.416966
s3,daily_naive,3168,1,236.721555
s3,daily_naive,3168,2,253.818171
s3,daily_naive,3168,3,211.657890
s3,daily_naive,3168,4,239.808771
s3,daily_naive,3168,5,211.616573
s3,daily_naive,3168,6,205.583790
s3,daily_naive,3168,7,199.664745
s3,daily_naive,3168,8,173.434670
s3,daily_naive,3168,9,140.617391
s3,daily_naive,3168,10,144.047930
s3,daily_naive,3168,11,112.719152
s3,daily_naive,3168,12,114.323402
s3,daily_naive,3168,13,108.884429
s3,daily_naive,3168,14,77.489933
s3,daily_naive,3168,15,65.487459
s3,daily_naive,3168,16,90.452996
s3,daily_naive,3168,17,113.224810
s3,daily_naive,3168,18,120.261762
s3,daily_naive,3168,19,114.473051
s3,daily_naive,3168,20,126.657335
s3,daily_naive,3168,21,160.695518
s3,daily_naive,3168,22,181.638525
s3,daily_naive,3168,23,226.532134
s3,daily_naive,3192,0,233.290872
s3,daily_naive,3192,1,258.289719
s3,daily_naive,3192,2,249.320984
s3,daily_naive,3192,3,279.511679
s3,daily_naive,3192,4,248.323914
s3,daily_naive,3192,5,248.184723
s3,daily_naive,3192,6,219.064243
s3,daily_naive,3192,7,216.376788
s3,daily_naive,3192,8,207.993181
s3,daily_naive,3192,9,183.279463
s3,daily_naive,3192,10,172.524942
s3,daily_naive,3192,11,124.813817
s3,daily_naive,3192,12,128.516778
s3,daily_naive,3192,13,139.609098
s3,daily_naive,3192,14,111.492804
s3,daily_naive,3192,15,105.762065
s3,daily_naive,3192,16,111.182319
s3,daily_naive,3192,17,117.955121
s3,daily_naive,3192,18,144.879347
s3,daily_naive,3192,19,184.593012
s3,daily_naive,3192,20,190.841377
s3,daily_naive,3192,21,205.408279
s3,daily_naive,3192,22,214.609412
s3,daily_naive,3192,23,228.757846
s4,seasonal_naive,3048,0,683.140793
s4,seasonal_naive,3048,1,683.761302
s4,seasonal_naive,3048,2,621.215989
s4,seasonal_naive,3048,3,694.233170
s4,seasonal_naive,3048,4,681.452411
s4,seasonal_naive,3048,5,625.213283
s4,seasonal_naive,3048,6,584.811249
s4,seasonal_naive,3048,7,503.094149
s4,seasonal_naive,3048,8,497.789102
s4,seasonal_naive,3048,9,475.830337
s4,seasonal_naive,3048,10,363.761394
s4,seasonal_naive,3048,11,362.386854
s4,seasonal_naive,3048,12,339.296083
s4,seasonal_naive,3048,13,389.800455
s4,seasonal_naive,3048,14,333.241992
s4,seasonal_naive,3048,15,299.533843
s4,seasonal_naive,3048,16,390.084082
s4,seasonal_naive,3048,17,462.877490
s4,seasonal_naive,3048,18,451.468385
s4,seasonal_naive,3048,19,485.655067
s4,seasonal_naive,3048,20,552.712068
s4,seasonal_naive,3048,21,646.084104
s4,seasonal_naive,3048,22,617.423196
s4,seasonal_naive,3048,23,647.850629
s4,seasonal_naive,3072,0,692.012020
s4,seasonal_naive,3072,1,661.127691
s4,seasonal_naive,3072,2,627.827544
s4,seasonal_naive,3072,3,677.271202
s4,seasonal_naive,3072,4,635.366294
s4,seasonal_naive,3072,5,626.269443
s4,seasonal_naive,3072,6,577.807149
s4,seasonal_naive,3072,7,546.059484
s4,seasonal_naive,3072,8,444.487382
s4,seasonal_naive,3072,9,447.652086
s4,seasonal_naive,3072,10,365.162162
s4,seasonal_naive,3072,11,375.337593
s4,seasonal_naive,3072,12,324.936337
s4,seasonal_naive,3072,13,384.311000
s4,seasonal_naive,3072,14,295.368830
s4,seasonal_naive,3072,15,258.545242
s4,seasonal_naive,3072,16,361.266854
s4,seasonal_naive,3072,17,371.224012
s4,seasonal_naive,3072,18,392.346804
s4,seasonal_naive,3072,19,472.204446
s4,seasonal_naive,3072,20,563.340396
s4,seasonal_naive,3072,21,542.008429
s4,seasonal_naive,3072,22,559.295786
s4,seasonal_naive,3072,23,659.765516
s4,seasonal_naive,3096,0,668.489162
s4,seasonal_naive,3096,1,638.231337
s4,seasonal_naive,3096,2,615.010202
s4,seasonal_naive,3096,3,642.257307
s4,seasonal_naive,3096,4,567.652716
s4,seasonal_naive,3096,5,534.220667
s4,seasonal_naive,3096,6,485.094963
s4,seasonal_naive,3096,7,484.249013
s4,seasonal_naive,3096,8,469.068608
s4,seasonal_naive,3096,9,373.330834
s4,seasonal_naive,3096,10,389.906964
s4,seasonal_naive,3096,11,228.205451
s4,seasonal_naive,3096,12,269.193128
s4,seasonal_naive,3096,13,197.952532
s4,seasonal_naive,3096,14,284.195193
s4,seasonal_naive,3096,15,306.816064
s4,seasonal_naive,3096,16,222.352209
s4,seasonal_naive,3096,17,286.178619
s4,seasonal_naive,3096,18,350.292098
s4,seasonal_naive,3096,19,337.996319
s4,seasonal_naive,3096,20,400.446133
s4,seasonal_naive,3096,21,435.852756
s4,seasonal_naive,3096,22,507.547140
s4,seasonal_naive,3096,23,507.236280
s4,seasonal_naive,3120,0,512.296063
s4,seasonal_naive,3120,1,531.592801
s4,seasonal_naive,3120,2,550.816097
s4,seasonal_naive,3120,3,541.576209
s4,seasonal_naive,3120,4,506.225422
s4,seasonal_naive,3120,5,518.542598
s4,seasonal_naive,3120,6,423.005674
s4,seasonal_naive,3120,7,392.626930
s4,seasonal_naive,3120,8,362.244076
s4,seasonal_naive,3120,9,284.669891
s4,seasonal_naive,3120,10,301.118761
s4,seasonal_naive,3120,11,248.646969
s4,seasonal_naive,3120,12,225.860976
s4,seasonal_naive,3120,13,156.793457
s4,seasonal_naive,3120,14,181.184241
s4,seasonal_naive,3120,15,215.890715
s4,seasonal_naive,3120,16,254.181169
s4,seasonal_naive,3120,17,228.507274
s4,seasonal_naive,3120,18,270.347410
s4,seasonal_naive,3120,19,285.608245
s4,seasonal_naive,3120,20,323.348057
s4,seasonal_naive,3120,21,453.059587
s4,seasonal_naive,3120,22,453.550531
s4,seasonal_naive,3120,23,502.791087
s4,seasonal_naive,3144,0,541.865187
s4,seasonal_naive,3144,1,514.674974
s4,seasonal_naive,3144,2,517.993047
s4,seasonal_naive,3144,3,466.371955
s4,seasonal_naive,3144,4,457.449214
s4,seasonal_naive,3144,5,459.584169
s4,seasonal_naive,3144,6,452.686958
s4,seasonal_naive,3144,7,396.646176
s4,seasonal_naive,3144,8,294.317087
s4,seasonal_naive,3144,9,248.946565
s4,seasonal_naive,3144,10,260.356881
s4,seasonal_naive,3144,11,222.559711
s4,seasonal_naive,3144,12,203.715906
s4,seasonal_naive,3144,13,184.444308
s4,seasonal_naive,3144,14,220.573919
s4,seasonal_naive,3144,15,200.764641
s4,seasonal_naive,3144,16,264.685039
s4,seasonal_naive,3144,17,268.183187
s4,seasonal_naive,3144,18,291.598141
s4,seasonal_naive,3144,19,298.697342
s4,seasonal_naive,3144,20,393.591924
s4,seasonal_naive,3144,21,457.803832
s4,seasonal_naive,3144,22,474.055998
s4,seasonal_naive,3144,23,468.527073
s4,seasonal_naive,3168,0,462.486816
s4,seasonal_naive,3168,1,528.002344
s4,seasonal_naive,3168,2,597.704855
s4,seasonal_naive,3168,3,490.751103
s4,seasonal_naive,3168,4,491.577630
s4,seasonal_naive,3168,5,482.780915
s4,seasonal_naive,3168,6,472.530103
s4,seasonal_naive,3168,7,366.290086
s4,seasonal_naive,3168,8,358.120950
s4,seasonal_naive,3168,9,326.052369
s4,seasonal_naive,3168,10,241.273745
s4,seasonal_naive,3168,11,265.782989
s4,seasonal_naive,3168,12,199.058326
s4,seasonal_naive,3168,13,231.290782
s4,seasonal_naive,3168,14,250.537223
s4,seasonal_naive,3168,15,248.156596
s4,seasonal_naive,3168,16,230.101992
s4,seasonal_naive,3168,17,330.410803
s4,seasonal_naive,3168,18,373.931529
s4,seasonal_naive,3168,19,401.797996
s4,seasonal_naive,3168,20,472.253914
s4,seasonal_naive,3168,21,475.965946
s4,seasonal_naive,3168,22,505.253543
s4,seasonal_naive,3168,23,561.226850
s4,seasonal_naive,3192,0,608.214996
s4,seasonal_naive,3192,1,635.843176
s4,seasonal_naive,3192,2,585.075377
s4,seasonal_naive,3192,3,605.970861
s4,seasonal_naive,3192,4,584.165783
s4,seasonal_naive,3192,5,532.948955
s4,seasonal_naive,3192,6,445.573407
s4,seasonal_naive,3192,7,415.208182
s4,seasonal_naive,3192,8,461.534473
s4,seasonal_naive,3192,9,339.325149
s4,seasonal_naive,3192,10,294.360244
s4,seasonal_naive,3192,11,277.720506
s4,seasonal_naive,3192,12,295.760574
s4,seasonal_naive,3192,13,342.109262
s4,seasonal_naive,3192,14,315.445691
s4,seasonal_naive,3192,15,302.344012
s4,seasonal_naive,3192,16,333.839579
s4,seasonal_naive,3192,17,394.014595
s4,seasonal_naive,3192,18,423.112798
s4,seasonal_naive,3192,19,409.022135
s4,seasonal_naive,3192,20,555.742898
s4,seasonal_naive,3192,21,591.290491
s4,seasonal_naive,3192,22,565.833727
s4,seasonal_naive,3192,23,626.825785
s4,seasonal_naive,3216,0,673.061875
s4,seasonal_naive,3216,1,680.607685
s4,seasonal_naive,3216,2,661.103532
s4,seasonal_naive,3216,3,663.913990
s4,seasonal_naive,3216,4,700.422613
s4,seasonal_naive,3216,5,599.010318
s4,seasonal_naive,3216,6,604.036565
s4,seasonal_naive,3216,7,537.474568
s4,seasonal_naive,3216,8,446.942385
s4,seasonal_naive,3216,9,464.875610
s4,seasonal_naive,3216,10,418.000087
s4,seasonal_naive,3216,11,414.966334
s4,seasonal_naive,3216,12,408.761426
s4,seasonal_naive,3216,13,380.709349
s4,seasonal_naive,3216,14,357.829665
s4,seasonal_naive,3216,15,378.126204
s4,seasonal_naive,3216,16,412.077302
s4,seasonal_naive,3216,17,389.895278
s4,seasonal_naive,3216,18,422.746906
s4,seasonal_naive,3216,19,525.713407
s4,seasonal_naive,3216,20,507.269216
s4,seasonal_naive,3216,21,578.170463
s4,seasonal_naive,3216,22,685.115673
s4,seasonal_naive,3216,23,686.484920
s4,seasonal_naive,3240,0,718.492494
s4,seasonal_naive,3240,1,685.645003
s4,seasonal_naive,3240,2,723.441586
s4,seasonal_naive,3240,3,643.389787
s4,seasonal_naive,3240,4,619.859070
s4,seasonal_naive,3240,5,607.145675
s4,seasonal_naive,3240,6,548.554549
s4,seasonal_naive,3240,7,569.921247
s4,seasonal_naive,3240,8,474.619198
s4,seasonal_naive,3240,9,396.089020
s4,seasonal_naive,3240,10,424.613169
s4,seasonal_naive,3240,11,385.728065
s4,seasonal_naive,3240,12,377.712476
s4,seasonal_naive,3240,13,285.717331
s4,seasonal_naive,3240,14,295.566756
s4,seasonal_naive,3240,15,258.977536
s4,seasonal_naive,3240,16,367.780843
s4,seasonal_naive,3240,17,382.522983
s4,seasonal_naive,3240,18,403.000216
s4,seasonal_naive,3240,19,508.007936
s4,seasonal_naive,3240,20,479.961224
s4,seasonal_naive,3240,21,528.841581
s4,seasonal_naive,3240,22,551.798595
s4,seasonal_naive,3240,23,575.136239
s4,seasonal_naive,3264,0,626.263414
s4,seasonal_naive,3264,1,629.155941
s4,seasonal_naive,3264,2,619.356037
s4,seasonal_naive,3264,3,578.250978
s4,seasonal_naive,3264,4,543.938131
s4,seasonal_naive,3264,5,532.824941
s4,seasonal_naive,3264,6,508.124033
s4,seasonal_naive,3264,7,434.127812
s4,seasonal_naive,3264,8,400.658958
s4,seasonal_naive,3264,9,356.703614
s4,seasonal_naive,3264,10,295.422053
s4,seasonal_naive,3264,11,242.171946
s4,seasonal_naive,3264,12,262.522214
s4,seasonal_naive,3264,13,306.899108
s4,seasonal_naive,3264,14,267.811066
s4,seasonal_naive,3264,15,257.310278
s4,seasonal_naive,3264,16,258.144697
s4,seasonal_naive,3264,17,289.654241
s4,seasonal_naive,3264,18,383.186997
s4,seasonal_naive,3264,19,350.084579
s4,seasonal_naive,3264,20,490.362927
s4,seasonal_naive,3264,21,473.000560
s4,seasonal_naive,3264,22,517.451244
s4,seasonal_naive,3264,23,523.840368
s4,daily_naive,3048,0,608.214996
s4,daily_naive,3048,1,635.843176
s4,daily_naive,3048,2,585.075377
s4,daily_naive,3048,3,605.970861
s4,daily_naive,3048,4,584.165783
s4,daily_naive,3048,5,532.948955
s4,daily_naive,3048,6,445.573407
s4,daily_naive,3048,7,415.208182
s4,daily_naive,3048,8,461.534473
s4,daily_naive,3048,9,339.325149
s4,daily_naive,3048,10,294.360244
s4,daily_naive,3048,11,277.720506
s4,daily_naive,3048,12,295.760574
s4,daily_naive,3048,13,342.109262
s4,daily_naive,3048,14,315.445691
s4,daily_naive,3048,15,302.344012
s4,daily_naive,3048,16,333.839579
s4,daily_naive,3048,17,394.014595
s4,daily_naive,3048,18,423.112798
s4,daily_naive,3048,19,409.022135
s4,daily_naive,3048,20,555.742898
s4,daily_naive,3048,21,591.290491
s4,daily_naive,3048,22,565.833727
s4,daily_naive,3048,23,626.825785
s4,daily_naive,3072,0,673.061875
s4,daily_naive,3072,1,680.607685
s4,daily_naive,3072,2,661.103532
s4,daily_naive,3072,3,663.913990
s4,daily_naive,3072,4,700.422613
s4,daily_naive,3072,5,599.010318
s4,daily_naive,3072,6,604.036565
s4,daily_naive,3072,7,537.474568
s4,daily_naive,3072,8,446.942385
s4,daily_naive,3072,9,464.875610
s4,daily_naive,3072,10,418.000087
s4,daily_naive,3072,11,414.966334
s4,daily_naive,3072,12,408.761426
s4,daily_naive,3072,13,380.709349
s4,daily_naive,3072,14,357.829665
s4,daily_naive,3072,15,378.126204
s4,daily_naive,3072,16,412.077302
s4,daily_naive,3072,17,389.895278
s4,daily_naive,3072,18,422.746906
s4,daily_naive,3072,19,525.713407
s4,daily_naive,3072,20,507.269216
s4,daily_naive,3072,21,578.170463
s4,daily_naive,3072,22,685.115673
s4,daily_naive,3072,23,686.484920
s4,daily_naive,3096,0,718.492494
s4,daily_naive,3096,1,685.645003
s4,daily_naive,3096,2,723.441586
s4,daily_naive,3096,3,643.389787
s4,daily_naive,3096,4,619.859070
s4,daily_naive,3096,5,607.145675
s4,daily_naive,3096,6,548.554549
s4,daily_naive,3096,7,569.921247
s4,daily_naive,3096,8,474.619198
s4,daily_naive,3096,9,396.089020
s4,daily_naive,3096,10,424.613169
s4,daily_naive,3096,11,385.728065
s4,daily_naive,3096,12,377.712476
s4,daily_naive,3096,13,285.717331
s4,daily_naive,3096,14,295.566756
s4,daily_naive,3096,15,258.977536
s4,daily_naive,3096,16,367.780843
s4,daily_naive,3096,17,382.522983
s4,daily_naive,3096,18,403.000216
s4,daily_naive,3096,19,508.007936
s4,daily_naive,3096,20,479.961224
s4,daily_naive,3096,21,528.841581
s4,daily_naive,3096,22,551.798595
s4,daily_naive,3096,23,575.136239
s4,daily_naive,3120,0,626.263414
s4,daily_naive,3120,1,629.155941
s4,daily_naive,3120,2,619.356037
s4,daily_naive,3120,3,578.250978
s4,daily_naive,3120,4,543.938131
s4,daily_naive,3120,5,532.824941
s4,daily_naive,3120,6,508.124033
s4,daily_naive,3120,7,434.127812
s4,daily_naive,3120,8,400.658958
s4,daily_naive,3120,9,356.703614
s4,daily_naive,3120,10,295.422053
s4,daily_naive,3120,11,242.171946
s4,daily_naive,3120,12,262.522214
s4,daily_naive,3120,13,306.899108
s4,daily_naive,3120,14,267.811066
s4,daily_naive,3120,15,257.310278
s4,daily_naive,3120,16,258.144697
s4,daily_naive,3120,17,289.654241
s4,daily_naive,3120,18,383.186997
s4,daily_naive,3120,19,350.084579
s4,daily_naive,3120,20,490.362927
s4,daily_naive,3120,21,473.000560
s4,daily_naive,3120,22,517.451244
s4,daily_naive,3120,23,523.840368
s4,daily_naive,3144,0,586.787338
s4,daily_naive,3144,1,593.989228
s4,daily_naive,3144,2,534.416667
s4,daily_naive,3144,3,605.191807
s4,daily_naive,3144,4,524.319045
s4,daily_naive,3144,5,432.906367
s4,daily_naive,3144,6,457.527130
s4,daily_naive,3144,7,405.754629
s4,daily_naive,3144,8,353.792884
s4,daily_naive,3144,9,331.175579
s4,daily_naive,3144,10,298.032948
s4,daily_naive,3144,11,188.379222
s4,daily_naive,3144,12,197.573333
s4,daily_naive,3144,13,186.975394
s4,daily_naive,3144,14,192.337070
s4,daily_naive,3144,15,141.591843
s4,daily_naive,3144,16,231.849113
s4,daily_naive,3144,17,256.404381
s4,daily_naive,3144,18,356.896629
s4,daily_naive,3144,19,306.107303
s4,daily_naive,3144,20,362.038756
s4,daily_naive,3144,21,435.597436
s4,daily_naive,3144,22,457.610760
s4,daily_naive,3144,23,517.653915
s4,daily_naive,3168,0,549.791891
s4,daily_naive,3168,1,489.284807
s4,daily_naive,3168,2,521.158972
s4,daily_naive,3168,3,526.388597
s4,daily_naive,3168,4,455.576145
s4,daily_naive,3168,5,523.308904
s4,daily_naive,3168,6,418.803428
s4,daily_naive,3168,7,370.564498
s4,daily_naive,3168,8,269.037141
s4,daily_naive,3168,9,254.353423
s4,daily_naive,3168,10,171.972325
s4,daily_naive,3168,11,231.092522
s4,daily_naive,3168,12,160.525648
s4,daily_naive,3168,13,179.678761
s4,daily_naive,3168,14,191.689657
s4,daily_naive,3168,15,199.103132
s4,daily_naive,3168,16,203.074651
s4,daily_naive,3168,17,275.567887
s4,daily_naive,3168,18,253.452432
s4,daily_naive,3168,19,272.980594
s4,daily_naive,3168,20,332.740330
s4,daily_naive,3168,21,452.574340
s4,daily_naive,3168,22,514.788180
s4,daily_naive,3168,23,477.403250
s4,daily_naive,3192,0,505.066235
s4,daily_naive,3192,1,549.682035
s4,daily_naive,3192,2,491.906822
s4,daily_naive,3192,3,509.586179
s4,daily_naive,3192,4,456.741147
s4,daily_naive,3192,5,476.891511
s4,daily_naive,3192,6,339.022818
s4,daily_naive,3192,7,345.133930
s4,daily_naive,3192,8,294.826533
s4,daily_naive,3192,9,310.724325
s4,daily_naive,3192,10,293.718370
s4,daily_naive,3192,11,247.771333
s4,daily_naive,3192,12,299.972996
s4,daily_naive,3192,13,223.778657
s4,daily_naive,3192,14,193.895081
s4,daily_naive,3192,15,226.335508
s4,daily_naive,3192,16,291.021749
s4,daily_naive,3192,17,319.587824
s4,daily_naive,3192,18,419.766714
s4,daily_naive,3192,19,400.529025
s4,daily_naive,3192,20,410.076171
s4,daily_naive,3192,21,451.144589
s4,daily_naive,3192,22,557.133858
s4,daily_naive,3192,23,469.646779
s4,daily_naive,3216,0,602.431412
s4,daily_naive,3216,1,631.708941
s4,daily_naive,3216,2,590.151476
s4,daily_naive,3216,3,604.208546
s4,daily_naive,3216,4,620.239334
s4,daily_naive,3216,5,597.129749
s4,daily_naive,3216,6,557.339092
s4,daily_naive,3216,7,503.316396
s4,daily_naive,3216,8,422.559186
s4,daily_naive,3216,9,347.542261
s4,daily_naive,3216,10,280.614673
s4,daily_naive,3216,11,384.935125
s4,daily_naive,3216,12,341.086416
s4,daily_naive,3216,13,254.408684
s4,daily_naive,3216,14,339.031904
s4,daily_naive,3216,15,302.430484
s4,daily_naive,3216,16,325.432212
s4,daily_naive,3216,17,337.004756
s4,daily_naive,3216,18,490.876664
s4,daily_naive,3216,19,419.641368
s4,daily_naive,3216,20,475.255845
s4,daily_naive,3216,21,583.256764
s4,daily_naive,3216,22,628.497771
s4,daily_naive,3216,23,651.334368
s4,daily_naive,3240,0,622.009292
s4,daily_naive,3240,1,662.969818
s4,daily_naive,3240,2,641.210167
s4,daily_naive,3240,3,643.042001
s4,daily_naive,3240,4,700.325020
s4,daily_naive,3240,5,617.095016
s4,daily_naive,3240,6,596.690387
s4,daily_naive,3240,7,496.366414
s4,daily_naive,3240,8,465.063980
s4,daily_naive,3240,9,456.962550
s4,daily_naive,3240,10,445.500022
s4,daily_naive,3240,11,368.648927
s4,daily_naive,3240,12,404.535543
s4,daily_naive,3240,13,425.515922
s4,daily_naive,3240,14,283.378173
s4,daily_naive,3240,15,358.132371
s4,daily_naive,3240,16,404.156457
s4,daily_naive,3240,17,406.721751
s4,daily_naive,3240,18,511.054710
s4,daily_naive,3240,19,501.489348
s4,daily_naive,3240,20,553.867847
s4,daily_naive,3240,21,530.269147
s4,daily_naive,3240,22,657.152799
s4,daily_naive,3240,23,642.382399
s4,daily_naive,3264,0,689.510709
s4,daily_naive,3264,1,675.277870
s4,daily_naive,3264,2,658.582687
s4,daily_naive,3264,3,662.851201
s4,daily_naive,3264,4,600.547005
s4,daily_naive,3264,5,601.866015
s4,daily_naive,3264,6,607.573532
s4,daily_naive,3264,7,556.903797
s4,daily_naive,3264,8,444.579498
s4,daily_naive,3264,9,461.554178
s4,daily_naive,3264,10,379.422330
s4,daily_naive,3264,11,337.488676
s4,daily_naive,3264,12,356.368314
s4,daily_naive,3264,13,347.894716
s4,daily_naive,3264,14,300.563477
s4,daily_naive,3264,15,364.607314
s4,daily_naive,3264,16,353.176059
s4,daily_naive,3264,17,457.590583
s4,daily_naive,3264,18,369.574881
s4,daily_naive,3264,19,453.736772
s4,daily_naive,3264,20,494.457004
s4,daily_naive,3264,21,515.576859
s4,daily_naive,3264,22,533.782977
s4,daily_naive,3264,23,651.046224
s5,seasonal_naive,3120,0,1232.092102
s5,seasonal_naive,3120,1,1156.791565
s5,seasonal_naive,3120,2,1116.830254
s5,seasonal_naive,3120,3,1107.099954
s5,seasonal_naive,3120,4,860.938507
s5,seasonal_naive,3120,5,926.770551
s5,seasonal_naive,3120,6,954.983497
s5,seasonal_naive,3120,7,632.482426
s5,seasonal_naive,3120,8,550.697634
s5,seasonal_naive,3120,9,469.666189
s5,seasonal_naive,3120,10,517.299794
s5,seasonal_naive,3120,11,380.657055
s5,seasonal_naive,3120,12,551.679563
s5,seasonal_naive,3120,13,399.327504
s5,seasonal_naive,3120,14,404.028502
s5,seasonal_naive,3120,15,408.841126
s5,seasonal_naive,3120,16,610.123786
s5,seasonal_naive,3120,17,722.515815
s5,seasonal_naive,3120,18,747.459284
s5,seasonal_naive,3120,19,925.511930
s5,seasonal_naive,3120,20,1010.236133
s5,seasonal_naive,3120,21,1023.243287
s5,seasonal_naive,3120,22,1063.539703
s5,seasonal_naive,3120,23,1059.652017
s5,seasonal_naive,3144,0,1134.786169
s5,seasonal_naive,3144,1,1085.371362
s5,seasonal_naive,3144,2,1189.240249
s5,seasonal_naive,3144,3,1081.339614
s5,seasonal_naive,3144,4,939.763649
s5,seasonal_naive,3144,5,836.296946
s5,seasonal_naive,3144,6,800.888414
s5,seasonal_naive,3144,7,751.462374
s5,seasonal_naive,3144,8,603.060370
s5,seasonal_naive,3144,9,577.777975
s5,seasonal_naive,3144,10,405.618482
s5,seasonal_naive,3144,11,413.421533
s5,seasonal_naive,3144,12,427.306902
s5,seasonal_naive,3144,13,401.275622
s5,seasonal_naive,3144,14,448.086509
s5,seasonal_naive,3144,15,550.602846
s5,seasonal_naive,3144,16,550.136177
s5,seasonal_naive,3144,17,713.937621
s5,seasonal_naive,3144,18,699.841474
s5,seasonal_naive,3144,19,874.742417
s5,seasonal_naive,3144,20,901.959393
s5,seasonal_naive,3144,21,990.170856
s5,seasonal_naive,3144,22,1131.249144
s5,seasonal_naive,3144,23,1228.951852
s5,seasonal_naive,3168,0,1149.204454
s5,seasonal_naive,3168,1,1164.266632
s5,seasonal_naive,3168,2,1229.718133
s5,seasonal_naive,3168,3,1023.723521
s5,seasonal_naive,3168,4,1083.453730
s5,seasonal_naive,3168,5,848.156611
s5,seasonal_naive,3168,6,705.128841
s5,seasonal_naive,3168,7,779.599553
s5,seasonal_naive,3168,8,646.210788
s5,seasonal_naive,3168,9,554.589147
s5,seasonal_naive,3168,10,356.133590
s5,seasonal_naive,3168,11,523.692058
s5,seasonal_naive,3168,12,449.111984
s5,seasonal_naive,3168,13,407.984525
s5,seasonal_naive,3168,14,523.662688
s5,seasonal_naive,3168,15,503.397608
s5,seasonal_naive,3168,16,613.609539
s5,seasonal_naive,3168,17,703.826464
s5,seasonal_naive,3168,18,937.731892
s5,seasonal_naive,3168,19,960.560007
s5,seasonal_naive,3168,20,1163.071899
s5,seasonal_naive,3168,21,1095.082753
s5,seasonal_naive,3168,22,1137.729104
s5,seasonal_naive,3168,23,1406.841090
s5,seasonal_naive,3192,0,1200.226332
s5,seasonal_naive,3192,1,1393.816762
s5,seasonal_naive,3192,2,1198.187002
s5,seasonal_naive,3192,3,1286.559929
s5,seasonal_naive,3192,4,1112.989742
s5,seasonal_naive,3192,5,1199.877267
s5,seasonal_naive,3192,6,1146.356751
s5,seasonal_naive,3192,7,987.357866
s5,seasonal_naive,3192,8,851.095914
s5,seasonal_naive,3192,9,723.589771
s5,seasonal_naive,3192,10,751.525378
s5,seasonal_naive,3192,11,812.231868
s5,seasonal_naive,3192,12,609.824418
s5,seasonal_naive,3192,13,571.230820
s5,seasonal_naive,3192,14,825.035178
s5,seasonal_naive,3192,15,735.377215
s5,seasonal_naive,3192,16,884.848783
s5,seasonal_naive,3192,17,937.155080
s5,seasonal_naive,3192,18,1043.690605
s5,seasonal_naive,3192,19,1105.241914
s5,seasonal_naive,3192,20,1212.846772
s5,seasonal_naive,3192,21,1184.916355
s5,seasonal_naive,3192,22,1336.079872
s5,seasonal_naive,3192,23,1361.923249
s5,seasonal_naive,3216,0,1536.523581
s5,seasonal_naive,3216,1,1425.280769
s5,seasonal_naive,3216,2,1429.783982
s5,seasonal_naive,3216,3,1247.938109
s5,seasonal_naive,3216,4,1308.933089
s5,seasonal_naive,3216,5,1333.231246
s5,seasonal_naive,3216,6,1140.687368
s5,seasonal_naive,3216,7,1099.610413
s5,seasonal_naive,3216,8,921.903933
s5,seasonal_naive,3216,9,821.132689
s5,seasonal_naive,3216,10,875.809264
s5,seasonal_naive,3216,11,729.672919
s5,seasonal_naive,3216,12,667.664723
s5,seasonal_naive,3216,13,745.046804
s5,seasonal_naive,3216,14,755.880219
s5,seasonal_naive,3216,15,916.830426
s5,seasonal_naive,3216,16,965.671776
s5,seasonal_naive,3216,17,892.125983
s5,seasonal_naive,3216,18,1131.987679
s5,seasonal_naive,3216,19,1091.539120
s5,seasonal_naive,3216,20,1295.601262
s5,seasonal_naive,3216,21,1404.841224
s5,seasonal_naive,3216,22,1387.518722
s5,seasonal_naive,3216,23,1429.072319
s5,seasonal_naive,3240,0,1542.806633
s5,seasonal_naive,3240,1,1456.240231
s5,seasonal_naive,3240,2,1362.456421
s5,seasonal_naive,3240,3,1511.685701
s5,seasonal_naive,3240,4,1380.716336
s5,seasonal_naive,3240,5,1261.477605
s5,seasonal_naive,3240,6,1154.213841
s5,seasonal_naive,3240,7,1104.395148
s5,seasonal_naive,3240,8,939.982290
s5,seasonal_naive,3240,9,907.830102
s5,seasonal_naive,3240,10,805.678117
s5,seasonal_naive,3240,11,684.084011
s5,seasonal_naive,3240,12,789.497668
s5,seasonal_naive,3240,13,725.239693
s5,seasonal_naive,3240,14,678.704645
s5,seasonal_naive,3240,15,754.522614
s5,seasonal_naive,3240,16,676.930135
s5,seasonal_naive,3240,17,812.805142
s5,seasonal_naive,3240,18,917.689756
s5,seasonal_naive,3240,19,1168.155612
s5,seasonal_naive,3240,20,1251.981379
s5,seasonal_naive,3240,21,1362.543419
s5,seasonal_naive,3240,22,1366.587861
s5,seasonal_naive,3240,23,1500.445185
s5,seasonal_naive,3264,0,1351.626729
s5,seasonal_naive,3264,1,1316.631585
s5,seasonal_naive,3264,2,1266.428276
s5,seasonal_naive,3264,3,1289.543458
s5,seasonal_naive,3264,4,1147.433038
s5,seasonal_naive,3264,5,1033.961202
s5,seasonal_naive,3264,6,960.104805
s5,seasonal_naive,3264,7,907.506630
s5,seasonal_naive,3264,8,701.366871
s5,seasonal_naive,3264,9,708.036732
s5,seasonal_naive,3264,10,635.915395
s5,seasonal_naive,3264,11,711.022176
s5,seasonal_naive,3264,12,571.481708
s5,seasonal_naive,3264,13,463.563819
s5,seasonal_naive,3264,14,601.613420
s5,seasonal_naive,3264,15,643.373209
s5,seasonal_naive,3264,16,601.154366
s5,seasonal_naive,3264,17,548.279900
s5,seasonal_naive,3264,18,918.297283
s5,seasonal_naive,3264,19,938.750270
s5,seasonal_naive,3264,20,984.109428
s5,seasonal_naive,3264,21,1099.131979
s5,seasonal_naive,3264,22,1264.802352
s5,seasonal_naive,3264,23,1336.222892
s5,seasonal_naive,3288,0,1185.146368
s5,seasonal_naive,3288,1,1320.916348
s5,seasonal_naive,3288,2,1167.232301
s5,seasonal_naive,3288,3,1111.979479
s5,seasonal_naive,3288,4,1026.124269
s5,seasonal_naive,3288,5,936.085630
s5,seasonal_naive,3288,6,829.400998
s5,seasonal_naive,3288,7,687.065883
s5,seasonal_naive,3288,8,642.114308
s5,seasonal_naive,3288,9,479.742843
s5,seasonal_naive,3288,10,527.443019
s5,seasonal_naive,3288,11,389.664989
s5,seasonal_naive,3288,12,450.184452
s5,seasonal_naive,3288,13,406.400152
s5,seasonal_naive,3288,14,309.193134
s5,seasonal_naive,3288,15,579.062923
s5,seasonal_naive,3288,16,582.323769
s5,seasonal_naive,3288,17,638.860902
s5,seasonal_naive,3288,18,710.618954
s5,seasonal_naive,3288,19,962.686639
s5,seasonal_naive,3288,20,900.559535
s5,seasonal_naive,3288,21,1068.311898
s5,seasonal_naive,3288,22,1074.227908
s5,seasonal_naive,3288,23,1001.850897
s5,seasonal_naive,3312,0,1171.807841
s5,seasonal_naive,3312,1,997.943582
s5,seasonal_naive,3312,2,1112.328680
s5,seasonal_naive,3312,3,1055.032044
s5,seasonal_naive,3312,4,968.760408
s5,seasonal_naive,3312,5,808.800808
s5,seasonal_naive,3312,6,872.729243
s5,seasonal_naive,3312,7,803.750955
s5,seasonal_naive,3312,8,512.727988
s5,seasonal_naive,3312,9,472.229845
s5,seasonal_naive,3312,10,558.075314
s5,seasonal_naive,3312,11,362.806218
s5,seasonal_naive,3312,12,448.295035
s5,seasonal_naive,3312,13,311.744482
s5,seasonal_naive,3312,14,369.956494
s5,seasonal_naive,3312,15,491.908271
s5,seasonal_naive,3312,16,581.120861
s5,seasonal_naive,3312,17,529.542292
s5,seasonal_naive,3312,18,656.802311
s5,seasonal_naive,3312,19,872.633511
s5,seasonal_naive,3312,20,1024.723232
s5,seasonal_naive,3312,21,1052.676236
s5,seasonal_naive,3312,22,1109.266909
s5,seasonal_naive,3312,23,1162.275813
s5,seasonal_naive,3336,0,1063.023802
s5,seasonal_naive,3336,1,1181.592571
s5,seasonal_naive,3336,2,1192.900553
s5,seasonal_naive,3336,3,1121.738462
s5,seasonal_naive,3336,4,923.318045
s5,seasonal_naive,3336,5,857.265842
s5,seasonal_naive,3336,6,922.008440
s5,seasonal_naive,3336,7,644.719679
s5,seasonal_naive,3336,8,581.952280
s5,seasonal_naive,3336,9,703.769928
s5,seasonal_naive,3336,10,460.869714
s5,seasonal_naive,3336,11,436.241774
s5,seasonal_naive,3336,12,524.796581
s5,seasonal_naive,3336,13,547.786497
s5,seasonal_naive,3336,14,514.148343
s5,seasonal_naive,3336,15,480.138557
s5,seasonal_naive,3336,16,627.191588
s5,seasonal_naive,3336,17,771.135447
s5,seasonal_naive,3336,18,792.432759
s5,seasonal_naive,3336,19,891.841511
s5,seasonal_naive,3336,20,1155.930733
s5,seasonal_naive,3336,21,1191.048045
s5,seasonal_naive,3336,22,1280.116935
s5,seasonal_naive,3336,23,1338.903715
s5,daily_naive,3120,0,1351.626729
s5,daily_naive,3120,1,1316.631585
s5,daily_naive,3120,2,1266.428276
s5,daily_naive,3120,3,1289.543458
s5,daily_naive,3120,4,1147.433038
s5,daily_naive,3120,5,1033.961202
s5,daily_naive,3120,6,960.104805
s5,daily_naive,3120,7,907.506630
s5,daily_naive,3120,8,701.366871
s5,daily_naive,3120,9,708.036732
s5,daily_naive,3120,10,635.915395
s5,daily_naive,3120,11,711.022176
s5,daily_naive,3120,12,571.481708
s5,daily_naive,3120,13,463.563819
s5,daily_naive,3120,14,601.613420
s5,daily_naive,3120,15,643.373209
s5,daily_naive,3120,16,601.154366
s5,daily_naive,3120,17,548.279900
s5,daily_naive,3120,18,918.297283
s5,daily_naive,3120,19,938.750270
s5,daily_naive,3120,20,984.109428
s5,daily_naive,3120,21,1099.131979
s5,daily_naive,3120,22,1264.802352
s5,daily_naive,3120,23,1336.222892
s5,daily_naive,3144,0,1185.146368
s5,daily_naive,3144,1,1320.916348
s5,daily_naive,3144,2,1167.232301
s5,daily_naive,3144,3,1111.979479
s5,daily_naive,3144,4,1026.124269
s5,daily_naive,3144,5,936.085630
s5,daily_naive,3144,6,829.400998
s5,daily_naive,3144,7,687.065883
s5,daily_naive,3144,8,642.114308
s5,daily_naive,3144,9,479.742843
s5,daily_naive,3144,10,527.443019
s5,daily_naive,3144,11,389.664989
s5,daily_naive,3144,12,450.184452
s5,daily_naive,3144,13,406.400152
s5,daily_naive,3144,14,309.193134
s5,daily_naive,3144,15,579.062923
s5,daily_naive,3144,16,582.323769
s5,daily_naive,3144,17,638.860902
s5,daily_naive,3144,18,710.618954
s5,daily_naive,3144,19,962.686639
s5,daily_naive,3144,20,900.559535
s5,daily_naive,3144,21,1068.311898
s5,daily_naive,3144,22,1074.227908
s5,daily_naive,3144,23,1001.850897
s5,daily_naive,3168,0,1171.807841
s5,daily_naive,3168,1,997.943582
s5,daily_naive,3168,2,1112.328680
s5,daily_naive,3168,3,1055.032044
s5,daily_naive,3168,4,968.760408
s5,daily_naive,3168,5,808.800808
s5,daily_naive,3168,6,872.729243
s5,daily_naive,3168,7,803.750955
s5,daily_naive,3168,8,512.727988
s5,daily_naive,3168,9,472.229845
s5,daily_naive,3168,10,558.075314
s5,daily_naive,3168,11,362.806218
s5,daily_naive,3168,12,448.295035
s5,daily_naive,3168,13,311.744482
s5,daily_naive,3168,14,369.956494
s5,daily_naive,3168,15,491.908271
s5,daily_naive,3168,16,581.120861
s5,daily_naive,3168,17,529.542292
s5,daily_naive,3168,18,656.802311
s5,daily_naive,3168,19,872.633511
s5,daily_naive,3168,20,1024.723232
s5,daily_naive,3168,21,1052.676236
s5,daily_naive,3168,22,1109.266909
s5,daily_naive,3168,23,1162.275813
s5,daily_naive,3192,0,1063.023802
s5,daily_naive,3192,1,1181.592571
s5,daily_naive,3192,2,1192.900553
s5,daily_naive,3192,3,1121.738462
s5,daily_naive,3192,4,923.318045
s5,daily_naive,3192,5,857.265842
s5,daily_naive,3192,6,922.008440
s5,daily_naive,3192,7,644.719679
s5,daily_naive,3192,8,581.952280
s5,daily_naive,3192,9,703.769928
s5,daily_naive,3192,10,460.869714
s5,daily_naive,3192,11,436.241774
s5,daily_naive,3192,12,524.796581
s5,daily_naive,3192,13,547.786497
s5,daily_naive,3192,14,514.148343
s5,daily_naive,3192,15,480.138557
s5,daily_naive,3192,16,627.191588
s5,daily_naive,3192,17,771.135447
s5,daily_naive,3192,18,792.432759
s5,daily_naive,3192,19,891.841511
s5,daily_naive,3192,20,1155.930733
s5,daily_naive,3192,21,1191.048045
s5,daily_naive,3192,22,1280.116935
s5,daily_naive,3192,23,1338.903715
s5,daily_naive,3216,0,1224.065781
s5,daily_naive,3216,1,1335.753325
s5,daily_naive,3216,2,1364.693831
s5,daily_naive,3216,3,1280.038597
s5,daily_naive,3216,4,1078.036112
s5,daily_naive,3216,5,968.611302
s5,daily_naive,3216,6,936.251908
s5,daily_naive,3216,7,946.478153
s5,daily_naive,3216,8,806.819984
s5,daily_naive,3216,9,766.959038
s5,daily_naive,3216,10,594.716400
s5,daily_naive,3216,11,713.358089
s5,daily_naive,3216,12,584.116872
s5,daily_naive,3216,13,734.334363
s5,daily_naive,3216,14,685.243778
s5,daily_naive,3216,15,525.056858
s5,daily_naive,3216,16,810.032590
s5,daily_naive,3216,17,852.092048
s5,daily_naive,3216,18,954.832139
s5,daily_naive,3216,19,1107.854937
s5,daily_naive,3216,20,1296.426547
s5,daily_naive,3216,21,1365.615368
s5,daily_naive,3216,22,1475.660735
s5,daily_naive,3216,23,1419.519969
s5,daily_naive,3240,0,1304.725519
s5,daily_naive,3240,1,1400.482479
s5,daily_naive,3240,2,1348.024532
s5,daily_naive,3240,3,1314.640092
s5,daily_naive,3240,4,1494.661022
s5,daily_naive,3240,5,1272.788664
s5,daily_naive,3240,6,1049.704239
s5,daily_naive,3240,7,1116.394187
s5,daily_naive,3240,8,916.520232
s5,daily_naive,3240,9,759.847297
s5,daily_naive,3240,10,884.884879
s5,daily_naive,3240,11,721.039161
s5,daily_naive,3240,12,748.225628
s5,daily_naive,3240,13,916.828330
s5,daily_naive,3240,14,702.332254
s5,daily_naive,3240,15,909.270497
s5,daily_naive,3240,16,882.037172
s5,daily_naive,3240,17,909.622932
s5,daily_naive,3240,18,1068.743598
s5,daily_naive,3240,19,1196.989626
s5,daily_naive,3240,20,1289.575577
s5,daily_naive,3240,21,1241.607554
s5,daily_naive,3240,22,1481.578336
s5,daily_naive,3240,23,1398.061748
s5,daily_naive,3264,0,1502.316572
s5,daily_naive,3264,1,1487.149805
s5,daily_naive,3264,2,1398.121970
s5,daily_naive,3264,3,1428.208109
s5,daily_naive,3264,4,1255.489865
s5,daily_naive,3264,5,1149.191762
s5,daily_naive,3264,6,1016.043988
s5,daily_naive,3264,7,883.245856
s5,daily_naive,3264,8,874.474958
s5,daily_naive,3264,9,678.922023
s5,daily_naive,3264,10,746.762911
s5,daily_naive,3264,11,686.051275
s5,daily_naive,3264,12,824.540503
s5,daily_naive,3264,13,617.502908
s5,daily_naive,3264,14,814.908510
s5,daily_naive,3264,15,805.703503
s5,daily_naive,3264,16,867.823819
s5,daily_naive,3264,17,880.419131
s5,daily_naive,3264,18,955.524903
s5,daily_naive,3264,19,1084.031572
s5,daily_naive,3264,20,1190.585325
s5,daily_naive,3264,21,1312.039066
s5,daily_naive,3264,22,1289.464060
s5,daily_naive,3264,23,1480.973332
s5,daily_naive,3288,0,1503.247455
s5,daily_naive,3288,1,1182.730689
s5,daily_naive,3288,2,1338.967644
s5,daily_naive,3288,3,1260.463304
s5,daily_naive,3288,4,1116.962295
s5,daily_naive,3288,5,896.789828
s5,daily_naive,3288,6,866.127323
s5,daily_naive,3288,7,877.382377
s5,daily_naive,3288,8,843.929453
s5,daily_naive,3288,9,738.242218
s5,daily_naive,3288,10,671.772497
s5,daily_naive,3288,11,566.946061
s5,daily_naive,3288,12,633.040172
s5,daily_naive,3288,13,591.670150
s5,daily_naive,3288,14,663.713920
s5,daily_naive,3288,15,616.592458
s5,daily_naive,3288,16,643.269238
s5,daily_naive,3288,17,658.183011
s5,daily_naive,3288,18,975.086132
s5,daily_naive,3288,19,907.087870
s5,daily_naive,3288,20,958.123035
s5,daily_naive,3288,21,951.219376
s5,daily_naive,3288,22,1209.925095
s5,daily_naive,3288,23,1102.359542
s5,daily_naive,3312,0,1223.013899
s5,daily_naive,3312,1,1226.895244
s5,daily_naive,3312,2,1275.189778
s5,daily_naive,3312,3,1056.488342
s5,daily_naive,3312,4,886.922104
s5,daily_naive,3312,5,1003.632535
s5,daily_naive,3312,6,857.848686
s5,daily_naive,3312,7,689.249017
s5,daily_naive,3312,8,636.827770
s5,daily_naive,3312,9,693.640614
s5,daily_naive,3312,10,488.635617
s5,daily_naive,3312,11,387.467855
s5,daily_naive,3312,12,406.737702
s5,daily_naive,3312,13,457.358211
s5,daily_naive,3312,14,468.102660
s5,daily_naive,3312,15,515.805680
s5,daily_naive,3312,16,583.942587
s5,daily_naive,3312,17,556.001134
s5,daily_naive,3312,18,779.674086
s5,daily_naive,3312,19,906.030165
s5,daily_naive,3312,20,967.152545
s5,daily_naive,3312,21,991.667322
s5,daily_naive,3312,22,1052.677471
s5,daily_naive,3312,23,1114.270514
s5,daily_naive,3336,0,1122.402125
s5,daily_naive,3336,1,987.980747
s5,daily_naive,3336,2,1069.408328
s5,daily_naive,3336,3,1118.376382
s5,daily_naive,3336,4,927.256744
s5,daily_naive,3336,5,825.221889
s5,daily_naive,3336,6,815.098425
s5,daily_naive,3336,7,679.681687
s5,daily_naive,3336,8,529.748371
s5,daily_naive,3336,9,514.586033
s5,daily_naive,3336,10,565.562874
s5,daily_naive,3336,11,532.806134
s5,daily_naive,3336,12,389.906819
s5,daily_naive,3336,13,373.872478
s5,daily_naive,3336,14,507.666455
s5,daily_naive,3336,15,509.005402
s5,daily_naive,3336,16,590.174876
s5,daily_naive,3336,17,634.122934
s5,daily_naive,3336,18,639.988295
s5,daily_naive,3336,19,729.090683
s5,daily_naive,3336,20,926.056803
s5,daily_naive,3336,21,935.301912
s5,daily_naive,3336,22,1144.529848
s5,daily_naive,3336,23,1201.535635
s6,seasonal_naive,3192,0,2839.349586
s6,seasonal_naive,3192,1,2566.460089
s6,seasonal_naive,3192,2,2605.498948
s6,seasonal_naive,3192,3,2481.179623
s6,seasonal_naive,3192,4,2308.828932
s6,seasonal_naive,3192,5,1970.319965
s6,seasonal_naive,3192,6,2035.656048
s6,seasonal_naive,3192,7,1484.140442
s6,seasonal_naive,3192,8,1365.716078
s6,seasonal_naive,3192,9,1479.289003
s6,seasonal_naive,3192,10,1096.999814
s6,seasonal_naive,3192,11,1706.033061
s6,seasonal_naive,3192,12,1185.087212
s6,seasonal_naive,3192,13,1400.584745
s6,seasonal_naive,3192,14,1827.224642
s6,seasonal_naive,3192,15,1581.396472
s6,seasonal_naive,3192,16,2239.839751
s6,seasonal_naive,3192,17,2427.881842
s6,seasonal_naive,3192,18,2614.833435
s6,seasonal_naive,3192,19,2643.378362
s6,seasonal_naive,3192,20,3055.839699
s6,seasonal_naive,3192,21,2950.864848
s6,seasonal_naive,3192,22,3211.624350
s6,seasonal_naive,3192,23,2959.097425
s6,seasonal_naive,3216,0,3250.159890
s6,seasonal_naive,3216,1,3158.671123
s6,seasonal_naive,3216,2,3024.324044
s6,seasonal_naive,3216,3,2912.569503
s6,seasonal_naive,3216,4,2423.845283
s6,seasonal_naive,3216,5,2544.542711
s6,seasonal_naive,3216,6,2157.198962
s6,seasonal_naive,3216,7,2012.028559
s6,seasonal_naive,3216,8,1917.463761
s6,seasonal_naive,3216,9,1609.593031
s6,seasonal_naive,3216,10,1760.636984
s6,seasonal_naive,3216,11,1561.040768
s6,seasonal_naive,3216,12,1732.678143
s6,seasonal_naive,3216,13,1698.158272
s6,seasonal_naive,3216,14,1683.466662
s6,seasonal_naive,3216,15,2129.064289
s6,seasonal_naive,3216,16,2167.950339
s6,seasonal_naive,3216,17,2461.607827
s6,seasonal_naive,3216,18,2511.220746
s6,seasonal_naive,3216,19,2531.516010
s6,seasonal_naive,3216,20,3083.887318
s6,seasonal_naive,3216,21,2749.597401
s6,seasonal_naive,3216,22,3046.116700
s6,seasonal_naive,3216,23,2900.696483
s6,seasonal_naive,3240,0,3223.119445
s6,seasonal_naive,3240,1,2760.683959
s6,seasonal_naive,3240,2,3077.466860
s6,seasonal_naive,3240,3,3192.850391
s6,seasonal_naive,3240,4,2454.125043
s6,seasonal_naive,3240,5,2562.354642
s6,seasonal_naive,3240,6,2487.514690
s6,seasonal_naive,3240,7,1776.680339
s6,seasonal_naive,3240,8,1809.962580
s6,seasonal_naive,3240,9,1558.922066
s6,seasonal_naive,3240,10,1572.709732
s6,seasonal_naive,3240,11,1474.813347
s6,seasonal_naive,3240,12,1847.005421
s6,seasonal_naive,3240,13,1640.117050
s6,seasonal_naive,3240,14,2114.866144
s6,seasonal_naive,3240,15,2232.386275
s6,seasonal_naive,3240,16,2255.541569
s6,seasonal_naive,3240,17,2191.098897
s6,seasonal_naive,3240,18,2373.990122
s6,seasonal_naive,3240,19,2519.953521
s6,seasonal_naive,3240,20,2908.674239
s6,seasonal_naive,3240,21,2925.330780
s6,seasonal_naive,3240,22,3010.677525
s6,seasonal_naive,3240,23,3040.706521
s6,seasonal_naive,3264,0,3288.659744
s6,seasonal_naive,3264,1,2865.995211
s6,seasonal_naive,3264,2,2703.444743
s6,seasonal_naive,3264,3,2636.420711
s6,seasonal_naive,3264,4,2431.438327
s6,seasonal_naive,3264,5,2357.832380
s6,seasonal_naive,3264,6,2152.432301
s6,seasonal_naive,3264,7,1586.054907
s6,seasonal_naive,3264,8,1615.567407
s6,seasonal_naive,3264,9,1322.557062
s6,seasonal_naive,3264,10,1372.295882
s6,seasonal_naive,3264,11,1183.185455
s6,seasonal_naive,3264,12,1102.934484
s6,seasonal_naive,3264,13,1260.249934
s6,seasonal_naive,3264,14,1471.776778
s6,seasonal_naive,3264,15,1379.947517
s6,seasonal_naive,3264,16,1790.560556
s6,seasonal_naive,3264,17,1910.049549
s6,seasonal_naive,3264,18,2059.726934
s6,seasonal_naive,3264,19,2360.613087
s6,seasonal_naive,3264,20,2561.121779
s6,seasonal_naive,3264,21,2529.801016
s6,seasonal_naive,3264,22,2131.857764
s6,seasonal_naive,3264,23,2517.389012
s6,seasonal_naive,3288,0,2797.246022
s6,seasonal_naive,3288,1,2317.619347
s6,seasonal_naive,3288,2,2443.258557
s6,seasonal_naive,3288,3,1932.351645
s6,seasonal_naive,3288,4,2357.654303
s6,seasonal_naive,3288,5,1655.524906
s6,seasonal_naive,3288,6,1684.029764
s6,seasonal_naive,3288,7,1281.551811
s6,seasonal_naive,3288,8,1216.456458
s6,seasonal_naive,3288,9,1239.652154
s6,seasonal_naive,3288,10,946.540001
s6,seasonal_naive,3288,11,743.648903
s6,seasonal_naive,3288,12,1154.542933
s6,seasonal_naive,3288,13,955.393570
s6,seasonal_naive,3288,14,1325.339438
s6,seasonal_naive,3288,15,1127.897072
s6,seasonal_naive,3288,16,1377.475440
s6,seasonal_naive,3288,17,1744.728173
s6,seasonal_naive,3288,18,1979.028796
s6,seasonal_naive,3288,19,2130.933563
s6,seasonal_naive,3288,20,2058.350079
s6,seasonal_naive,3288,21,2395.208840
s6,seasonal_naive,3288,22,2156.551070
s6,seasonal_naive,3288,23,2564.946230
s6,seasonal_naive,3312,0,2427.559984
s6,seasonal_naive,3312,1,2457.653596
s6,seasonal_naive,3312,2,2130.243324
s6,seasonal_naive,3312,3,2015.326030
s6,seasonal_naive,3312,4,1943.664696
s6,seasonal_naive,3312,5,1423.708628
s6,seasonal_naive,3312,6,1353.700541
s6,seasonal_naive,3312,7,1386.298377
s6,seasonal_naive,3312,8,1173.601517
s6,seasonal_naive,3312,9,883.389136
s6,seasonal_naive,3312,10,755.647520
s6,seasonal_naive,3312,11,640.274912
s6,seasonal_naive,3312,12,802.174965
s6,seasonal_naive,3312,13,1036.302587
s6,seasonal_naive,3312,14,1077.264966
s6,seasonal_naive,3312,15,1032.724252
s6,seasonal_naive,3312,16,1275.347359
s6,seasonal_naive,3312,17,1726.261082
s6,seasonal_naive,3312,18,1460.531132
s6,seasonal_naive,3312,19,2290.357533
s6,seasonal_naive,3312,20,1739.708716
s6,seasonal_naive,3312,21,2348.084108
s6,seasonal_naive,3312,22,2328.252520
s6,seasonal_naive,3312,23,2360.283189
s6,seasonal_naive,3336,0,2353.529563
s6,seasonal_naive,3336,1,2446.862474
s6,seasonal_naive,3336,2,2262.422897
s6,seasonal_naive,3336,3,2087.912320
s6,seasonal_naive,3336,4,2221.884952
s6,seasonal_naive,3336,5,1826.838530
s6,seasonal_naive,3336,6,1556.006407
s6,seasonal_naive,3336,7,1144.545595
s6,seasonal_naive,3336,8,1195.809712
s6,seasonal_naive,3336,9,1108.091516
s6,seasonal_naive,3336,10,1124.871345
s6,seasonal_naive,3336,11,1020.413838
s6,seasonal_naive,3336,12,1040.114309
s6,seasonal_naive,3336,13,1053.974648
s6,seasonal_naive,3336,14,1408.793506
s6,seasonal_naive,3336,15,1174.756405
s6,seasonal_naive,3336,16,1668.920680
s6,seasonal_naive,3336,17,2078.978965
s6,seasonal_naive,3336,18,1649.869538
s6,seasonal_naive,3336,19,2519.520641
s6,seasonal_naive,3336,20,2564.442410
s6,seasonal_naive,3336,21,2690.350607
s6,seasonal_naive,3336,22,2599.585692
s6,seasonal_naive,3336,23,2658.072591
s6,seasonal_naive,3360,0,2625.642921
s6,seasonal_naive,3360,1,3276.000290
s6,seasonal_naive,3360,2,2467.241732
s6,seasonal_naive,3360,3,2832.601543
s6,seasonal_naive,3360,4,2260.154393
s6,seasonal_naive,3360,5,1943.926285
s6,seasonal_naive,3360,6,2014.743549
s6,seasonal_naive,3360,7,1687.365993
s6,seasonal_naive,3360,8,1431.723203
s6,seasonal_naive,3360,9,1384.023120
s6,seasonal_naive,3360,10,1497.883281
s6,seasonal_naive,3360,11,1312.313056
s6,seasonal_naive,3360,12,1296.342102
s6,seasonal_naive,3360,13,1505.308935
s6,seasonal_naive,3360,14,1692.890734
s6,seasonal_naive,3360,15,1577.472686
s6,seasonal_naive,3360,16,2207.247813
s6,seasonal_naive,3360,17,2039.667441
s6,seasonal_naive,3360,18,2416.404642
s6,seasonal_naive,3360,19,2807.950407
s6,seasonal_naive,3360,20,2909.388587
s6,seasonal_naive,3360,21,2929.279346
s6,seasonal_naive,3360,22,3009.989276
s6,seasonal_naive,3360,23,3124.360626
s6,seasonal_naive,3384,0,3299.280247
s6,seasonal_naive,3384,1,3041.469452
s6,seasonal_naive,3384,2,3123.125651
s6,seasonal_naive,3384,3,2759.708541
s6,seasonal_naive,3384,4,2936.672868
s6,seasonal_naive,3384,5,2436.620021
s6,seasonal_naive,3384,6,2409.614909
s6,seasonal_naive,3384,7,1812.237491
s6,seasonal_naive,3384,8,1838.064712
s6,seasonal_naive,3384,9,1827.883062
s6,seasonal_naive,3384,10,1337.137674
s6,seasonal_naive,3384,11,1495.002253
s6,seasonal_naive,3384,12,1449.284900
s6,seasonal_naive,3384,13,1790.641873
s6,seasonal_naive,3384,14,1685.394231
s6,seasonal_naive,3384,15,2007.452195
s6,seasonal_naive,3384,16,2151.274396
s6,seasonal_naive,3384,17,2363.358603
s6,seasonal_naive,3384,18,2317.760513
s6,seasonal_naive,3384,19,2882.542477
s6,seasonal_naive,3384,20,2641.207967
s6,seasonal_naive,3384,21,3258.843539
s6,seasonal_naive,3384,22,3177.493406
s6,seasonal_naive,3384,23,3051.261182
s6,seasonal_naive,3408,0,3136.490240
s6,seasonal_naive,3408,1,2807.816362
s6,seasonal_naive,3408,2,2872.722600
s6,seasonal_naive,3408,3,2803.967190
s6,seasonal_naive,3408,4,2970.086287
s6,seasonal_naive,3408,5,2163.487495
s6,seasonal_naive,3408,6,2154.097075
s6,seasonal_naive,3408,7,1822.606763
s6,seasonal_naive,3408,8,1875.777574
s6,seasonal_naive,3408,9,1887.550485
s6,seasonal_naive,3408,10,1394.803951
s6,seasonal_naive,3408,11,1551.951298
s6,seasonal_naive,3408,12,1711.900338
s6,seasonal_naive,3408,13,1533.523786
s6,seasonal_naive,3408,14,1673.426580
s6,seasonal_naive,3408,15,1803.008185
s6,seasonal_naive,3408,16,2048.714240
s6,seasonal_naive,3408,17,2276.533742
s6,seasonal_naive,3408,18,2316.126341
s6,seasonal_naive,3408,19,2574.945474
s6,seasonal_naive,3408,20,2601.465549
s6,seasonal_naive,3408,21,2925.507422
s6,seasonal_naive,3408,22,2991.815257
s6,seasonal_naive,3408,23,3160.153319
s6,daily_naive,3192,0,2353.529563
s6,daily_naive,3192,1,2446.862474
s6,daily_naive,3192,2,2262.422897
s6,daily_naive,3192,3,2087.912320
s6,daily_naive,3192,4,2221.884952
s6,daily_naive,3192,5,1826.838530
s6,daily_naive,3192,6,1556.006407
s6,daily_naive,3192,7,1144.545595
s6,daily_naive,3192,8,1195.809712
s6,daily_naive,3192,9,1108.091516
s6,daily_naive,3192,10,1124.871345
s6,daily_naive,3192,11,1020.413838
s6,daily_naive,3192,12,1040.114309
s6,daily_naive,3192,13,1053.974648
s6,daily_naive,3192,14,1408.793506
s6,daily_naive,3192,15,1174.756405
s6,daily_naive,3192,16,1668.920680
s6,daily_naive,3192,17,2078.978965
s6,daily_naive,3192,18,1649.869538
s6,daily_naive,3192,19,2519.520641
s6,daily_naive,3192,20,2564.442410
s6,daily_naive,3192,21,2690.350607
s6,daily_naive,3192,22,2599.585692
s6,daily_naive,3192,23,2658.072591
s6,daily_naive,3216,0,2625.642921
s6,daily_naive,3216,1,3276.000290
s6,daily_naive,3216,2,2467.241732
s6,daily_naive,3216,3,2832.601543
s6,daily_naive,3216,4,2260.154393
s6,daily_naive,3216,5,1943.926285
s6,daily_naive,3216,6,2014.743549
s6,daily_naive,3216,7,1687.365993
s6,daily_naive,3216,8,1431.723203
s6,daily_naive,3216,9,1384.023120
s6,daily_naive,3216,10,1497.883281
s6,daily_naive,3216,11,1312.313056
s6,daily_naive,3216,12,1296.342102
s6,daily_naive,3216,13,1505.308935
s6,daily_naive,3216,14,1692.890734
s6,daily_naive,3216,15,1577.472686
s6,daily_naive,3216,16,2207.247813
s6,daily_naive,3216,17,2039.667441
s6,daily_naive,3216,18,2416.404642
s6,daily_naive,3216,19,2807.950407
s6,daily_naive,3216,20,2909.388587
s6,daily_naive,3216,21,2929.279346
s6,daily_naive,3216,22,3009.989276
s6,daily_naive,3216,23,3124.360626
s6,daily_naive,3240,0,3299.280247
s6,daily_naive,3240,1,3041.469452
s6,daily_naive,3240,2,3123.125651
s6,daily_naive,3240,3,2759.708541
s6,daily_naive,3240,4,2936.672868
s6,daily_naive,3240,5,2436.620021
s6,daily_naive,3240,6,2409.614909
s6,daily_naive,3240,7,1812.237491
s6,daily_naive,3240,8,1838.064712
s6,daily_naive,3240,9,1827.883062
s6,daily_naive,3240,10,1337.137674
s6,daily_naive,3240,11,1495.002253
s6,daily_naive,3240,12,1449.284900
s6,daily_naive,3240,13,1790.641873
s6,daily_naive,3240,14,1685.394231
s6,daily_naive,3240,15,2007.452195
s6,daily_naive,3240,16,2151.274396
s6,daily_naive,3240,17,2363.358603
s6,daily_naive,3240,18,2317.760513
s6,daily_naive,3240,19,2882.542477
s6,daily_naive,3240,20,2641.207967
s6,daily_naive,3240,21,3258.843539
s6,daily_naive,3240,22,3177.493406
s6,daily_naive,3240,23,3051.261182
s6,daily_naive,3264,0,3136.490240
s6,daily_naive,3264,1,2807.816362
s6,daily_naive,3264,2,2872.722600
s6,daily_naive,3264,3,2803.967190
s6,daily_naive,3264,4,2970.086287
s6,daily_naive,3264,5,2163.487495
s6,daily_naive,3264,6,2154.097075
s6,daily_naive,3264,7,1822.606763
s6,daily_naive,3264,8,1875.777574
s6,daily_naive,3264,9,1887.550485
s6,daily_naive,3264,10,1394.803951
s6,daily_naive,3264,11,1551.951298
s6,daily_naive,3264,12,1711.900338
s6,daily_naive,3264,13,1533.523786
s6,daily_naive,3264,14,1673.426580
s6,daily_naive,3264,15,1803.008185
s6,daily_naive,3264,16,2048.714240
s6,daily_naive,3264,17,2276.533742
s6,daily_naive,3264,18,2316.126341
s6,daily_naive,3264,19,2574.945474
s6,daily_naive,3264,20,2601.465549
s6,daily_naive,3264,21,2925.507422
s6,daily_naive,3264,22,2991.815257
s6,daily_naive,3264,23,3160.153319
s6,daily_naive,3288,0,2930.821242
s6,daily_naive,3288,1,2834.418459
s6,daily_naive,3288,2,2499.144053
s6,daily_naive,3288,3,2680.257316
s6,daily_naive,3288,4,2377.257290
s6,daily_naive,3288,5,2054.840284
s6,daily_naive,3288,6,1969.365441
s6,daily_naive,3288,7,1884.636734
s6,daily_naive,3288,8,1617.642845
s6,daily_naive,3288,9,1456.456963
s6,daily_naive,3288,10,1389.472730
s6,daily_naive,3288,11,1065.729614
s6,daily_naive,3288,12,1200.144466
s6,daily_naive,3288,13,1346.325003
s6,daily_naive,3288,14,1161.970123
s6,daily_naive,3288,15,1485.568578
s6,daily_naive,3288,16,1921.057255
s6,daily_naive,3288,17,1726.077606
s6,daily_naive,3288,18,2030.321902
s6,daily_naive,3288,19,2261.380641
s6,daily_naive,3288,20,2584.479542
s6,daily_naive,3288,21,2358.724095
s6,daily_naive,3288,22,2737.401578
s6,daily_naive,3288,23,2877.522908
s6,daily_naive,3312,0,2638.640779
s6,daily_naive,3312,1,2358.513518
s6,daily_naive,3312,2,2647.601605
s6,daily_naive,3312,3,2312.821001
s6,daily_naive,3312,4,2101.932238
s6,daily_naive,3312,5,2027.009756
s6,daily_naive,3312,6,1665.009235
s6,daily_naive,3312,7,1329.654093
s6,daily_naive,3312,8,935.736740
s6,daily_naive,3312,9,1320.373062
s6,daily_naive,3312,10,946.847989
s6,daily_naive,3312,11,871.416319
s6,daily_naive,3312,12,1010.347219
s6,daily_naive,3312,13,1133.382138
s6,daily_naive,3312,14,932.725574
s6,daily_naive,3312,15,1241.089596
s6,daily_naive,3312,16,1322.336635
s6,daily_naive,3312,17,1452.098883
s6,daily_naive,3312,18,1731.225868
s6,daily_naive,3312,19,1925.930442
s6,daily_naive,3312,20,2146.732934
s6,daily_naive,3312,21,2079.105393
s6,daily_naive,3312,22,2247.183317
s6,daily_naive,3312,23,2544.728736
s6,daily_naive,3336,0,2158.546818
s6,daily_naive,3336,1,2284.388023
s6,daily_naive,3336,2,1972.841746
s6,daily_naive,3336,3,1923.752731
s6,daily_naive,3336,4,1842.917814
s6,daily_naive,3336,5,1736.601531
s6,daily_naive,3336,6,1550.863982
s6,daily_naive,3336,7,1065.768702
s6,daily_naive,3336,8,1255.724572
s6,daily_naive,3336,9,710.845130
s6,daily_naive,3336,10,1025.222125
s6,daily_naive,3336,11,584.002226
s6,daily_naive,3336,12,678.134873
s6,daily_naive,3336,13,999.795596
s6,daily_naive,3336,14,990.510139
s6,daily_naive,3336,15,1334.801142
s6,daily_naive,3336,16,1436.775709
s6,daily_naive,3336,17,1633.541233
s6,daily_naive,3336,18,1995.658577
s6,daily_naive,3336,19,1972.310990
s6,daily_naive,3336,20,2136.938582
s6,daily_naive,3336,21,2401.031028
s6,daily_naive,3336,22,2458.166261
s6,daily_naive,3336,23,2538.889671
s6,daily_naive,3360,0,2561.577206
s6,daily_naive,3360,1,2567.875890
s6,daily_naive,3360,2,2189.004304
s6,daily_naive,3360,3,1876.741418
s6,daily_naive,3360,4,1980.041720
s6,daily_naive,3360,5,1878.403451
s6,daily_naive,3360,6,1618.954397
s6,daily_naive,3360,7,1200.176516
s6,daily_naive,3360,8,959.205655
s6,daily_naive,3360,9,842.658308
s6,daily_naive,3360,10,1090.076380
s6,daily_naive,3360,11,907.595599
s6,daily_naive,3360,12,1218.788465
s6,daily_naive,3360,13,1452.693739
s6,daily_naive,3360,14,1402.272712
s6,daily_naive,3360,15,1505.938663
s6,daily_naive,3360,16,1682.145664
s6,daily_naive,3360,17,1954.120704
s6,daily_naive,3360,18,2422.972172
s6,daily_naive,3360,19,2258.209357
s6,daily_naive,3360,20,2298.659759
s6,daily_naive,3360,21,2732.116567
s6,daily_naive,3360,22,2951.872566
s6,daily_naive,3360,23,2615.275383
s6,daily_naive,3384,0,2577.081133
s6,daily_naive,3384,1,2444.336562
s6,daily_naive,3384,2,2595.691188
s6,daily_naive,3384,3,2249.670787
s6,daily_naive,3384,4,2541.911831
s6,daily_naive,3384,5,1929.354904
s6,daily_naive,3384,6,2113.849700
s6,daily_naive,3384,7,1779.945690
s6,daily_naive,3384,8,1249.187787
s6,daily_naive,3384,9,1486.100265
s6,daily_naive,3384,10,1650.064971
s6,daily_naive,3384,11,1491.843627
s6,daily_naive,3384,12,1328.496478
s6,daily_naive,3384,13,1460.849659
s6,daily_naive,3384,14,1637.308557
s6,daily_naive,3384,15,1818.843534
s6,daily_naive,3384,16,1980.407238
s6,daily_naive,3384,17,2075.583599
s6,daily_naive,3384,18,2263.939885
s6,daily_naive,3384,19,2325.633205
s6,daily_naive,3384,20,2825.958099
s6,daily_naive,3384,21,2938.460102
s6,daily_naive,3384,22,2889.157882
s6,daily_naive,3384,23,3296.866918
s6,daily_naive,3408,0,2984.713076
s6,daily_naive,3408,1,3249.832748
s6,daily_naive,3408,2,2860.785664
s6,daily_naive,3408,3,2667.853512
s6,daily_naive,3408,4,2651.675120
s6,daily_naive,3408,5,2206.584238
s6,daily_naive,3408,6,2386.927807
s6,daily_naive,3408,7,2261.198639
s6,daily_naive,3408,8,1799.137052
s6,daily_naive,3408,9,1767.114558
s6,daily_naive,3408,10,1454.843036
s6,daily_naive,3408,11,1661.881677
s6,daily_naive,3408,12,1802.868657
s6,daily_naive,3408,13,1616.923644
s6,daily_naive,3408,14,1875.781512
s6,daily_naive,3408,15,2026.551947
s6,daily_naive,3408,16,2129.824463
s6,daily_naive,3408,17,2644.817712
s6,daily_naive,3408,18,2962.327025
s6,daily_naive,3408,19,2623.401256
s6,daily_naive,3408,20,3054.889367
s6,daily_naive,3408,21,2748.970827
s6,daily_naive,3408,22,3167.908332
s6,daily_naive,3408,23,3240.465339
s7,seasonal_naive,3264,0,6083.955269
s7,seasonal_naive,3264,1,6114.957527
s7,seasonal_naive,3264,2,4601.595726
s7,seasonal_naive,3264,3,5078.169231
s7,seasonal_naive,3264,4,4434.733709
s7,seasonal_naive,3264,5,4311.741738
s7,seasonal_naive,3264,6,3661.951967
s7,seasonal_naive,3264,7,2849.798246
s7,seasonal_naive,3264,8,3266.302973
s7,seasonal_naive,3264,9,2977.509206
s7,seasonal_naive,3264,10,2855.460839
s7,seasonal_naive,3264,11,3026.582018
s7,seasonal_naive,3264,12,3200.600808
s7,seasonal_naive,3264,13,3057.245609
s7,seasonal_naive,3264,14,2923.077130
s7,seasonal_naive,3264,15,3298.222714
s7,seasonal_naive,3264,16,4655.361048
s7,seasonal_naive,3264,17,4848.964700
s7,seasonal_naive,3264,18,5022.403512
s7,seasonal_naive,3264,19,5161.542478
s7,seasonal_naive,3264,20,5563.177925
s7,seasonal_naive,3264,21,5700.083709
s7,seasonal_naive,3264,22,5601.464767
s7,seasonal_naive,3264,23,5385.585190
s7,seasonal_naive,3288,0,6168.802961
s7,seasonal_naive,3288,1,5196.858603
s7,seasonal_naive,3288,2,4522.550119
s7,seasonal_naive,3288,3,3838.293838
s7,seasonal_naive,3288,4,3563.601073
s7,seasonal_naive,3288,5,3589.816179
s7,seasonal_naive,3288,6,3162.857899
s7,seasonal_naive,3288,7,2445.932583
s7,seasonal_naive,3288,8,2243.096632
s7,seasonal_naive,3288,9,1927.055333
s7,seasonal_naive,3288,10,1571.741995
s7,seasonal_naive,3288,11,2442.079951
s7,seasonal_naive,3288,12,2275.775820
s7,seasonal_naive,3288,13,3257.229013
s7,seasonal_naive,3288,14,2482.784958
s7,seasonal_naive,3288,15,3095.026636
s7,seasonal_naive,3288,16,3876.579836
s7,seasonal_naive,3288,17,3917.886406
s7,seasonal_naive,3288,18,3924.212586
s7,seasonal_naive,3288,19,4417.459546
s7,seasonal_naive,3288,20,5038.839033
s7,seasonal_naive,3288,21,5281.110777
s7,seasonal_naive,3288,22,5176.291019
s7,seasonal_naive,3288,23,5484.663520
s7,seasonal_naive,3312,0,5298.700301
s7,seasonal_naive,3312,1,4785.266642
s7,seasonal_naive,3312,2,4319.385014
s7,seasonal_naive,3312,3,3802.088641
s7,seasonal_naive,3312,4,3629.788566
s7,seasonal_naive,3312,5,3309.290904
s7,seasonal_naive,3312,6,2597.860194
s7,seasonal_naive,3312,7,2377.272833
s7,seasonal_naive,3312,8,1840.268526
s7,seasonal_naive,3312,9,1298.646141
s7,seasonal_naive,3312,10,1388.161603
s7,seasonal_naive,3312,11,2063.793240
s7,seasonal_naive,3312,12,2135.005619
s7,seasonal_naive,3312,13,2812.739251
s7,seasonal_naive,3312,14,2651.325053
s7,seasonal_naive,3312,15,3356.802267
s7,seasonal_naive,3312,16,3972.383531
s7,seasonal_naive,3312,17,4317.207511
s7,seasonal_naive,3312,18,4192.792371
s7,seasonal_naive,3312,19,4708.884221
s7,seasonal_naive,3312,20,5104.728035
s7,seasonal_naive,3312,21,4906.639627
s7,seasonal_naive,3312,22,5483.850849
s7,seasonal_naive,3312,23,5630.759526
s7,seasonal_naive,3336,0,4957.134718
s7,seasonal_naive,3336,1,5547.509753
s7,seasonal_naive,3336,2,4430.323416
s7,seasonal_naive,3336,3,4066.290560
s7,seasonal_naive,3336,4,3630.917032
s7,seasonal_naive,3336,5,3047.184540
s7,seasonal_naive,3336,6,3045.475486
s7,seasonal_naive,3336,7,2578.489775
s7,seasonal_naive,3336,8,2898.662794
s7,seasonal_naive,3336,9,2392.430173
s7,seasonal_naive,3336,10,2339.808465
s7,seasonal_naive,3336,11,2167.530394
s7,seasonal_naive,3336,12,1959.677622
s7,seasonal_naive,3336,13,2721.517878
s7,seasonal_naive,3336,14,2847.529966
s7,seasonal_naive,3336,15,3915.604094
s7,seasonal_naive,3336,16,4054.023375
s7,seasonal_naive,3336,17,5115.434428
s7,seasonal_naive,3336,18,5240.701508
s7,seasonal_naive,3336,19,5662.216831
s7,seasonal_naive,3336,20,5757.381192
s7,seasonal_naive,3336,21,5951.606061
s7,seasonal_naive,3336,22,6193.179014
s7,seasonal_naive,3336,23,6256.992256
s7,seasonal_naive,3360,0,5551.711588
s7,seasonal_naive,3360,1,5722.668311
s7,seasonal_naive,3360,2,6130.177932
s7,seasonal_naive,3360,3,4811.189315
s7,seasonal_naive,3360,4,4339.561597
s7,seasonal_naive,3360,5,3774.971078
s7,seasonal_naive,3360,6,3131.171817
s7,seasonal_naive,3360,7,3716.189383
s7,seasonal_naive,3360,8,3086.454230
s7,seasonal_naive,3360,9,3029.486348
s7,seasonal_naive,3360,10,3536.122043
s7,seasonal_naive,3360,11,3856.134498
s7,seasonal_naive,3360,12,2888.706224
s7,seasonal_naive,3360,13,3863.183341
s7,seasonal_naive,3360,14,4101.407487
s7,seasonal_naive,3360,15,4468.355146
s7,seasonal_naive,3360,16,4969.437399
s7,seasonal_naive,3360,17,5268.594870
s7,seasonal_naive,3360,18,6264.833467
s7,seasonal_naive,3360,19,6309.102210
s7,seasonal_naive,3360,20,6512.091778
s7,seasonal_naive,3360,21,7016.217383
s7,seasonal_naive,3360,22,6974.036141
s7,seasonal_naive,3360,23,6783.891744
s7,seasonal_naive,3384,0,6584.014674
s7,seasonal_naive,3384,1,6820.288902
s7,seasonal_naive,3384,2,6050.890276
s7,seasonal_naive,3384,3,5445.305320
s7,seasonal_naive,3384,4,4751.025085
s7,seasonal_naive,3384,5,4497.749582
s7,seasonal_naive,3384,6,3854.297730
s7,seasonal_naive,3384,7,3911.270656
s7,seasonal_naive,3384,8,3703.197464
s7,seasonal_naive,3384,9,2749.054383
s7,seasonal_naive,3384,10,3416.115378
s7,seasonal_naive,3384,11,3703.705572
s7,seasonal_naive,3384,12,3719.609336
s7,seasonal_naive,3384,13,3615.591713
s7,seasonal_naive,3384,14,4745.896090
s7,seasonal_naive,3384,15,4489.337776
s7,seasonal_naive,3384,16,4755.366692
s7,seasonal_naive,3384,17,5253.795012
s7,seasonal_naive,3384,18,6036.637036
s7,seasonal_naive,3384,19,6735.256197
s7,seasonal_naive,3384,20,7068.289422
s7,seasonal_naive,3384,21,6905.618816
s7,seasonal_naive,3384,22,6473.850567
s7,seasonal_naive,3384,23,6592.236736
s7,seasonal_naive,3408,0,6328.038236
s7,seasonal_naive,3408,1,6292.309368
s7,seasonal_naive,3408,2,5374.797350
s7,seasonal_naive,3408,3,5597.898289
s7,seasonal_naive,3408,4,5324.281830
s7,seasonal_naive,3408,5,4592.425601
s7,seasonal_naive,3408,6,4374.220890
s7,seasonal_naive,3408,7,3522.085944
s7,seasonal_naive,3408,8,3056.654346
s7,seasonal_naive,3408,9,3152.019894
s7,seasonal_naive,3408,10,3696.573569
s7,seasonal_naive,3408,11,3695.320526
s7,seasonal_naive,3408,12,3337.674363
s7,seasonal_naive,3408,13,4165.433742
s7,seasonal_naive,3408,14,3975.484727
s7,seasonal_naive,3408,15,5002.918749
s7,seasonal_naive,3408,16,5071.303092
s7,seasonal_naive,3408,17,5170.852090
s7,seasonal_naive,3408,18,5990.671868
s7,seasonal_naive,3408,19,5779.318402
s7,seasonal_naive,3408,20,5969.377130
s7,seasonal_naive,3408,21,5934.633779
s7,seasonal_naive,3408,22,6552.413616
s7,seasonal_naive,3408,23,6355.517724
s7,seasonal_naive,3432,0,6143.979938
s7,seasonal_naive,3432,1,5724.088262
s7,seasonal_naive,3432,2,5972.757623
s7,seasonal_naive,3432,3,4884.223113
s7,seasonal_naive,3432,4,4303.854254
s7,seasonal_naive,3432,5,4506.048618
s7,seasonal_naive,3432,6,4120.435827
s7,seasonal_naive,3432,7,3360.347011
s7,seasonal_naive,3432,8,2340.063089
s7,seasonal_naive,3432,9,2531.337939
s7,seasonal_naive,3432,10,2861.022712
s7,seasonal_naive,3432,11,2684.908720
s7,seasonal_naive,3432,12,3356.791510
s7,seasonal_naive,3432,13,2593.575807
s7,seasonal_naive,3432,14,3624.919028
s7,seasonal_naive,3432,15,3559.488083
s7,seasonal_naive,3432,16,4646.153919
s7,seasonal_naive,3432,17,4578.173149
s7,seasonal_naive,3432,18,5342.506471
s7,seasonal_naive,3432,19,5088.160422
s7,seasonal_naive,3432,20,5066.432191
s7,seasonal_naive,3432,21,5308.777254
s7,seasonal_naive,3432,22,5508.413755
s7,seasonal_naive,3432,23,5273.282709
s7,seasonal_naive,3456,0,5836.552759
s7,seasonal_naive,3456,1,5579.607031
s7,seasonal_naive,3456,2,4825.498482
s7,seasonal_naive,3456,3,3930.629996
s7,seasonal_naive,3456,4,3772.951083
s7,seasonal_naive,3456,5,3105.257312
s7,seasonal_naive,3456,6,3402.669142
s7,seasonal_naive,3456,7,2630.109882
s7,seasonal_naive,3456,8,2393.984912
s7,seasonal_naive,3456,9,1894.435245
s7,seasonal_naive,3456,10,1260.301981
s7,seasonal_naive,3456,11,1727.558898
s7,seasonal_naive,3456,12,1762.411093
s7,seasonal_naive,3456,13,2531.236074
s7,seasonal_naive,3456,14,2776.722433
s7,seasonal_naive,3456,15,2866.107116
s7,seasonal_naive,3456,16,3438.254371
s7,seasonal_naive,3456,17,4542.352397
s7,seasonal_naive,3456,18,4071.869601
s7,seasonal_naive,3456,19,4428.116385
s7,seasonal_naive,3456,20,4925.397756
s7,seasonal_naive,3456,21,4921.749603
s7,seasonal_naive,3456,22,5061.109071
s7,seasonal_naive,3456,23,5321.948058
s7,seasonal_naive,3480,0,5553.598744
s7,seasonal_naive,3480,1,4060.593043
s7,seasonal_naive,3480,2,4303.826115
s7,seasonal_naive,3480,3,3903.547296
s7,seasonal_naive,3480,4,3410.912741
s7,seasonal_naive,3480,5,2927.788136
s7,seasonal_naive,3480,6,2459.640189
s7,seasonal_naive,3480,7,2568.308999
s7,seasonal_naive,3480,8,1791.724994
s7,seasonal_naive,3480,9,1741.333744
s7,seasonal_naive,3480,10,1733.160945
s7,seasonal_naive,3480,11,1836.881138
s7,seasonal_naive,3480,12,1922.021035
s7,seasonal_naive,3480,13,2609.027021
s7,seasonal_naive,3480,14,2628.995724
s7,seasonal_naive,3480,15,3118.706950
s7,seasonal_naive,3480,16,3498.590566
s7,seasonal_naive,3480,17,3628.658944
s7,seasonal_naive,3480,18,4116.466683
s7,seasonal_naive,3480,19,4410.558343
s7,seasonal_naive,3480,20,5126.401938
s7,seasonal_naive,3480,21,5000.529993
s7,seasonal_naive,3480,22,4954.488526
s7,seasonal_naive,3480,23,5359.858288
s7,daily_naive,3264,0,6328.038236
s7,daily_naive,3264,1,6292.309368
s7,daily_naive,3264,2,5374.797350
s7,daily_naive,3264,3,5597.898289
s7,daily_naive,3264,4,5324.281830
s7,daily_naive,3264,5,4592.425601
s7,daily_naive,3264,6,4374.220890
s7,daily_naive,3264,7,3522.085944
s7,daily_naive,3264,8,3056.654346
s7,daily_naive,3264,9,3152.019894
s7,daily_naive,3264,10,3696.573569
s7,daily_naive,3264,11,3695.320526
s7,daily_naive,3264,12,3337.674363
s7,daily_naive,3264,13,4165.433742
s7,daily_naive,3264,14,3975.484727
s7,daily_naive,3264,15,5002.918749
s7,daily_naive,3264,16,5071.303092
s7,daily_naive,3264,17,5170.852090
s7,daily_naive,3264,18,5990.671868
s7,daily_naive,3264,19,5779.318402
s7,daily_naive,3264,20,5969.377130
s7,daily_naive,3264,21,5934.633779
s7,daily_naive,3264,22,6552.413616
s7,daily_naive,3264,23,6355.517724
s7,daily_naive,3288,0,6143.979938
s7,daily_naive,3288,1,5724.088262
s7,daily_naive,3288,2,5972.757623
s7,daily_naive,3288,3,4884.223113
s7,daily_naive,3288,4,4303.854254
s7,daily_naive,3288,5,4506.048618
s7,daily_naive,3288,6,4120.435827
s7,daily_naive,3288,7,3360.347011
s7,daily_naive,3288,8,2340.063089
s7,daily_naive,3288,9,2531.337939
s7,daily_naive,3288,10,2861.022712
s7,daily_naive,3288,11,2684.908720
s7,daily_naive,3288,12,3356.791510
s7,daily_naive,3288,13,2593.575807
s7,daily_naive,3288,14,3624.919028
s7,daily_naive,3288,15,3559.488083
s7,daily_naive,3288,16,4646.153919
s7,daily_naive,3288,17,4578.173149
s7,daily_naive,3288,18,5342.506471
s7,daily_naive,3288,19,5088.160422
s7,daily_naive,3288,20,5066.432191
s7,daily_naive,3288,21,5308.777254
s7,daily_naive,3288,22,5508.413755
s7,daily_naive,3288,23,5273.282709
s7,daily_naive,3312,0,5836.552759
s7,daily_naive,3312,1,5579.607031
s7,daily_naive,3312,2,4825.498482
s7,daily_naive,3312,3,3930.629996
s7,daily_naive,3312,4,3772.951083
s7,daily_naive,3312,5,3105.257312
s7,daily_naive,3312,6,3402.669142
s7,daily_naive,3312,7,2630.109882
s7,daily_naive,3312,8,2393.984912
s7,daily_naive,3312,9,1894.435245
s7,daily_naive,3312,10,1260.301981
s7,daily_naive,3312,11,1727.558898
s7,daily_naive,3312,12,1762.411093
s7,daily_naive,3312,13,2531.236074
s7,daily_naive,3312,14,2776.722433
s7,daily_naive,3312,15,2866.107116
s7,daily_naive,3312,16,3438.254371
s7,daily_naive,3312,17,4542.352397
s7,daily_naive,3312,18,4071.869601
s7,daily_naive,3312,19,4428.116385
s7,daily_naive,3312,20,4925.397756
s7,daily_naive,3312,21,4921.749603
s7,daily_naive,3312,22,5061.109071
s7,daily_naive,3312,23,5321.948058
s7,daily_naive,3336,0,5553.598744
s7,daily_naive,3336,1,4060.593043
s7,daily_naive,3336,2,4303.826115
s7,daily_naive,3336,3,3903.547296
s7,daily_naive,3336,4,3410.912741
s7,daily_naive,3336,5,2927.788136
s7,daily_naive,3336,6,2459.640189
s7,daily_naive,3336,7,2568.308999
s7,daily_naive,3336,8,1791.724994
s7,daily_naive,3336,9,1741.333744
s7,daily_naive,3336,10,1733.160945
s7,daily_naive,3336,11,1836.881138
s7,daily_naive,3336,12,1922.021035
s7,daily_naive,3336,13,2609.027021
s7,daily_naive,3336,14,2628.995724
s7,daily_naive,3336,15,3118.706950
s7,daily_naive,3336,16,3498.590566
s7,daily_naive,3336,17,3628.658944
s7,daily_naive,3336,18,4116.466683
s7,daily_naive,3336,19,4410.558343
s7,daily_naive,3336,20,5126.401938
s7,daily_naive,3336,21,5000.529993
s7,daily_naive,3336,22,4954.488526
s7,daily_naive,3336,23,5359.858288
s7,daily_naive,3360,0,5303.873445
s7,daily_naive,3360,1,4260.583735
s7,daily_naive,3360,2,5112.985098
s7,daily_naive,3360,3,4147.379727
s7,daily_naive,3360,4,3676.801836
s7,daily_naive,3360,5,3659.061657
s7,daily_naive,3360,6,2925.500785
s7,daily_naive,3360,7,2363.430712
s7,daily_naive,3360,8,3082.462790
s7,daily_naive,3360,9,1812.730149
s7,daily_naive,3360,10,2120.810915
s7,daily_naive,3360,11,2535.932729
s7,daily_naive,3360,12,2078.460132
s7,daily_naive,3360,13,2717.200537
s7,daily_naive,3360,14,3273.886335
s7,daily_naive,3360,15,4415.365401
s7,daily_naive,3360,16,3756.761614
s7,daily_naive,3360,17,4524.807539
s7,daily_naive,3360,18,5214.295660
s7,daily_naive,3360,19,5402.136715
s7,daily_naive,3360,20,5263.238523
s7,daily_naive,3360,21,6020.360668
s7,daily_naive,3360,22,6005.063111
s7,daily_naive,3360,23,6092.552836
s7,daily_naive,3384,0,6186.679122
s7,daily_naive,3384,1,5902.232927
s7,daily_naive,3384,2,5367.223719
s7,daily_naive,3384,3,4949.168347
s7,daily_naive,3384,4,4048.996162
s7,daily_naive,3384,5,3967.372474
s7,daily_naive,3384,6,3706.452698
s7,daily_naive,3384,7,3168.135091
s7,daily_naive,3384,8,3099.085527
s7,daily_naive,3384,9,2641.706194
s7,daily_naive,3384,10,3429.087015
s7,daily_naive,3384,11,3733.035258
s7,daily_naive,3384,12,3060.716206
s7,daily_naive,3384,13,3637.674354
s7,daily_naive,3384,14,3805.645066
s7,daily_naive,3384,15,4765.932106
s7,daily_naive,3384,16,4953.931731
s7,daily_naive,3384,17,5302.676771
s7,daily_naive,3384,18,5639.204199
s7,daily_naive,3384,19,6140.014926
s7,daily_naive,3384,20,6047.630017
s7,daily_naive,3384,21,6818.391428
s7,daily_naive,3384,22,6417.994149
s7,daily_naive,3384,23,6808.741380
s7,daily_naive,3408,0,6515.100361
s7,daily_naive,3408,1,6591.570406
s7,daily_naive,3408,2,5868.437092
s7,daily_naive,3408,3,5827.965399
s7,daily_naive,3408,4,4727.583395
s7,daily_naive,3408,5,4825.447275
s7,daily_naive,3408,6,4137.926233
s7,daily_naive,3408,7,3940.143560
s7,daily_naive,3408,8,3638.361985
s7,daily_naive,3408,9,3777.738472
s7,daily_naive,3408,10,2712.656664
s7,daily_naive,3408,11,3590.355508
s7,daily_naive,3408,12,3146.086268
s7,daily_naive,3408,13,4359.738461
s7,daily_naive,3408,14,3627.600223
s7,daily_naive,3408,15,4382.462552
s7,daily_naive,3408,16,4600.891685
s7,daily_naive,3408,17,6190.512030
s7,daily_naive,3408,18,5596.439524
s7,daily_naive,3408,19,6434.852033
s7,daily_naive,3408,20,6480.983538
s7,daily_naive,3408,21,6212.122709
s7,daily_naive,3408,22,6768.272240
s7,daily_naive,3408,23,7046.363546
s7,daily_naive,3432,0,6573.300300
s7,daily_naive,3432,1,6677.560611
s7,daily_naive,3432,2,5860.992448
s7,daily_naive,3432,3,5561.396437
s7,daily_naive,3432,4,4968.767995
s7,daily_naive,3432,5,4761.758996
s7,daily_naive,3432,6,4869.747478
s7,daily_naive,3432,7,3970.100726
s7,daily_naive,3432,8,3624.770388
s7,daily_naive,3432,9,3158.087340
s7,daily_naive,3432,10,3036.958389
s7,daily_naive,3432,11,3844.636520
s7,daily_naive,3432,12,3111.449547
s7,daily_naive,3432,13,3435.418568
s7,daily_naive,3432,14,4053.607677
s7,daily_naive,3432,15,4334.533371
s7,daily_naive,3432,16,5579.001784
s7,daily_naive,3432,17,4510.741956
s7,daily_naive,3432,18,5840.867948
s7,daily_naive,3432,19,6291.830197
s7,daily_naive,3432,20,5905.521872
s7,daily_naive,3432,21,6212.462228
s7,daily_naive,3432,22,6612.401784
s7,daily_naive,3432,23,6935.550883
s7,daily_naive,3456,0,5853.251864
s7,daily_naive,3456,1,5320.995211
s7,daily_naive,3456,2,5812.324593
s7,daily_naive,3456,3,5555.492985
s7,daily_naive,3456,4,4437.732842
s7,daily_naive,3456,5,3313.388359
s7,daily_naive,3456,6,4130.977288
s7,daily_naive,3456,7,3175.103831
s7,daily_naive,3456,8,3327.285760
s7,daily_naive,3456,9,2723.075430
s7,daily_naive,3456,10,2520.260191
s7,daily_naive,3456,11,2523.020638
s7,daily_naive,3456,12,3328.997386
s7,daily_naive,3456,13,3559.233355
s7,daily_naive,3456,14,2654.137446
s7,daily_naive,3456,15,3452.896402
s7,daily_naive,3456,16,4802.664951
s7,daily_naive,3456,17,4477.457122
s7,daily_naive,3456,18,4518.264846
s7,daily_naive,3456,19,5312.909265
s7,daily_naive,3456,20,5514.944822
s7,daily_naive,3456,21,5657.981145
s7,daily_naive,3456,22,5552.238803
s7,daily_naive,3456,23,5519.659257
s7,daily_naive,3480,0,5265.586514
s7,daily_naive,3480,1,5233.172619
s7,daily_naive,3480,2,4451.217559
s7,daily_naive,3480,3,4187.283763
s7,daily_naive,3480,4,3764.090964
s7,daily_naive,3480,5,3791.820949
s7,daily_naive,3480,6,3030.154172
s7,daily_naive,3480,7,2483.386401
s7,daily_naive,3480,8,2410.100576
s7,daily_naive,3480,9,2172.202685
s7,daily_naive,3480,10,2328.610812
s7,daily_naive,3480,11,2167.976214
s7,daily_naive,3480,12,2765.703019
s7,daily_naive,3480,13,2867.108044
s7,daily_naive,3480,14,2729.310501
s7,daily_naive,3480,15,2999.550269
s7,daily_naive,3480,16,3876.436966
s7,daily_naive,3480,17,4180.459861
s7,daily_naive,3480,18,4369.965490
s7,daily_naive,3480,19,4235.424668
s7,daily_naive,3480,20,4372.472760
s7,daily_naive,3480,21,5282.796828
s7,daily_naive,3480,22,5474.619070
s7,daily_naive,3480,23,5415.704498
s8,seasonal_naive,3336,0,10465.855545
s8,seasonal_naive,3336,1,10145.567999
s8,seasonal_naive,3336,2,10241.721211
s8,seasonal_naive,3336,3,8177.431279
s8,seasonal_naive,3336,4,6375.852707
s8,seasonal_naive,3336,5,7278.811446
s8,seasonal_naive,3336,6,5248.442123
s8,seasonal_naive,3336,7,5887.058726
s8,seasonal_naive,3336,8,4534.777445
s8,seasonal_naive,3336,9,3448.220773
s8,seasonal_naive,3336,10,4216.550828
s8,seasonal_naive,3336,11,4678.555125
s8,seasonal_naive,3336,12,6206.162545
s8,seasonal_naive,3336,13,7237.376594
s8,seasonal_naive,3336,14,7246.940159
s8,seasonal_naive,3336,15,8468.951240
s8,seasonal_naive,3336,16,8770.231808
s8,seasonal_naive,3336,17,10802.587869
s8,seasonal_naive,3336,18,11360.889543
s8,seasonal_naive,3336,19,10835.133067
s8,seasonal_naive,3336,20,13051.528551
s8,seasonal_naive,3336,21,13445.084807
s8,seasonal_naive,3336,22,12519.721755
s8,seasonal_naive,3336,23,13229.458086
s8,seasonal_naive,3360,0,13284.385812
s8,seasonal_naive,3360,1,12756.924391
s8,seasonal_naive,3360,2,10652.903356
s8,seasonal_naive,3360,3,9467.055967
s8,seasonal_naive,3360,4,9060.170270
s8,seasonal_naive,3360,5,8798.806771
s8,seasonal_naive,3360,6,7324.165804
s8,seasonal_naive,3360,7,7063.111862
s8,seasonal_naive,3360,8,5480.738390
s8,seasonal_naive,3360,9,6795.772240
s8,seasonal_naive,3360,10,6932.235357
s8,seasonal_naive,3360,11,6882.690242
s8,seasonal_naive,3360,12,7457.346831
s8,seasonal_naive,3360,13,8245.022954
s8,seasonal_naive,3360,14,9729.934853
s8,seasonal_naive,3360,15,10357.820992
s8,seasonal_naive,3360,16,11743.681282
s8,seasonal_naive,3360,17,12976.207182
s8,seasonal_naive,3360,18,12997.096831
s8,seasonal_naive,3360,19,14174.719888
s8,seasonal_naive,3360,20,13752.587620
s8,seasonal_naive,3360,21,13928.390140
s8,seasonal_naive,3360,22,13956.055139
s8,seasonal_naive,3360,23,13305.179097
s8,seasonal_naive,3384,0,13012.980372
s8,seasonal_naive,3384,1,12767.806601
s8,seasonal_naive,3384,2,11670.884472
s8,seasonal_naive,3384,3,10058.357253
s8,seasonal_naive,3384,4,10074.875763
s8,seasonal_naive,3384,5,9055.901168
s8,seasonal_naive,3384,6,8892.992038
s8,seasonal_naive,3384,7,7503.731338
s8,seasonal_naive,3384,8,7555.702519
s8,seasonal_naive,3384,9,6854.281229
s8,seasonal_naive,3384,10,6983.719763
s8,seasonal_naive,3384,11,8441.600785
s8,seasonal_naive,3384,12,8999.659230
s8,seasonal_naive,3384,13,9534.424543
s8,seasonal_naive,3384,14,9507.506146
s8,seasonal_naive,3384,15,12716.553358
s8,seasonal_naive,3384,16,12177.795840
s8,seasonal_naive,3384,17,13034.329162
s8,seasonal_naive,3384,18,14782.202501
s8,seasonal_naive,3384,19,13104.689210
s8,seasonal_naive,3384,20,15376.975943
s8,seasonal_naive,3384,21,14684.844848
s8,seasonal_naive,3384,22,14260.942463
s8,seasonal_naive,3384,23,15043.667162
s8,seasonal_naive,3408,0,12573.605619
s8,seasonal_naive,3408,1,12021.804275
s8,seasonal_naive,3408,2,12843.613406
s8,seasonal_naive,3408,3,8975.178900
s8,seasonal_naive,3408,4,9590.960040
s8,seasonal_naive,3408,5,8356.133704
s8,seasonal_naive,3408,6,8061.730829
s8,seasonal_naive,3408,7,7314.180122
s8,seasonal_naive,3408,8,6872.263798
s8,seasonal_naive,3408,9,7630.942581
s8,seasonal_naive,3408,10,7303.394725
s8,seasonal_naive,3408,11,7547.051513
s8,seasonal_naive,3408,12,7115.715925
s8,seasonal_naive,3408,13,9385.184391
s8,seasonal_naive,3408,14,10536.867378
s8,seasonal_naive,3408,15,10322.195214
s8,seasonal_naive,3408,16,12092.531406
s8,seasonal_naive,3408,17,12338.700030
s8,seasonal_naive,3408,18,13043.952783
s8,seasonal_naive,3408,19,14833.886333
s8,seasonal_naive,3408,20,14661.949493
s8,seasonal_naive,3408,21,14513.560474
s8,seasonal_naive,3408,22,13455.086032
s8,seasonal_naive,3408,23,13031.369128
s8,seasonal_naive,3432,0,11590.275216
s8,seasonal_naive,3432,1,11372.368998
s8,seasonal_naive,3432,2,10796.358081
s8,seasonal_naive,3432,3,9078.797113
s8,seasonal_naive,3432,4,9783.122474
s8,seasonal_naive,3432,5,8294.754335
s8,seasonal_naive,3432,6,7360.599717
s8,seasonal_naive,3432,7,5991.368844
s8,seasonal_naive,3432,8,7346.032945
s8,seasonal_naive,3432,9,5676.563477
s8,seasonal_naive,3432,10,5489.823401
s8,seasonal_naive,3432,11,6761.041668
s8,seasonal_naive,3432,12,7235.658220
s8,seasonal_naive,3432,13,7828.922491
s8,seasonal_naive,3432,14,8450.369827
s8,seasonal_naive,3432,15,9393.985232
s8,seasonal_naive,3432,16,9723.759865
s8,seasonal_naive,3432,17,10861.409498
s8,seasonal_naive,3432,18,12582.949198
s8,seasonal_naive,3432,19,12119.465475
s8,seasonal_naive,3432,20,12549.379933
s8,seasonal_naive,3432,21,13319.142240
s8,seasonal_naive,3432,22,12082.613637
s8,seasonal_naive,3432,23,12201.164389
s8,seasonal_naive,3456,0,10451.173439
s8,seasonal_naive,3456,1,11041.089864
s8,seasonal_naive,3456,2,9992.789616
s8,seasonal_naive,3456,3,8849.174403
s8,seasonal_naive,3456,4,7899.490793
s8,seasonal_naive,3456,5,6053.767346
s8,seasonal_naive,3456,6,6042.355743
s8,seasonal_naive,3456,7,3893.254790
s8,seasonal_naive,3456,8,3361.606724
s8,seasonal_naive,3456,9,3848.133999
s8,seasonal_naive,3456,10,3476.101468
s8,seasonal_naive,3456,11,4742.429394
s8,seasonal_naive,3456,12,6453.734666
s8,seasonal_naive,3456,13,5474.523950
s8,seasonal_naive,3456,14,6649.997019
s8,seasonal_naive,3456,15,7076.786677
s8,seasonal_naive,3456,16,9343.954124
s8,seasonal_naive,3456,17,10236.669328
s8,seasonal_naive,3456,18,10754.994970
s8,seasonal_naive,3456,19,10821.021887
s8,seasonal_naive,3456,20,11478.678966
s8,seasonal_naive,3456,21,12297.611276
s8,seasonal_naive,3456,22,12171.437219
s8,seasonal_naive,3456,23,11609.713054
s8,seasonal_naive,3480,0,10171.616324
s8,seasonal_naive,3480,1,9086.891398
s8,seasonal_naive,3480,2,7289.420625
s8,seasonal_naive,3480,3,7456.564871
s8,seasonal_naive,3480,4,5848.878448
s8,seasonal_naive,3480,5,4762.672321
s8,seasonal_naive,3480,6,5195.498982
s8,seasonal_naive,3480,7,4290.816167
s8,seasonal_naive,3480,8,3867.190770
s8,seasonal_naive,3480,9,4380.959599
s8,seasonal_naive,3480,10,3664.209996
s8,seasonal_naive,3480,11,2983.005642
s8,seasonal_naive,3480,12,5363.883206
s8,seasonal_naive,3480,13,6405.522262
s8,seasonal_naive,3480,14,5414.654463
s8,seasonal_naive,3480,15,8432.293494
s8,seasonal_naive,3480,16,7673.110205
s8,seasonal_naive,3480,17,9193.122419
s8,seasonal_naive,3480,18,10836.509641
s8,seasonal_naive,3480,19,11065.072355
s8,seasonal_naive,3480,20,12540.852278
s8,seasonal_naive,3480,21,12100.014908
s8,seasonal_naive,3480,22,10932.032897
s8,seasonal_naive,3480,23,10561.599554
s8,seasonal_naive,3504,0,10820.112064
s8,seasonal_naive,3504,1,8470.526497
s8,seasonal_naive,3504,2,9639.550217
s8,seasonal_naive,3504,3,7836.654538
s8,seasonal_naive,3504,4,7387.698921
s8,seasonal_naive,3504,5,5990.504092
s8,seasonal_naive,3504,6,4913.030652
s8,seasonal_naive,3504,7,5708.433221
s8,seasonal_naive,3504,8,4667.277952
s8,seasonal_naive,3504,9,5701.914300
s8,seasonal_naive,3504,10,5855.949585
s8,seasonal_naive,3504,11,7161.928636
s8,seasonal_naive,3504,12,5807.032727
s8,seasonal_naive,3504,13,7373.284653
s8,seasonal_naive,3504,14,8626.211196
s8,seasonal_naive,3504,15,9677.906190
s8,seasonal_naive,3504,16,10154.711372
s8,seasonal_naive,3504,17,9655.727558
s8,seasonal_naive,3504,18,12361.597362
s8,seasonal_naive,3504,19,12274.657859
s8,seasonal_naive,3504,20,11471.082558
s8,seasonal_naive,3504,21,13321.600790
s8,seasonal_naive,3504,22,12074.839985
s8,seasonal_naive,3504,23,11283.561684
s8,seasonal_naive,3528,0,11830.809679
s8,seasonal_naive,3528,1,11445.935510
s8,seasonal_naive,3528,2,10077.650502
s8,seasonal_naive,3528,3,9292.025394
s8,seasonal_naive,3528,4,8360.482624
s8,seasonal_naive,3528,5,7574.861713
s8,seasonal_naive,3528,6,7218.448030
s8,seasonal_naive,3528,7,6782.465086
s8,seasonal_naive,3528,8,7126.290277
s8,seasonal_naive,3528,9,4641.826672
s8,seasonal_naive,3528,10,6454.674611
s8,seasonal_naive,3528,11,6329.639070
s8,seasonal_naive,3528,12,7456.750073
s8,seasonal_naive,3528,13,8608.743207
s8,seasonal_naive,3528,14,9956.684510
s8,seasonal_naive,3528,15,11473.037550
s8,seasonal_naive,3528,16,11264.956524
s8,seasonal_naive,3528,17,11671.075003
s8,seasonal_naive,3528,18,12918.852778
s8,seasonal_naive,3528,19,14333.556277
s8,seasonal_naive,3528,20,14825.060803
s8,seasonal_naive,3528,21,15103.720449
s8,seasonal_naive,3528,22,14238.695159
s8,seasonal_naive,3528,23,14239.706804
s8,seasonal_naive,3552,0,13980.851875
s8,seasonal_naive,3552,1,13355.393514
s8,seasonal_naive,3552,2,11262.683216
s8,seasonal_naive,3552,3,10114.235901
s8,seasonal_naive,3552,4,8630.058119
s8,seasonal_naive,3552,5,8040.873149
s8,seasonal_naive,3552,6,8220.486626
s8,seasonal_naive,3552,7,7484.791813
s8,seasonal_naive,3552,8,7551.044755
s8,seasonal_naive,3552,9,7781.620487
s8,seasonal_naive,3552,10,6661.239438
s8,seasonal_naive,3552,11,8228.064533
s8,seasonal_naive,3552,12,8938.898754
s8,seasonal_naive,3552,13,10016.844408
s8,seasonal_naive,3552,14,8579.565315
s8,seasonal_naive,3552,15,11982.445032
s8,seasonal_naive,3552,16,12041.497629
s8,seasonal_naive,3552,17,11418.226164
s8,seasonal_naive,3552,18,13083.926963
s8,seasonal_naive,3552,19,15211.690372
s8,seasonal_naive,3552,20,14943.984069
s8,seasonal_naive,3552,21,14989.293955
s8,seasonal_naive,3552,22,15306.604635
s8,seasonal_naive,3552,23,15242.084690
s8,daily_naive,3336,0,10171.616324
s8,daily_naive,3336,1,9086.891398
s8,daily_naive,3336,2,7289.420625
s8,daily_naive,3336,3,7456.564871
s8,daily_naive,3336,4,5848.878448
s8,daily_naive,3336,5,4762.672321
s8,daily_naive,3336,6,5195.498982
s8,daily_naive,3336,7,4290.816167
s8,daily_naive,3336,8,3867.190770
s8,daily_naive,3336,9,4380.959599
s8,daily_naive,3336,10,3664.209996
s8,daily_naive,3336,11,2983.005642
s8,daily_naive,3336,12,5363.883206
s8,daily_naive,3336,13,6405.522262
s8,daily_naive,3336,14,5414.654463
s8,daily_naive,3336,15,8432.293494
s8,daily_naive,3336,16,7673.110205
s8,daily_naive,3336,17,9193.122419
s8,daily_naive,3336,18,10836.509641
s8,daily_naive,3336,19,11065.072355
s8,daily_naive,3336,20,12540.852278
s8,daily_naive,3336,21,12100.014908
s8,daily_naive,3336,22,10932.032897
s8,daily_naive,3336,23,10561.599554
s8,daily_naive,3360,0,10820.112064
s8,daily_naive,3360,1,8470.526497
s8,daily_naive,3360,2,9639.550217
s8,daily_naive,3360,3,7836.654538
s8,daily_naive,3360,4,7387.698921
s8,daily_naive,3360,5,5990.504092
s8,daily_naive,3360,6,4913.030652
s8,daily_naive,3360,7,5708.433221
s8,daily_naive,3360,8,4667.277952
s8,daily_naive,3360,9,5701.914300
s8,daily_naive,3360,10,5855.949585
s8,daily_naive,3360,11,7161.928636
s8,daily_naive,3360,12,5807.032727
s8,daily_naive,3360,13,7373.284653
s8,daily_naive,3360,14,8626.211196
s8,daily_naive,3360,15,9677.906190
s8,daily_naive,3360,16,10154.711372
s8,daily_naive,3360,17,9655.727558
s8,daily_naive,3360,18,12361.597362
s8,daily_naive,3360,19,12274.657859
s8,daily_naive,3360,20,11471.082558
s8,daily_naive,3360,21,13321.600790
s8,daily_naive,3360,22,12074.839985
s8,daily_naive,3360,23,11283.561684
s8,daily_naive,3384,0,11830.809679
s8,daily_naive,3384,1,11445.935510
s8,daily_naive,3384,2,10077.650502
s8,daily_naive,3384,3,9292.025394
s8,daily_naive,3384,4,8360.482624
s8,daily_naive,3384,5,7574.861713
s8,daily_naive,3384,6,7218.448030
s8,daily_naive,3384,7,6782.465086
s8,daily_naive,3384,8,7126.290277
s8,daily_naive,3384,9,4641.826672
s8,daily_naive,3384,10,6454.674611
s8,daily_naive,3384,11,6329.639070
s8,daily_naive,3384,12,7456.750073
s8,daily_naive,3384,13,8608.743207
s8,daily_naive,3384,14,9956.684510
s8,daily_naive,3384,15,11473.037550
s8,daily_naive,3384,16,11264.956524
s8,daily_naive,3384,17,11671.075003
s8,daily_naive,3384,18,12918.852778
s8,daily_naive,3384,19,14333.556277
s8,daily_naive,3384,20,14825.060803
s8,daily_naive,3384,21,15103.720449
s8,daily_naive,3384,22,14238.695159
s8,daily_naive,3384,23,14239.706804
s8,daily_naive,3408,0,13980.851875
s8,daily_naive,3408,1,13355.393514
s8,daily_naive,3408,2,11262.683216
s8,daily_naive,3408,3,10114.235901
s8,daily_naive,3408,4,8630.058119
s8,daily_naive,3408,5,8040.873149
s8,daily_naive,3408,6,8220.486626
s8,daily_naive,3408,7,7484.791813
s8,daily_naive,3408,8,7551.044755
s8,daily_naive,3408,9,7781.620487
s8,daily_naive,3408,10,6661.239438
s8,daily_naive,3408,11,8228.064533
s8,daily_naive,3408,12,8938.898754
s8,daily_naive,3408,13,10016.844408
s8,daily_naive,3408,14,8579.565315
s8,daily_naive,3408,15,11982.445032
s8,daily_naive,3408,16,12041.497629
s8,daily_naive,3408,17,11418.226164
s8,daily_naive,3408,18,13083.926963
s8,daily_naive,3408,19,15211.690372
s8,daily_naive,3408,20,14943.984069
s8,daily_naive,3408,21,14989.293955
s8,daily_naive,3408,22,15306.604635
s8,daily_naive,3408,23,15242.084690
s8,daily_naive,3432,0,13502.836771
s8,daily_naive,3432,1,11480.238559
s8,daily_naive,3432,2,11799.335364
s8,daily_naive,3432,3,11768.548190
s8,daily_naive,3432,4,9261.214201
s8,daily_naive,3432,5,8787.980852
s8,daily_naive,3432,6,7448.073641
s8,daily_naive,3432,7,7802.679683
s8,daily_naive,3432,8,5941.900597
s8,daily_naive,3432,9,7693.862738
s8,daily_naive,3432,10,7755.066016
s8,daily_naive,3432,11,8885.464847
s8,daily_naive,3432,12,8485.793721
s8,daily_naive,3432,13,8625.834799
s8,daily_naive,3432,14,9763.626547
s8,daily_naive,3432,15,11102.083358
s8,daily_naive,3432,16,11751.923645
s8,daily_naive,3432,17,14046.447543
s8,daily_naive,3432,18,14654.723188
s8,daily_naive,3432,19,13331.899382
s8,daily_naive,3432,20,14037.787435
s8,daily_naive,3432,21,12903.632765
s8,daily_naive,3432,22,13889.742750
s8,daily_naive,3432,23,14015.741897
s8,daily_naive,3456,0,12206.381206
s8,daily_naive,3456,1,10158.348620
s8,daily_naive,3456,2,11438.346008
s8,daily_naive,3456,3,8921.798094
s8,daily_naive,3456,4,9628.007887
s8,daily_naive,3456,5,6283.192099
s8,daily_naive,3456,6,7404.426549
s8,daily_naive,3456,7,7511.355822
s8,daily_naive,3456,8,6205.348658
s8,daily_naive,3456,9,5551.323668
s8,daily_naive,3456,10,5962.196490
s8,daily_naive,3456,11,4924.013478
s8,daily_naive,3456,12,6153.465952
s8,daily_naive,3456,13,8174.443138
s8,daily_naive,3456,14,9163.978249
s8,daily_naive,3456,15,8484.098065
s8,daily_naive,3456,16,9474.955687
s8,daily_naive,3456,17,11641.944984
s8,daily_naive,3456,18,10477.764885
s8,daily_naive,3456,19,12994.703256
s8,daily_naive,3456,20,12503.233514
s8,daily_naive,3456,21,12734.129364
s8,daily_naive,3456,22,12164.027054
s8,daily_naive,3456,23,12002.881310
s8,daily_naive,3480,0,9964.125335
s8,daily_naive,3480,1,9631.508718
s8,daily_naive,3480,2,10253.316938
s8,daily_naive,3480,3,8529.585542
s8,daily_naive,3480,4,6051.804550
s8,daily_naive,3480,5,6929.860149
s8,daily_naive,3480,6,5574.731657
s8,daily_naive,3480,7,6089.422177
s8,daily_naive,3480,8,4431.321869
s8,daily_naive,3480,9,4349.189935
s8,daily_naive,3480,10,3202.479016
s8,daily_naive,3480,11,5638.965255
s8,daily_naive,3480,12,4941.148619
s8,daily_naive,3480,13,5504.363354
s8,daily_naive,3480,14,6905.338307
s8,daily_naive,3480,15,6948.633584
s8,daily_naive,3480,16,8780.242430
s8,daily_naive,3480,17,9912.091515
s8,daily_naive,3480,18,10296.106163
s8,daily_naive,3480,19,11338.288049
s8,daily_naive,3480,20,12083.947515
s8,daily_naive,3480,21,11505.313617
s8,daily_naive,3480,22,10252.793675
s8,daily_naive,3480,23,11166.536571
s8,daily_naive,3504,0,10987.010563
s8,daily_naive,3504,1,9964.700030
s8,daily_naive,3504,2,8046.152728
s8,daily_naive,3504,3,7654.213833
s8,daily_naive,3504,4,7639.746264
s8,daily_naive,3504,5,5382.887115
s8,daily_naive,3504,6,4501.023961
s8,daily_naive,3504,7,3235.224243
s8,daily_naive,3504,8,3689.499088
s8,daily_naive,3504,9,4681.569815
s8,daily_naive,3504,10,3393.445937
s8,daily_naive,3504,11,2779.136922
s8,daily_naive,3504,12,4186.443308
s8,daily_naive,3504,13,6104.672455
s8,daily_naive,3504,14,5704.799403
s8,daily_naive,3504,15,7328.052579
s8,daily_naive,3504,16,9722.007464
s8,daily_naive,3504,17,9593.245345
s8,daily_naive,3504,18,11836.538516
s8,daily_naive,3504,19,11255.295018
s8,daily_naive,3504,20,11874.594037
s8,daily_naive,3504,21,10548.779091
s8,daily_naive,3504,22,11372.270042
s8,daily_naive,3504,23,10004.081173
s8,daily_naive,3528,0,9089.687791
s8,daily_naive,3528,1,10926.862245
s8,daily_naive,3528,2,8182.003319
s8,daily_naive,3528,3,6892.542870
s8,daily_naive,3528,4,7363.415731
s8,daily_naive,3528,5,5172.866650
s8,daily_naive,3528,6,5375.530729
s8,daily_naive,3528,7,4232.639812
s8,daily_naive,3528,8,5271.046671
s8,daily_naive,3528,9,3745.007829
s8,daily_naive,3528,10,4940.332727
s8,daily_naive,3528,11,4630.878892
s8,daily_naive,3528,12,6489.504988
s8,daily_naive,3528,13,5703.277959
s8,daily_naive,3528,14,6244.846936
s8,daily_naive,3528,15,9401.011252
s8,daily_naive,3528,16,8607.591907
s8,daily_naive,3528,17,11406.929768
s8,daily_naive,3528,18,11251.038891
s8,daily_naive,3528,19,11786.450973
s8,daily_naive,3528,20,13870.645723
s8,daily_naive,3528,21,12327.718365
s8,daily_naive,3528,22,12667.873763
s8,daily_naive,3528,23,12307.299583
s8,daily_naive,3552,0,12039.508165
s8,daily_naive,3552,1,10872.815331
s8,daily_naive,3552,2,11221.718261
s8,daily_naive,3552,3,9616.510216
s8,daily_naive,3552,4,8665.117953
s8,daily_naive,3552,5,7205.236428
s8,daily_naive,3552,6,8429.477876
s8,daily_naive,3552,7,6013.326558
s8,daily_naive,3552,8,6398.522921
s8,daily_naive,3552,9,6246.019947
s8,daily_naive,3552,10,6151.585237
s8,daily_naive,3552,11,7330.185672
s8,daily_naive,3552,12,7678.417895
s8,daily_naive,3552,13,9087.623713
s8,daily_naive,3552,14,9724.435627
s8,daily_naive,3552,15,10038.374799
s8,daily_naive,3552,16,11444.210556
s8,daily_naive,3552,17,11979.724010
s8,daily_naive,3552,18,14016.080450
s8,daily_naive,3552,19,13660.021871
s8,daily_naive,3552,20,14459.102132
s8,daily_naive,3552,21,13635.356179
s8,daily_naive,3552,22,15029.952738
s8,daily_naive,3552,23,13896.247666
s9,seasonal_naive,3408,0,27923.205677
s9,seasonal_naive,3408,1,21483.251310
s9,seasonal_naive,3408,2,20807.585207
s9,seasonal_naive,3408,3,21663.704902
s9,seasonal_naive,3408,4,19775.129162
s9,seasonal_naive,3408,5,19988.919243
s9,seasonal_naive,3408,6,16048.925145
s9,seasonal_naive,3408,7,12889.128776
s9,seasonal_naive,3408,8,14469.995111
s9,seasonal_naive,3408,9,14348.064858
s9,seasonal_naive,3408,10,16048.422315
s9,seasonal_naive,3408,11,20352.202964
s9,seasonal_naive,3408,12,20510.689352
s9,seasonal_naive,3408,13,20850.660733
s9,seasonal_naive,3408,14,23232.034157
s9,seasonal_naive,3408,15,26217.953602
s9,seasonal_naive,3408,16,28511.575396
s9,seasonal_naive,3408,17,28072.959975
s9,seasonal_naive,3408,18,29329.699511
s9,seasonal_naive,3408,19,32516.962002
s9,seasonal_naive,3408,20,32516.755324
s9,seasonal_naive,3408,21,28172.084775
s9,seasonal_naive,3408,22,28502.963556
s9,seasonal_naive,3408,23,26480.358745
s9,seasonal_naive,3432,0,25881.943555
s9,seasonal_naive,3432,1,20874.982825
s9,seasonal_naive,3432,2,20458.430133
s9,seasonal_naive,3432,3,17981.628075
s9,seasonal_naive,3432,4,17919.074594
s9,seasonal_naive,3432,5,14359.214593
s9,seasonal_naive,3432,6,14737.280507
s9,seasonal_naive,3432,7,12790.876158
s9,seasonal_naive,3432,8,13846.056454
s9,seasonal_naive,3432,9,12991.633427
s9,seasonal_naive,3432,10,13509.264407
s9,seasonal_naive,3432,11,16107.007939
s9,seasonal_naive,3432,12,18485.442984
s9,seasonal_naive,3432,13,17889.291336
s9,seasonal_naive,3432,14,17005.657612
s9,seasonal_naive,3432,15,22523.518103
s9,seasonal_naive,3432,16,24352.358037
s9,seasonal_naive,3432,17,24483.813695
s9,seasonal_naive,3432,18,24177.873361
s9,seasonal_naive,3432,19,24970.223510
s9,seasonal_naive,3432,20,26769.177281
s9,seasonal_naive,3432,21,27257.274099
s9,seasonal_naive,3432,22,26769.977416
s9,seasonal_naive,3432,23,23360.048168
s9,seasonal_naive,3456,0,23246.191534
s9,seasonal_naive,3456,1,20939.104576
s9,seasonal_naive,3456,2,18386.810841
s9,seasonal_naive,3456,3,16163.087475
s9,seasonal_naive,3456,4,13059.063631
s9,seasonal_naive,3456,5,12541.103771
s9,seasonal_naive,3456,6,10925.020094
s9,seasonal_naive,3456,7,9873.745459
s9,seasonal_naive,3456,8,13023.042983
s9,seasonal_naive,3456,9,9424.748705
s9,seasonal_naive,3456,10,12726.563918
s9,seasonal_naive,3456,11,8739.102606
s9,seasonal_naive,3456,12,15634.847276
s9,seasonal_naive,3456,13,16646.014120
s9,seasonal_naive,3456,14,16778.623228
s9,seasonal_naive,3456,15,19057.507994
s9,seasonal_naive,3456,16,23270.027001
s9,seasonal_naive,3456,17,23553.438255
s9,seasonal_naive,3456,18,23564.854812
s9,seasonal_naive,3456,19,23877.742853
s9,seasonal_naive,3456,20,24342.449030
s9,seasonal_naive,3456,21,24629.958033
s9,seasonal_naive,3456,22,25550.661240
s9,seasonal_naive,3456,23,20010.828193
s9,seasonal_naive,3480,0,19622.252672
s9,seasonal_naive,3480,1,18856.963400
s9,seasonal_naive,3480,2,16517.187620
s9,seasonal_naive,3480,3,12298.563091
s9,seasonal_naive,3480,4,12256.440586
s9,seasonal_naive,3480,5,6297.040127
s9,seasonal_naive,3480,6,9646.432859
s9,seasonal_naive,3480,7,7988.502045
s9,seasonal_naive,3480,8,6435.594609
s9,seasonal_naive,3480,9,8011.767810
s9,seasonal_naive,3480,10,7497.838471
s9,seasonal_naive,3480,11,11704.266597
s9,seasonal_naive,3480,12,12609.568186
s9,seasonal_naive,3480,13,14431.927180
s9,seasonal_naive,3480,14,18757.843770
s9,seasonal_naive,3480,15,17169.687783
s9,seasonal_naive,3480,16,20104.009682
s9,seasonal_naive,3480,17,23404.476527
s9,seasonal_naive,3480,18,25177.363972
s9,seasonal_naive,3480,19,26719.705730
s9,seasonal_naive,3480,20,22005.358610
s9,seasonal_naive,3480,21,24819.954436
s9,seasonal_naive,3480,22,23544.908766
s9,seasonal_naive,3480,23,23194.759065
s9,seasonal_naive,3504,0,19962.638700
s9,seasonal_naive,3504,1,16252.806996
s9,seasonal_naive,3504,2,16596.562469
s9,seasonal_naive,3504,3,12144.655028
s9,seasonal_naive,3504,4,9711.537283
s9,seasonal_naive,3504,5,10859.800747
s9,seasonal_naive,3504,6,11676.344254
s9,seasonal_naive,3504,7,13350.521625
s9,seasonal_naive,3504,8,8813.206784
s9,seasonal_naive,3504,9,10001.050179
s9,seasonal_naive,3504,10,11641.963161
s9,seasonal_naive,3504,11,13899.241707
s9,seasonal_naive,3504,12,17359.615196
s9,seasonal_naive,3504,13,18382.822483
s9,seasonal_naive,3504,14,19459.390049
s9,seasonal_naive,3504,15,22009.225369
s9,seasonal_naive,3504,16,23452.373355
s9,seasonal_naive,3504,17,24278.494726
s9,seasonal_naive,3504,18,26298.437247
s9,seasonal_naive,3504,19,24548.910012
s9,seasonal_naive,3504,20,31584.317358
s9,seasonal_naive,3504,21,28485.645273
s9,seasonal_naive,3504,22,27478.612159
s9,seasonal_naive,3504,23,26846.266034
s9,seasonal_naive,3528,0,22894.904460
s9,seasonal_naive,3528,1,21810.194299
s9,seasonal_naive,3528,2,20699.701567
s9,seasonal_naive,3528,3,20565.130018
s9,seasonal_naive,3528,4,17847.473659
s9,seasonal_naive,3528,5,12802.994135
s9,seasonal_naive,3528,6,13213.819385
s9,seasonal_naive,3528,7,12864.314655
s9,seasonal_naive,3528,8,12996.323367
s9,seasonal_naive,3528,9,15905.363632
s9,seasonal_naive,3528,10,14778.610735
s9,seasonal_naive,3528,11,15127.709205
s9,seasonal_naive,3528,12,18287.171737
s9,seasonal_naive,3528,13,21603.737422
s9,seasonal_naive,3528,14,22248.053630
s9,seasonal_naive,3528,15,25119.944576
s9,seasonal_naive,3528,16,26681.422051
s9,seasonal_naive,3528,17,30892.169360
s9,seasonal_naive,3528,18,30444.360744
s9,seasonal_naive,3528,19,32570.215112
s9,seasonal_naive,3528,20,29618.478438
s9,seasonal_naive,3528,21,28869.558281
s9,seasonal_naive,3528,22,29671.789848
s9,seasonal_naive,3528,23,27553.226740
s9,seasonal_naive,3552,0,26365.667498
s9,seasonal_naive,3552,1,23906.666334
s9,seasonal_naive,3552,2,23014.008309
s9,seasonal_naive,3552,3,20732.966567
s9,seasonal_naive,3552,4,16840.036556
s9,seasonal_naive,3552,5,17829.233108
s9,seasonal_naive,3552,6,14692.842085
s9,seasonal_naive,3552,7,16577.228893
s9,seasonal_naive,3552,8,18240.383540
s9,seasonal_naive,3552,9,18130.365098
s9,seasonal_naive,3552,10,16499.587084
s9,seasonal_naive,3552,11,15633.781585
s9,seasonal_naive,3552,12,23907.526567
s9,seasonal_naive,3552,13,23333.107421
s9,seasonal_naive,3552,14,23360.295007
s9,seasonal_naive,3552,15,23819.623284
s9,seasonal_naive,3552,16,28375.126129
s9,seasonal_naive,3552,17,31336.085879
s9,seasonal_naive,3552,18,31690.280958
s9,seasonal_naive,3552,19,32913.084403
s9,seasonal_naive,3552,20,34501.868090
s9,seasonal_naive,3552,21,29721.551087
s9,seasonal_naive,3552,22,29589.205437
s9,seasonal_naive,3552,23,29083.359191
s9,seasonal_naive,3576,0,28064.509419
s9,seasonal_naive,3576,1,25098.692785
s9,seasonal_naive,3576,2,23586.099006
s9,seasonal_naive,3576,3,21653.214461
s9,seasonal_naive,3576,4,20341.299772
s9,seasonal_naive,3576,5,15814.338857
s9,seasonal_naive,3576,6,14809.837586
s9,seasonal_naive,3576,7,14418.916943
s9,seasonal_naive,3576,8,14169.358912
s9,seasonal_naive,3576,9,19030.350660
s9,seasonal_naive,3576,10,16177.159720
s9,seasonal_naive,3576,11,18905.971491
s9,seasonal_naive,3576,12,19137.507664
s9,seasonal_naive,3576,13,21283.711455
s9,seasonal_naive,3576,14,24254.116643
s9,seasonal_naive,3576,15,27704.705649
s9,seasonal_naive,3576,16,28126.420176
s9,seasonal_naive,3576,17,27515.529854
s9,seasonal_naive,3576,18,26915.925634
s9,seasonal_naive,3576,19,30383.672160
s9,seasonal_naive,3576,20,28931.868136
s9,seasonal_naive,3576,21,28704.697318
s9,seasonal_naive,3576,22,28183.331872
s9,seasonal_naive,3576,23,26074.882287
s9,seasonal_naive,3600,0,24547.848125
s9,seasonal_naive,3600,1,22023.446681
s9,seasonal_naive,3600,2,20393.738283
s9,seasonal_naive,3600,3,19035.908027
s9,seasonal_naive,3600,4,13578.729124
s9,seasonal_naive,3600,5,12052.430271
s9,seasonal_naive,3600,6,15689.580762
s9,seasonal_naive,3600,7,14745.917199
s9,seasonal_naive,3600,8,12355.212718
s9,seasonal_naive,3600,9,15180.111346
s9,seasonal_naive,3600,10,15519.283390
s9,seasonal_naive,3600,11,15933.209410
s9,seasonal_naive,3600,12,18631.683042
s9,seasonal_naive,3600,13,16431.046410
s9,seasonal_naive,3600,14,19764.287418
s9,seasonal_naive,3600,15,19493.368140
s9,seasonal_naive,3600,16,23420.222673
s9,seasonal_naive,3600,17,25120.125446
s9,seasonal_naive,3600,18,27457.139315
s9,seasonal_naive,3600,19,27458.535648
s9,seasonal_naive,3600,20,26279.750843
s9,seasonal_naive,3600,21,27603.540521
s9,seasonal_naive,3600,22,23645.958998
s9,seasonal_naive,3600,23,21898.257400
s9,seasonal_naive,3624,0,22247.446728
s9,seasonal_naive,3624,1,20469.009271
s9,seasonal_naive,3624,2,16291.777080
s9,seasonal_naive,3624,3,14942.354892
s9,seasonal_naive,3624,4,14460.120740
s9,seasonal_naive,3624,5,12453.744685
s9,seasonal_naive,3624,6,7689.058344
s9,seasonal_naive,3624,7,8781.862181
s9,seasonal_naive,3624,8,7145.371879
s9,seasonal_naive,3624,9,8870.814119
s9,seasonal_naive,3624,10,10059.270843
s9,seasonal_naive,3624,11,12095.985977
s9,seasonal_naive,3624,12,16870.416239
s9,seasonal_naive,3624,13,12538.338210
s9,seasonal_naive,3624,14,14171.721413
s9,seasonal_naive,3624,15,16978.110896
s9,seasonal_naive,3624,16,21748.289516
s9,seasonal_naive,3624,17,22348.530155
s9,seasonal_naive,3624,18,23654.055559
s9,seasonal_naive,3624,19,26079.687097
s9,seasonal_naive,3624,20,24073.445153
s9,seasonal_naive,3624,21,21298.271668
s9,seasonal_naive,3624,22,21442.024426
s9,seasonal_naive,3624,23,20245.332380
s9,daily_naive,3408,0,26365.667498
s9,daily_naive,3408,1,23906.666334
s9,daily_naive,3408,2,23014.008309
s9,daily_naive,3408,3,20732.966567
s9,daily_naive,3408,4,16840.036556
s9,daily_naive,3408,5,17829.233108
s9,daily_naive,3408,6,14692.842085
s9,daily_naive,3408,7,16577.228893
s9,daily_naive,3408,8,18240.383540
s9,daily_naive,3408,9,18130.365098
s9,daily_naive,3408,10,16499.587084
s9,daily_naive,3408,11,15633.781585
s9,daily_naive,3408,12,23907.526567
s9,daily_naive,3408,13,23333.107421
s9,daily_naive,3408,14,23360.295007
s9,daily_naive,3408,15,23819.623284
s9,daily_naive,3408,16,28375.126129
s9,daily_naive,3408,17,31336.085879
s9,daily_naive,3408,18,31690.280958
s9,daily_naive,3408,19,32913.084403
s9,daily_naive,3408,20,34501.868090
s9,daily_naive,3408,21,29721.551087
s9,daily_naive,3408,22,29589.205437
s9,daily_naive,3408,23,29083.359191
s9,daily_naive,3432,0,28064.509419
s9,daily_naive,3432,1,25098.692785
s9,daily_naive,3432,2,23586.099006
s9,daily_naive,3432,3,21653.214461
s9,daily_naive,3432,4,20341.299772
s9,daily_naive,3432,5,15814.338857
s9,daily_naive,3432,6,14809.837586
s9,daily_naive,3432,7,14418.916943
s9,daily_naive,3432,8,14169.358912
s9,daily_naive,3432,9,19030.350660
s9,daily_naive,3432,10,16177.159720
s9,daily_naive,3432,11,18905.971491
s9,daily_naive,3432,12,19137.507664
s9,daily_naive,3432,13,21283.711455
s9,daily_naive,3432,14,24254.116643
s9,daily_naive,3432,15,27704.705649
s9,daily_naive,3432,16,28126.420176
s9,daily_naive,3432,17,27515.529854
s9,daily_naive,3432,18,26915.925634
s9,daily_naive,3432,19,30383.672160
s9,daily_naive,3432,20,28931.868136
s9,daily_naive,3432,21,28704.697318
s9,daily_naive,3432,22,28183.331872
s9,daily_naive,3432,23,26074.882287
s9,daily_naive,3456,0,24547.848125
s9,daily_naive,3456,1,22023.446681
s9,daily_naive,3456,2,20393.738283
s9,daily_naive,3456,3,19035.908027
s9,daily_naive,3456,4,13578.729124
s9,daily_naive,3456,5,12052.430271
s9,daily_naive,3456,6,15689.580762
s9,daily_naive,3456,7,14745.917199
s9,daily_naive,3456,8,12355.212718
s9,daily_naive,3456,9,15180.111346
s9,daily_naive,3456,10,15519.283390
s9,daily_naive,3456,11,15933.209410
s9,daily_naive,3456,12,18631.683042
s9,daily_naive,3456,13,16431.046410
s9,daily_naive,3456,14,19764.287418
s9,daily_naive,3456,15,19493.368140
s9,daily_naive,3456,16,23420.222673
s9,daily_naive,3456,17,25120.125446
s9,daily_naive,3456,18,27457.139315
s9,daily_naive,3456,19,27458.535648
s9,daily_naive,3456,20,26279.750843
s9,daily_naive,3456,21,27603.540521
s9,daily_naive,3456,22,23645.958998
s9,daily_naive,3456,23,21898.257400
s9,daily_naive,3480,0,22247.446728
s9,daily_naive,3480,1,20469.009271
s9,daily_naive,3480,2,16291.777080
s9,daily_naive,3480,3,14942.354892
s9,daily_naive,3480,4,14460.120740
s9,daily_naive,3480,5,12453.744685
s9,daily_naive,3480,6,7689.058344
s9,daily_naive,3480,7,8781.862181
s9,daily_naive,3480,8,7145.371879
s9,daily_naive,3480,9,8870.814119
s9,daily_naive,3480,10,10059.270843
s9,daily_naive,3480,11,12095.985977
s9,daily_naive,3480,12,16870.416239
s9,daily_naive,3480,13,12538.338210
s9,daily_naive,3480,14,14171.721413
s9,daily_naive,3480,15,16978.110896
s9,daily_naive,3480,16,21748.289516
s9,daily_naive,3480,17,22348.530155
s9,daily_naive,3480,18,23654.055559
s9,daily_naive,3480,19,26079.687097
s9,daily_naive,3480,20,24073.445153
s9,daily_naive,3480,21,21298.271668
s9,daily_naive,3480,22,21442.024426
s9,daily_naive,3480,23,20245.332380
s9,daily_naive,3504,0,19273.155229
s9,daily_naive,3504,1,16071.019096
s9,daily_naive,3504,2,13086.011322
s9,daily_naive,3504,3,10826.724755
s9,daily_naive,3504,4,9553.650740
s9,daily_naive,3504,5,10410.335688
s9,daily_naive,3504,6,6923.011103
s9,daily_naive,3504,7,5716.591786
s9,daily_naive,3504,8,10555.427129
s9,daily_naive,3504,9,8051.178569
s9,daily_naive,3504,10,8563.113699
s9,daily_naive,3504,11,12108.699384
s9,daily_naive,3504,12,16079.362765
s9,daily_naive,3504,13,12288.197238
s9,daily_naive,3504,14,18765.010024
s9,daily_naive,3504,15,18879.061545
s9,daily_naive,3504,16,19389.880581
s9,daily_naive,3504,17,22742.438331
s9,daily_naive,3504,18,21948.903410
s9,daily_naive,3504,19,21819.314017
s9,daily_naive,3504,20,24276.238939
s9,daily_naive,3504,21,26320.427580
s9,daily_naive,3504,22,21945.933038
s9,daily_naive,3504,23,19513.866815
s9,daily_naive,3528,0,18375.184163
s9,daily_naive,3528,1,20256.143193
s9,daily_naive,3528,2,16446.366449
s9,daily_naive,3528,3,17127.712358
s9,daily_naive,3528,4,11923.932376
s9,daily_naive,3528,5,10929.912437
s9,daily_naive,3528,6,7830.933207
s9,daily_naive,3528,7,11074.161876
s9,daily_naive,3528,8,10710.759239
s9,daily_naive,3528,9,12903.181438
s9,daily_naive,3528,10,12135.628718
s9,daily_naive,3528,11,12014.293567
s9,daily_naive,3528,12,12419.990778
s9,daily_naive,3528,13,16891.744698
s9,daily_naive,3528,14,18512.814961
s9,daily_naive,3528,15,18402.606433
s9,daily_naive,3528,16,21042.114096
s9,daily_naive,3528,17,24062.781759
s9,daily_naive,3528,18,25619.208993
s9,daily_naive,3528,19,26755.714544
s9,daily_naive,3528,20,30521.883065
s9,daily_naive,3528,21,23727.166990
s9,daily_naive,3528,22,26054.022644
s9,daily_naive,3528,23,23239.273145
s9,daily_naive,3552,0,25114.771763
s9,daily_naive,3552,1,23926.451840
s9,daily_naive,3552,2,18527.945102
s9,daily_naive,3552,3,18344.209134
s9,daily_naive,3552,4,17926.270527
s9,daily_naive,3552,5,13653.407363
s9,daily_naive,3552,6,15278.546998
s9,daily_naive,3552,7,12945.753634
s9,daily_naive,3552,8,12560.592983
s9,daily_naive,3552,9,12290.619541
s9,daily_naive,3552,10,13632.883877
s9,daily_naive,3552,11,15488.248282
s9,daily_naive,3552,12,19504.843987
s9,daily_naive,3552,13,18104.606798
s9,daily_naive,3552,14,21358.944892
s9,daily_naive,3552,15,25808.389202
s9,daily_naive,3552,16,24322.243187
s9,daily_naive,3552,17,31145.677419
s9,daily_naive,3552,18,31109.598991
s9,daily_naive,3552,19,31070.928119
s9,daily_naive,3552,20,28199.801452
s9,daily_naive,3552,21,28673.754688
s9,daily_naive,3552,22,30836.897022
s9,daily_naive,3552,23,29456.222297
s9,daily_naive,3576,0,27026.870734
s9,daily_naive,3576,1,24987.233736
s9,daily_naive,3576,2,21263.514136
s9,daily_naive,3576,3,18673.252572
s9,daily_naive,3576,4,16379.426397
s9,daily_naive,3576,5,17591.156766
s9,daily_naive,3576,6,19483.769147
s9,daily_naive,3576,7,16836.887665
s9,daily_naive,3576,8,17993.736271
s9,daily_naive,3576,9,18939.220765
s9,daily_naive,3576,10,16965.399451
s9,daily_naive,3576,11,17667.141247
s9,daily_naive,3576,12,21223.162398
s9,daily_naive,3576,13,21816.888968
s9,daily_naive,3576,14,23184.433844
s9,daily_naive,3576,15,27157.715442
s9,daily_naive,3576,16,27634.402985
s9,daily_naive,3576,17,30261.514296
s9,daily_naive,3576,18,30109.857647
s9,daily_naive,3576,19,29721.371016
s9,daily_naive,3576,20,29594.793219
s9,daily_naive,3576,21,31035.234644
s9,daily_naive,3576,22,31189.310562
s9,daily_naive,3576,23,30366.411899
s9,daily_naive,3600,0,28756.551711
s9,daily_naive,3600,1,25845.770657
s9,daily_naive,3600,2,21569.233681
s9,daily_naive,3600,3,22391.835141
s9,daily_naive,3600,4,19730.462866
s9,daily_naive,3600,5,17150.123763
s9,daily_naive,3600,6,15524.592848
s9,daily_naive,3600,7,16309.642231
s9,daily_naive,3600,8,17402.339206
s9,daily_naive,3600,9,17772.319630
s9,daily_naive,3600,10,18375.528306
s9,daily_naive,3600,11,15814.487535
s9,daily_naive,3600,12,20553.868801
s9,daily_naive,3600,13,20853.699360
s9,daily_naive,3600,14,24259.287229
s9,daily_naive,3600,15,24220.368386
s9,daily_naive,3600,16,29295.320924
s9,daily_naive,3600,17,28123.648071
s9,daily_naive,3600,18,27473.892460
s9,daily_naive,3600,19,30713.346477
s9,daily_naive,3600,20,30521.487793
s9,daily_naive,3600,21,30267.979701
s9,daily_naive,3600,22,29338.214701
s9,daily_naive,3600,23,29915.389543
s9,daily_naive,3624,0,25885.376288
s9,daily_naive,3624,1,21683.765861
s9,daily_naive,3624,2,22440.545035
s9,daily_naive,3624,3,17515.040900
s9,daily_naive,3624,4,16401.327845
s9,daily_naive,3624,5,15059.046692
s9,daily_naive,3624,6,10994.313471
s9,daily_naive,3624,7,14792.538643
s9,daily_naive,3624,8,11133.672735
s9,daily_naive,3624,9,12623.455235
s9,daily_naive,3624,10,15608.521359
s9,daily_naive,3624,11,17265.771503
s9,daily_naive,3624,12,15209.004148
s9,daily_naive,3624,13,19378.095436
s9,daily_naive,3624,14,19605.770056
s9,daily_naive,3624,15,21456.330765
s9,daily_naive,3624,16,23351.955521
s9,daily_naive,3624,17,26835.838395
s9,daily_naive,3624,18,28620.472483
s9,daily_naive,3624,19,22765.968525
s9,daily_naive,3624,20,26460.982174
s9,daily_naive,3624,21,27564.007324
s9,daily_naive,3624,22,24469.394546
s9,daily_naive,3624,23,23122.378173
