series,t,y
s0,0,20.201168
s0,1,22.008749
s0,2,25.323597
s0,3,26.272552
s0,4,26.667301
s0,5,29.049605
s0,6,30.976484
s0,7,30.278012
s0,8,26.981248
s0,9,24.953296
s0,10,24.464125
s0,11,23.736242
s0,12,18.015486
s0,13,19.448455
s0,14,16.006542
s0,15,15.299646
s0,16,14.454263
s0,17,14.141794
s0,18,15.152568
s0,19,16.549764
s0,20,15.586832
s0,21,19.357914
s0,22,17.867896
s0,23,21.523751
s0,24,24.572878
s0,25,25.439363
s0,26,26.115356
s0,27,27.568990
s0,28,29.659944
s0,29,31.616180
s0,30,29.988486
s0,31,31.058975
s0,32,30.396938
s0,33,30.297741
s0,34,28.165746
s0,35,26.502852
s0,36,22.853586
s0,37,21.652332
s0,38,21.209684
s0,39,20.707484
s0,40,15.046107
s0,41,18.692074
s0,42,18.153401
s0,43,17.519894
s0,44,17.483741
s0,45,17.815718
s0,46,22.288156
s0,47,24.996127
s0,48,26.782327
s0,49,28.038422
s0,50,28.394100
s0,51,27.499078
s0,52,30.644572
s0,53,32.444016
s0,54,29.542497
s0,55,31.896063
s0,56,31.080087
s0,57,30.157419
s0,58,25.410366
s0,59,24.230219
s0,60,22.429030
s0,61,19.089651
s0,62,21.715196
s0,63,16.378116
s0,64,16.318839
s0,65,14.468027
s0,66,17.027516
s0,67,16.760452
s0,68,16.338441
s0,69,12.945658
s0,70,18.083246
s0,71,20.892420
s0,72,23.341873
s0,73,22.681469
s0,74,28.376582
s0,75,24.865281
s0,76,27.048779
s0,77,30.258763
s0,78,28.968571
s0,79,31.674881
s0,80,27.826003
s0,81,25.091602
s0,82,23.694819
s0,83,20.474283
s0,84,17.955712
s0,85,18.788541
s0,86,16.630945
s0,87,15.966582
s0,88,11.268258
s0,89,14.231519
s0,90,10.650096
s0,91,13.756370
s0,92,11.200319
s0,93,11.845256
s0,94,14.938292
s0,95,17.980204
s0,96,18.522080
s0,97,19.264632
s0,98,19.854048
s0,99,21.286294
s0,100,25.479216
s0,101,26.935667
s0,102,25.243169
s0,103,23.399273
s0,104,25.604380
s0,105,20.779797
s0,106,19.926884
s0,107,20.032294
s0,108,13.272448
s0,109,15.329248
s0,110,11.764420
s0,111,11.131096
s0,112,9.486573
s0,113,9.059515
s0,114,9.506800
s0,115,7.392953
s0,116,11.621873
s0,117,11.729362
s0,118,13.527681
s0,119,15.929527
s0,120,17.360430
s0,121,19.490812
s0,122,20.165626
s0,123,19.399167
s0,124,22.723316
s0,125,22.498980
s0,126,21.723613
s0,127,24.143728
s0,128,22.029709
s0,129,20.034318
s0,130,18.375875
s0,131,18.569754
s0,132,16.674163
s0,133,16.181676
s0,134,12.155445
s0,135,12.234556
s0,136,11.591925
s0,137,10.446609
s0,138,4.611638
s0,139,10.702026
s0,140,10.151087
s0,141,11.634283
s0,142,13.289009
s0,143,15.323468
s0,144,17.383737
s0,145,18.464404
s0,146,18.025176
s0,147,22.654164
s0,148,22.921541
s0,149,26.846518
s0,150,25.044014
s0,151,25.485686
s0,152,23.315553
s0,153,22.711730
s0,154,21.981547
s0,155,17.824878
s0,156,18.745561
s0,157,16.160164
s0,158,12.641484
s0,159,9.184857
s0,160,12.713659
s0,161,10.761183
s0,162,10.261903
s0,163,11.151100
s0,164,15.381989
s0,165,13.815606
s0,166,15.839670
s0,167,15.400566
s0,168,22.635743
s0,169,23.688098
s0,170,26.006016
s0,171,26.180989
s0,172,28.991020
s0,173,29.064568
s0,174,29.871186
s0,175,28.519174
s0,176,25.749003
s0,177,28.624137
s0,178,22.365429
s0,179,23.286222
s0,180,21.408299
s0,181,18.129946
s0,182,18.980997
s0,183,16.150747
s0,184,14.626088
s0,185,15.479621
s0,186,13.731433
s0,187,17.104111
s0,188,16.354816
s0,189,16.412640
s0,190,15.821384
s0,191,18.868929
s0,192,24.866255
s0,193,25.207977
s0,194,26.851955
s0,195,31.672954
s0,196,28.340066
s0,197,30.326816
s0,198,30.847735
s0,199,32.331795
s0,200,29.590042
s0,201,28.450919
s0,202,25.254052
s0,203,27.101215
s0,204,25.189535
s0,205,21.097511
s0,206,20.216667
s0,207,16.249761
s0,208,16.305711
s0,209,18.474518
s0,210,16.217169
s0,211,19.966378
s0,212,15.801104
s0,213,19.246450
s0,214,19.642514
s0,215,22.765022
s0,216,23.888173
s0,217,25.036339
s0,218,26.434104
s0,219,34.338046
s0,220,30.527946
s0,221,28.166999
s0,222,30.566114
s0,223,32.348732
s0,224,29.592291
s0,225,31.220465
s0,226,28.908792
s0,227,25.045202
s0,228,22.371780
s0,229,19.353653
s0,230,17.812261
s0,231,14.814544
s0,232,17.719522
s0,233,17.426864
s0,234,12.484138
s0,235,12.757181
s0,236,12.495458
s0,237,14.929107
s0,238,13.029861
s0,239,17.970876
s0,240,23.810600
s0,241,23.117044
s0,242,26.828699
s0,243,26.195620
s0,244,30.924292
s0,245,29.081432
s0,246,28.278880
s0,247,32.554931
s0,248,27.005217
s0,249,24.150755
s0,250,24.621976
s0,251,22.157981
s0,252,21.706119
s0,253,16.305269
s0,254,16.988627
s0,255,15.259685
s0,256,11.407328
s0,257,11.790137
s0,258,9.780713
s0,259,14.990610
s0,260,10.766153
s0,261,12.297110
s0,262,12.833295
s0,263,15.776086
s0,264,18.255063
s0,265,21.429940
s0,266,21.023221
s0,267,23.231488
s0,268,22.408540
s0,269,24.028282
s0,270,29.915333
s0,271,26.784246
s0,272,22.957234
s0,273,20.688592
s0,274,19.506860
s0,275,19.003960
s0,276,16.928239
s0,277,13.520080
s0,278,10.636526
s0,279,13.232055
s0,280,10.330392
s0,281,8.136823
s0,282,8.043067
s0,283,7.759096
s0,284,4.650629
s0,285,10.752671
s0,286,10.464838
s0,287,12.461449
s0,288,15.075869
s0,289,19.311969
s0,290,18.171827
s0,291,19.387155
s0,292,23.963151
s0,293,24.937194
s0,294,22.465706
s0,295,24.630040
s0,296,22.472776
s0,297,22.164073
s0,298,18.027140
s0,299,19.472918
s0,300,18.025503
s0,301,15.085062
s0,302,13.071053
s0,303,4.531972
s0,304,9.765309
s0,305,8.565632
s0,306,8.160852
s0,307,7.727207
s0,308,9.696279
s0,309,11.615637
s0,310,12.272984
s0,311,13.969738
s0,312,18.840280
s0,313,17.270078
s0,314,22.716041
s0,315,23.111327
s0,316,22.920623
s0,317,24.654286
s0,318,24.034051
s0,319,26.432229
s0,320,25.231566
s0,321,22.637852
s0,322,20.236451
s0,323,20.684224
s0,324,19.796282
s0,325,16.147741
s0,326,15.208000
s0,327,12.420386
s0,328,12.000887
s0,329,10.771265
s0,330,11.580384
s0,331,9.113311
s0,332,13.506333
s0,333,13.527396
s0,334,16.274853
s0,335,17.235387
s0,336,20.512578
s0,337,20.504017
s0,338,26.201567
s0,339,23.379041
s0,340,25.861590
s0,341,28.848119
s0,342,31.230631
s0,343,29.207685
s0,344,27.710570
s0,345,24.697826
s0,346,25.155321
s0,347,23.638317
s0,348,24.440445
s0,349,20.793923
s0,350,15.553451
s0,351,19.714121
s0,352,14.693061
s0,353,13.240739
s0,354,16.853675
s0,355,14.802134
s0,356,15.204644
s0,357,17.521630
s0,358,20.284030
s0,359,22.550672
s0,360,20.927002
s0,361,28.486514
s0,362,28.819934
s0,363,28.437029
s0,364,29.082449
s0,365,29.713448
s0,366,31.801281
s0,367,30.356830
s0,368,29.427900
s0,369,30.730395
s0,370,28.405599
s0,371,25.302942
s0,372,25.074508
s0,373,24.047519
s0,374,18.204129
s0,375,17.352728
s0,376,18.568807
s0,377,17.420101
s0,378,16.362718
s0,379,18.129670
s0,380,15.319473
s0,381,15.951374
s0,382,18.568912
s0,383,22.055784
s0,384,22.625973
s0,385,25.154707
s0,386,26.262291
s0,387,28.439701
s0,388,29.044039
s0,389,31.981602
s0,390,32.875701
s0,391,30.495155
s0,392,30.060680
s0,393,28.114099
s0,394,28.154957
s0,395,25.431433
s0,396,25.677977
s0,397,19.208579
s0,398,19.512211
s0,399,17.881959
s0,400,15.215783
s0,401,15.815398
s0,402,12.192323
s0,403,18.037959
s0,404,13.177806
s0,405,17.942966
s0,406,16.206204
s0,407,21.639935
s0,408,21.119897
s0,409,23.923597
s0,410,25.546714
s0,411,28.739145
s0,412,27.592748
s0,413,24.015189
s0,414,27.673990
s0,415,28.764993
s0,416,26.819623
s0,417,27.336426
s0,418,25.923444
s0,419,21.983682
s0,420,17.616567
s0,421,19.994547
s0,422,17.433965
s0,423,13.416582
s0,424,15.848889
s0,425,10.970746
s0,426,9.290525
s0,427,10.987920
s0,428,13.617310
s0,429,11.522104
s0,430,17.660596
s0,431,14.895438
s0,432,19.791541
s0,433,21.072618
s0,434,21.753509
s0,435,25.257579
s0,436,22.275245
s0,437,27.524241
s0,438,25.404146
s0,439,24.250361
s0,440,25.406191
s0,441,24.524266
s0,442,22.299465
s0,443,22.237872
s0,444,18.601836
s0,445,16.764667
s0,446,11.831263
s0,447,11.126687
s0,448,10.508467
s0,449,8.707744
s0,450,8.878741
s0,451,9.288112
s0,452,10.699092
s0,453,10.405038
s0,454,11.618030
s0,455,12.740439
s0,456,14.673517
s0,457,20.016208
s0,458,19.909442
s0,459,22.941116
s0,460,20.863606
s0,461,20.629135
s0,462,22.321454
s0,463,25.564807
s0,464,24.648312
s0,465,22.213267
s0,466,18.761204
s0,467,17.931002
s0,468,15.623872
s0,469,13.513787
s0,470,8.167997
s0,471,9.194930
s0,472,9.044128
s0,473,11.032629
s0,474,8.653313
s0,475,10.977553
s0,476,8.977764
s0,477,10.551947
s0,478,6.455970
s0,479,15.452385
s0,480,17.748027
s0,481,21.860680
s0,482,20.288975
s0,483,22.979074
s0,484,23.078668
s0,485,23.236246
s0,486,24.365068
s0,487,24.800128
s0,488,26.843624
s0,489,23.532265
s0,490,20.735128
s0,491,20.428482
s0,492,18.612579
s0,493,15.247908
s0,494,16.367810
s0,495,10.000671
s0,496,11.551105
s0,497,12.301423
s0,498,8.968424
s0,499,12.106953
s0,500,14.544257
s0,501,14.621162
s0,502,12.996824
s0,503,16.614771
s0,504,21.971685
s0,505,22.697454
s0,506,24.283146
s0,507,26.810633
s0,508,28.678051
s0,509,27.337509
s0,510,28.425444
s0,511,28.991345
s0,512,27.236892
s0,513,26.764448
s0,514,27.537959
s0,515,22.121609
s0,516,24.818195
s0,517,22.805473
s0,518,15.258497
s0,519,16.245638
s0,520,15.873384
s0,521,13.430480
s0,522,13.308230
s0,523,14.501878
s0,524,16.975173
s0,525,16.353439
s0,526,21.854918
s0,527,21.425293
s0,528,22.963205
s0,529,27.607759
s0,530,28.307005
s0,531,29.634610
s0,532,29.862480
s0,533,34.166245
s0,534,32.902790
s0,535,31.068197
s0,536,28.128180
s0,537,30.029110
s0,538,25.992307
s0,539,23.188742
s0,540,23.453069
s0,541,22.310067
s0,542,22.007293
s0,543,18.769918
s0,544,18.350243
s0,545,14.308384
s0,546,15.963949
s0,547,16.468534
s0,548,18.440206
s0,549,18.503692
s0,550,21.241850
s0,551,21.052995
s0,552,24.472439
s0,553,26.598042
s0,554,25.822650
s0,555,29.713249
s0,556,30.139118
s0,557,28.347115
s0,558,33.137326
s0,559,30.684894
s0,560,29.028481
s0,561,28.440044
s0,562,27.526076
s0,563,27.701599
s0,564,22.861833
s0,565,21.717187
s0,566,21.129934
s0,567,18.025254
s0,568,17.502190
s0,569,14.119327
s0,570,15.727638
s0,571,14.555113
s0,572,17.044135
s0,573,14.865579
s0,574,16.752708
s0,575,21.828493
s0,576,21.421801
s0,577,23.095783
s0,578,25.585480
s0,579,25.874775
s0,580,30.238330
s0,581,26.764023
s0,582,28.649127
s0,583,29.026177
s0,584,27.357257
s0,585,24.821052
s0,586,22.909498
s0,587,22.900748
s0,588,18.351231
s0,589,18.813871
s0,590,13.262442
s0,591,13.007315
s0,592,12.533717
s0,593,9.525504
s0,594,12.153134
s0,595,11.207655
s0,596,10.235058
s0,597,10.591808
s0,598,12.033693
s0,599,16.411534
s0,600,16.413537
s0,601,18.017670
s0,602,21.630039
s0,603,27.172727
s0,604,25.118988
s0,605,26.572796
s0,606,25.846390
s0,607,26.371028
s0,608,22.058570
s0,609,22.139608
s0,610,21.485954
s0,611,19.009999
s0,612,16.565485
s0,613,13.645655
s0,614,12.281632
s0,615,9.717532
s0,616,5.732762
s0,617,6.824918
s0,618,9.157169
s0,619,11.097669
s0,620,12.250030
s0,621,10.722415
s0,622,13.607123
s0,623,15.518509
s0,624,14.992674
s0,625,15.423583
s0,626,20.094096
s0,627,18.862484
s0,628,22.427501
s0,629,24.703191
s0,630,21.727889
s0,631,23.781876
s0,632,24.923417
s0,633,22.260425
s0,634,20.880391
s0,635,19.591071
s0,636,18.873029
s0,637,14.308021
s0,638,14.144910
s0,639,10.464942
s0,640,8.474432
s0,641,9.110058
s0,642,7.426824
s0,643,7.819125
s0,644,8.635310
s0,645,7.283570
s0,646,12.863844
s0,647,12.688920
s0,648,16.701043
s0,649,21.358616
s0,650,20.234192
s0,651,21.961212
s0,652,26.389767
s0,653,25.992346
s0,654,27.068484
s0,655,24.783660
s0,656,25.871856
s0,657,22.430856
s0,658,20.918397
s0,659,21.155469
s0,660,17.307068
s0,661,17.557269
s0,662,18.365331
s0,663,10.324185
s0,664,10.689249
s0,665,13.029551
s0,666,10.877791
s0,667,13.386691
s0,668,10.859525
s0,669,14.425439
s0,670,15.460190
s0,671,18.004476
s0,672,20.529786
s0,673,20.268107
s0,674,22.580300
s0,675,28.343503
s0,676,27.993514
s0,677,28.641207
s0,678,28.819564
s0,679,29.333151
s0,680,26.257725
s0,681,25.379527
s0,682,27.548577
s0,683,23.912161
s0,684,23.096016
s0,685,18.829460
s0,686,20.202761
s0,687,17.023720
s0,688,16.095070
s0,689,15.525841
s0,690,13.218744
s0,691,11.896590
s0,692,14.072803
s0,693,19.780409
s0,694,21.013302
s0,695,20.406260
s0,696,22.644644
s0,697,26.947513
s0,698,27.035499
s0,699,26.964935
s0,700,32.417174
s0,701,32.027354
s0,702,27.577732
s0,703,30.892551
s0,704,30.881571
s0,705,30.202382
s0,706,28.065733
s0,707,24.917069
s0,708,23.714497
s0,709,22.331394
s0,710,19.526517
s0,711,17.722953
s0,712,19.063946
s0,713,14.755224
s0,714,15.440858
s0,715,13.019766
s0,716,17.926164
s0,717,19.643218
s0,718,20.832902
s0,719,23.327990
s0,720,24.604842
s0,721,26.482280
s0,722,28.580607
s0,723,29.004694
s0,724,32.553023
s0,725,30.835940
s0,726,29.264112
s0,727,32.623522
s0,728,33.353429
s0,729,27.507509
s0,730,27.142345
s0,731,24.192236
s0,732,22.518393
s0,733,21.035083
s0,734,16.945314
s0,735,16.727327
s0,736,13.446940
s0,737,13.972579
s0,738,12.596248
s0,739,12.953377
s0,740,12.573220
s0,741,18.422241
s0,742,18.814495
s0,743,16.730580
s0,744,20.780611
s0,745,22.597419
s0,746,24.355853
s0,747,24.662957
s0,748,29.314241
s0,749,28.129301
s0,750,29.639122
s0,751,29.313862
s0,752,29.725085
s0,753,23.200917
s0,754,27.080684
s0,755,24.250222
s0,756,20.916906
s0,757,21.593630
s0,758,16.029045
s0,759,15.209654
s0,760,11.294165
s0,761,13.343919
s0,762,11.378438
s0,763,10.515397
s0,764,15.279879
s0,765,12.534350
s0,766,14.552814
s0,767,16.014232
s0,768,17.055392
s0,769,21.051514
s0,770,23.181455
s0,771,24.095722
s0,772,20.897998
s0,773,26.964921
s0,774,24.945659
s0,775,23.172140
s0,776,25.172762
s0,777,23.728986
s0,778,19.398875
s0,779,22.994563
s0,780,14.937272
s0,781,11.938252
s0,782,10.848371
s0,783,13.229529
s0,784,9.326324
s0,785,8.140841
s0,786,8.296672
s0,787,7.651762
s0,788,8.243880
s0,789,9.541668
s0,790,13.310438
s0,791,15.698474
s0,792,14.412140
s0,793,18.523051
s0,794,21.305808
s0,795,19.951202
s0,796,22.135281
s0,797,22.069301
s0,798,21.934354
s0,799,23.893184
s0,800,21.761576
s0,801,22.691812
s0,802,19.997602
s0,803,18.800490
s0,804,15.632636
s0,805,13.049749
s0,806,12.032632
s0,807,10.559619
s0,808,8.218933
s0,809,9.288897
s0,810,9.590676
s0,811,8.989064
s0,812,12.349281
s0,813,9.944507
s0,814,13.527999
s0,815,14.057081
s0,816,17.248081
s0,817,17.710747
s0,818,22.851990
s0,819,23.110061
s0,820,26.115103
s0,821,23.092504
s0,822,24.716416
s0,823,23.924021
s0,824,23.823816
s0,825,22.420550
s0,826,21.807135
s0,827,20.173882
s0,828,18.198889
s0,829,15.441041
s0,830,14.838516
s0,831,14.423014
s0,832,10.449135
s0,833,11.238739
s0,834,10.991403
s0,835,12.278314
s0,836,12.373454
s0,837,13.870224
s0,838,14.115326
s0,839,17.814609
s0,840,18.524985
s0,841,23.045244
s0,842,24.133770
s0,843,26.168486
s0,844,26.098468
s0,845,29.757065
s0,846,29.997786
s0,847,30.141121
s0,848,31.671042
s0,849,26.893939
s0,850,27.386809
s0,851,23.471996
s0,852,22.366075
s0,853,20.383062
s0,854,18.423347
s0,855,17.524484
s0,856,14.838779
s0,857,14.713366
s0,858,15.350455
s0,859,17.678309
s0,860,14.444717
s0,861,14.281761
s0,862,18.157671
s0,863,21.105220
s0,864,23.407289
s0,865,25.436492
s0,866,29.197419
s0,867,30.605431
s0,868,30.313476
s0,869,30.512593
s0,870,31.050261
s0,871,30.823569
s0,872,30.290739
s0,873,26.916147
s0,874,27.084626
s0,875,25.254448
s0,876,23.597503
s0,877,21.452834
s0,878,21.030535
s0,879,17.466885
s0,880,16.358888
s0,881,17.136898
s0,882,15.623496
s0,883,16.616124
s0,884,18.131549
s0,885,18.993146
s0,886,20.355583
s0,887,21.545407
s0,888,24.990742
s0,889,26.215136
s0,890,27.014527
s0,891,29.191093
s0,892,28.702691
s0,893,29.855166
s0,894,28.591223
s0,895,30.175978
s0,896,32.529178
s0,897,28.153369
s0,898,28.565020
s0,899,25.283424
s0,900,22.006448
s0,901,23.102582
s0,902,19.863737
s0,903,14.368692
s0,904,17.458731
s0,905,13.162077
s0,906,14.209297
s0,907,15.716856
s0,908,14.845312
s0,909,18.261585
s0,910,19.218022
s0,911,17.275521
s0,912,20.979640
s0,913,24.121438
s0,914,24.541366
s0,915,26.631928
s0,916,29.386880
s0,917,29.269533
s0,918,27.417093
s0,919,28.750423
s0,920,26.544741
s0,921,24.160404
s0,922,22.490831
s0,923,22.679246
s0,924,19.955018
s0,925,17.788574
s0,926,13.867145
s0,927,13.601001
s0,928,10.816160
s0,929,10.046717
s0,930,10.845713
s0,931,9.023892
s0,932,12.963604
s0,933,17.001042
s0,934,15.272753
s0,935,14.661235
s0,936,17.830568
s0,937,17.712777
s0,938,21.395814
s0,939,24.340428
s0,940,25.617939
s0,941,23.701337
s0,942,25.984674
s0,943,26.968510
s0,944,27.015659
s0,945,21.707155
s0,946,19.685072
s0,947,19.125731
s0,948,12.187730
s0,949,13.861402
s0,950,12.261485
s0,951,10.221302
s0,952,7.073498
s0,953,8.343250
s0,954,7.153551
s0,955,9.818317
s0,956,7.878742
s0,957,10.115860
s0,958,11.804992
s0,959,14.973859
s0,960,12.026841
s0,961,17.595287
s0,962,21.260061
s0,963,21.103304
s0,964,20.496289
s0,965,24.252761
s0,966,24.538699
s0,967,23.297421
s0,968,21.083715
s0,969,20.496925
s0,970,19.542666
s0,971,16.739434
s0,972,13.028003
s0,973,12.834885
s0,974,12.078918
s0,975,9.756316
s0,976,9.227385
s0,977,8.740197
s0,978,9.830645
s0,979,12.262250
s0,980,10.778541
s0,981,8.709323
s0,982,8.443933
s0,983,14.559917
s0,984,16.986896
s0,985,17.179668
s0,986,21.503044
s0,987,21.601324
s0,988,24.851784
s0,989,24.597428
s0,990,26.141981
s0,991,22.563014
s0,992,23.973376
s0,993,23.290972
s0,994,19.720200
s0,995,23.213219
s0,996,17.399228
s0,997,18.553834
s0,998,13.475689
s0,999,12.654076
s0,1000,13.787019
s0,1001,11.723440
s0,1002,11.417203
s0,1003,11.954456
s0,1004,10.289775
s0,1005,13.272002
s0,1006,14.170767
s0,1007,18.095745
s0,1008,19.129603
s0,1009,22.149623
s0,1010,24.175252
s0,1011,26.046520
s0,1012,27.468777
s0,1013,27.427248
s0,1014,27.203679
s0,1015,27.699713
s0,1016,29.821685
s0,1017,27.576629
s0,1018,26.400493
s0,1019,25.878069
s0,1020,19.848445
s0,1021,20.614446
s0,1022,16.279881
s0,1023,15.936342
s0,1024,16.099861
s0,1025,17.230827
s0,1026,13.242495
s0,1027,14.730069
s0,1028,17.642467
s0,1029,14.787880
s0,1030,19.511588
s0,1031,20.468089
s0,1032,21.716614
s0,1033,25.523553
s0,1034,28.256836
s0,1035,27.584391
s0,1036,31.000288
s0,1037,31.541260
s0,1038,29.616974
s0,1039,33.879116
s0,1040,32.395542
s0,1041,28.056505
s0,1042,26.883682
s0,1043,27.167504
s0,1044,23.106993
s0,1045,18.916164
s0,1046,21.633535
s0,1047,18.332045
s0,1048,20.111854
s0,1049,16.841744
s0,1050,16.305588
s0,1051,20.868997
s0,1052,16.785624
s0,1053,16.795089
s0,1054,20.322040
s0,1055,23.676921
s0,1056,22.035519
s0,1057,24.481031
s0,1058,28.541935
s0,1059,24.316635
s0,1060,28.903412
s0,1061,32.666430
s0,1062,30.665092
s0,1063,28.661495
s0,1064,33.473211
s0,1065,26.786895
s0,1066,26.467570
s0,1067,24.692573
s0,1068,23.260357
s0,1069,20.370126
s0,1070,18.802663
s0,1071,17.263564
s0,1072,15.653805
s0,1073,15.030981
s0,1074,10.687678
s0,1075,15.353578
s0,1076,13.077946
s0,1077,13.004641
s0,1078,20.210157
s0,1079,17.741698
s0,1080,22.023326
s0,1081,22.434022
s0,1082,24.375818
s0,1083,27.751818
s0,1084,26.430064
s0,1085,29.358962
s0,1086,29.499192
s0,1087,30.334170
s0,1088,26.986431
s0,1089,27.779244
s0,1090,27.052032
s0,1091,24.758809
s0,1092,20.937723
s0,1093,18.498549
s0,1094,20.260208
s0,1095,17.466769
s0,1096,11.249040
s0,1097,13.006721
s0,1098,12.073051
s0,1099,11.352945
s0,1100,12.138076
s0,1101,13.802486
s0,1102,16.038409
s0,1103,16.679911
s0,1104,18.808135
s0,1105,22.428902
s0,1106,22.508352
s0,1107,24.400762
s0,1108,26.259291
s0,1109,27.965346
s0,1110,27.469306
s0,1111,25.721801
s0,1112,24.540017
s0,1113,20.870661
s0,1114,21.535093
s0,1115,17.379194
s0,1116,15.234211
s0,1117,15.751871
s0,1118,12.534121
s0,1119,11.711784
s0,1120,8.604554
s0,1121,10.658058
s0,1122,8.626160
s0,1123,10.506710
s0,1124,10.425807
s0,1125,10.832011
s0,1126,11.412065
s0,1127,14.116156
s0,1128,17.425105
s0,1129,19.256539
s0,1130,18.131741
s0,1131,23.323097
s0,1132,22.597135
s0,1133,25.034626
s0,1134,22.884019
s0,1135,24.750772
s0,1136,21.664841
s0,1137,21.888976
s0,1138,19.567829
s0,1139,17.683370
s0,1140,15.193749
s0,1141,13.820018
s0,1142,9.392693
s0,1143,11.970172
s0,1144,10.887000
s0,1145,7.897906
s0,1146,6.188517
s0,1147,7.701397
s0,1148,11.123878
s0,1149,11.957082
s0,1150,12.214479
s0,1151,16.146696
s0,1152,15.206305
s0,1153,18.058447
s0,1154,21.827164
s0,1155,22.674966
s0,1156,23.264751
s0,1157,21.098853
s0,1158,26.579987
s0,1159,25.870081
s0,1160,21.886247
s0,1161,24.489247
s0,1162,21.977018
s0,1163,20.647613
s0,1164,19.776774
s0,1165,15.146061
s0,1166,15.680339
s0,1167,14.116196
s0,1168,13.111201
s0,1169,13.854846
s0,1170,12.163892
s0,1171,10.630455
s0,1172,15.353043
s0,1173,12.123588
s0,1174,14.960722
s0,1175,16.236731
s0,1176,19.835583
s0,1177,23.951668
s0,1178,26.375378
s0,1179,26.846340
s0,1180,26.549347
s0,1181,27.585260
s0,1182,27.924970
s0,1183,30.287228
s0,1184,26.656761
s0,1185,28.361213
s0,1186,25.409214
s0,1187,23.945402
s0,1188,24.154284
s0,1189,19.037988
s0,1190,20.658766
s0,1191,14.216150
s0,1192,14.005455
s0,1193,12.122448
s0,1194,13.299108
s0,1195,15.814354
s0,1196,16.972854
s0,1197,17.662413
s0,1198,19.359555
s0,1199,19.084011
s0,1200,21.004395
s0,1201,25.775167
s0,1202,29.461446
s0,1203,28.461135
s0,1204,28.362609
s0,1205,28.810619
s0,1206,30.514833
s0,1207,33.920926
s0,1208,30.319315
s0,1209,27.771678
s0,1210,26.847138
s0,1211,25.160584
s0,1212,24.324693
s0,1213,20.803687
s0,1214,18.531420
s0,1215,18.017167
s0,1216,17.810484
s0,1217,17.417066
s0,1218,16.880851
s0,1219,15.537801
s0,1220,14.348489
s0,1221,17.040369
s0,1222,20.409854
s0,1223,19.725897
s0,1224,24.303902
s0,1225,24.990294
s0,1226,26.890829
s0,1227,31.223599
s0,1228,31.001670
s0,1229,33.586066
s0,1230,30.101071
s0,1231,33.073054
s0,1232,31.846834
s0,1233,24.251747
s0,1234,27.163722
s0,1235,27.756503
s0,1236,24.372218
s0,1237,20.255221
s0,1238,18.559743
s0,1239,15.086695
s0,1240,16.122556
s0,1241,12.012668
s0,1242,12.869468
s0,1243,16.438537
s0,1244,15.292173
s0,1245,15.889792
s0,1246,17.830542
s0,1247,24.185553
s0,1248,23.391836
s0,1249,22.429094
s0,1250,28.128164
s0,1251,26.835899
s0,1252,29.290771
s0,1253,27.824074
s0,1254,27.389514
s0,1255,29.754113
s0,1256,26.294153
s0,1257,24.854603
s0,1258,25.735455
s0,1259,20.360807
s0,1260,17.729197
s0,1261,18.651970
s0,1262,12.565269
s0,1263,12.692527
s0,1264,11.890594
s0,1265,9.376456
s0,1266,9.322091
s0,1267,12.302714
s0,1268,12.360701
s0,1269,11.508891
s0,1270,15.385813
s0,1271,18.760725
s0,1272,16.212597
s0,1273,20.299487
s0,1274,25.162642
s0,1275,24.506582
s0,1276,25.976339
s0,1277,25.031882
s0,1278,24.229299
s0,1279,26.947652
s0,1280,25.253472
s0,1281,22.745990
s0,1282,20.323255
s0,1283,16.242305
s0,1284,17.122124
s0,1285,13.604316
s0,1286,12.484078
s0,1287,12.029810
s0,1288,10.919699
s0,1289,9.886533
s0,1290,12.004227
s0,1291,10.470534
s0,1292,8.154577
s0,1293,9.258329
s0,1294,15.902750
s0,1295,13.004422
s0,1296,16.029672
s0,1297,20.932061
s0,1298,22.789182
s0,1299,21.594594
s0,1300,23.326497
s0,1301,21.114029
s0,1302,22.546642
s0,1303,23.145789
s0,1304,22.930332
s0,1305,21.164693
s0,1306,20.288347
s0,1307,21.648609
s0,1308,16.843234
s0,1309,14.559676
s0,1310,12.180631
s0,1311,10.292560
s0,1312,11.321013
s0,1313,7.020326
s0,1314,8.195197
s0,1315,6.982888
s0,1316,9.747103
s0,1317,11.146729
s0,1318,14.167855
s0,1319,16.627315
s0,1320,17.933577
s0,1321,21.634280
s0,1322,23.609398
s0,1323,23.333001
s0,1324,24.804867
s0,1325,22.020206
s0,1326,26.018430
s0,1327,25.343979
s0,1328,21.973331
s0,1329,22.838508
s0,1330,23.531878
s0,1331,18.219439
s0,1332,20.333187
s0,1333,17.089558
s0,1334,14.173215
s0,1335,12.794306
s0,1336,13.220659
s0,1337,8.947086
s0,1338,14.375135
s0,1339,10.227476
s0,1340,11.251175
s0,1341,15.848517
s0,1342,16.965163
s0,1343,19.900510
s0,1344,21.673570
s0,1345,22.822351
s0,1346,22.256706
s0,1347,25.348168
s0,1348,27.841875
s0,1349,28.443561
s0,1350,25.605631
s0,1351,30.433731
s0,1352,30.877052
s0,1353,29.320523
s0,1354,23.832789
s0,1355,24.367667
s0,1356,18.333138
s0,1357,22.502551
s0,1358,14.896197
s0,1359,17.128088
s0,1360,17.185205
s0,1361,16.713989
s0,1362,15.044312
s0,1363,12.600703
s0,1364,15.630606
s0,1365,16.742263
s0,1366,19.521582
s0,1367,22.541728
s0,1368,24.186591
s0,1369,28.683530
s0,1370,28.362636
s0,1371,28.421643
s0,1372,33.000272
s0,1373,30.760623
s0,1374,32.054857
s0,1375,31.682900
s0,1376,26.982528
s0,1377,29.875299
s0,1378,28.285395
s0,1379,25.598728
s0,1380,23.673652
s0,1381,19.804668
s0,1382,20.087265
s0,1383,20.722675
s0,1384,16.776981
s0,1385,15.434395
s0,1386,15.027634
s0,1387,19.497137
s0,1388,14.892222
s0,1389,19.669914
s0,1390,20.133582
s0,1391,24.933148
s0,1392,25.997736
s0,1393,25.792947
s0,1394,25.355941
s0,1395,31.719811
s0,1396,32.984568
s0,1397,29.625812
s0,1398,32.796249
s0,1399,29.982642
s0,1400,29.150400
s0,1401,26.468850
s0,1402,28.797603
s0,1403,25.722749
s0,1404,23.918525
s0,1405,23.285294
s0,1406,20.002007
s0,1407,18.106873
s0,1408,16.991326
s0,1409,13.178428
s0,1410,14.438815
s0,1411,12.717856
s0,1412,13.885216
s0,1413,16.324368
s0,1414,19.699020
s0,1415,23.091665
s0,1416,19.999226
s0,1417,23.947449
s0,1418,25.347907
s0,1419,27.821547
s0,1420,29.039080
s0,1421,29.342557
s0,1422,27.342601
s0,1423,29.102534
s0,1424,28.952095
s0,1425,25.283287
s0,1426,27.463984
s0,1427,21.844256
s0,1428,18.985824
s0,1429,18.254089
s0,1430,15.288936
s0,1431,11.707811
s0,1432,12.433777
s0,1433,14.082071
s0,1434,14.313968
s0,1435,10.330051
s0,1436,13.341215
s0,1437,13.234077
s0,1438,14.992855
s0,1439,18.357673
s0,1440,19.627779
s0,1441,20.448391
s0,1442,20.514009
s0,1443,21.730357
s0,1444,24.572494
s0,1445,25.869907
s0,1446,26.311116
s0,1447,26.369408
s0,1448,25.774848
s0,1449,18.983504
s0,1450,22.513297
s0,1451,17.362749
s0,1452,18.655184
s0,1453,15.249687
s0,1454,13.703941
s0,1455,10.090768
s0,1456,10.059937
s0,1457,5.748592
s0,1458,10.148519
s0,1459,8.077002
s0,1460,5.205773
s0,1461,12.265986
s0,1462,14.860547
s0,1463,12.663937
s0,1464,18.040624
s0,1465,16.940678
s0,1466,16.418244
s0,1467,21.109377
s0,1468,23.461206
s0,1469,23.943886
s0,1470,24.165757
s0,1471,24.204480
s0,1472,23.285877
s0,1473,21.336344
s0,1474,19.082466
s0,1475,17.715005
s0,1476,15.537612
s0,1477,13.581068
s0,1478,10.412983
s0,1479,9.699461
s0,1480,9.479864
s0,1481,9.101415
s0,1482,8.293678
s0,1483,8.442276
s0,1484,10.462815
s0,1485,12.259399
s0,1486,13.783173
s0,1487,11.911202
s0,1488,16.144026
s0,1489,20.167713
s0,1490,21.892428
s0,1491,23.916124
s0,1492,24.710475
s0,1493,23.752598
s0,1494,27.462144
s0,1495,23.176784
s0,1496,26.252135
s0,1497,23.502526
s0,1498,19.643753
s0,1499,19.567624
s0,1500,20.190468
s0,1501,15.388437
s0,1502,12.601672
s0,1503,12.559965
s0,1504,10.583856
s0,1505,9.236357
s0,1506,11.809977
s0,1507,12.806023
s0,1508,11.592857
s0,1509,14.733085
s0,1510,15.081836
s0,1511,17.620340
s0,1512,20.197444
s0,1513,24.609371
s0,1514,25.111015
s0,1515,24.506131
s0,1516,28.349699
s0,1517,28.117152
s0,1518,28.143907
s0,1519,27.419065
s0,1520,28.065208
s0,1521,26.881759
s0,1522,24.817872
s0,1523,21.444285
s0,1524,19.004059
s0,1525,20.003297
s0,1526,18.285128
s0,1527,19.964280
s0,1528,15.039216
s0,1529,16.282153
s0,1530,16.406285
s0,1531,14.784036
s0,1532,15.915369
s0,1533,16.483823
s0,1534,21.772462
s0,1535,18.547843
s0,1536,23.063892
s0,1537,27.503540
s0,1538,27.132667
s0,1539,28.130251
s0,1540,30.764917
s0,1541,32.107049
s0,1542,32.511784
s0,1543,31.844285
s0,1544,31.851844
s0,1545,30.945509
s0,1546,26.051279
s0,1547,25.328029
s0,1548,25.291218
s0,1549,22.641506
s0,1550,20.330683
s0,1551,19.393961
s0,1552,18.584058
s0,1553,14.896921
s0,1554,14.036889
s0,1555,14.423906
s0,1556,20.034491
s0,1557,16.630902
s0,1558,19.579984
s0,1559,21.562948
s0,1560,25.549408
s0,1561,23.152942
s0,1562,27.759462
s0,1563,31.375409
s0,1564,32.435538
s0,1565,32.048555
s0,1566,31.186373
s0,1567,34.076162
s0,1568,27.717189
s0,1569,30.613327
s0,1570,28.118040
s0,1571,26.234602
s0,1572,23.552620
s0,1573,21.289623
s0,1574,20.421468
s0,1575,15.326701
s0,1576,13.798005
s0,1577,15.141668
s0,1578,14.577400
s0,1579,14.909730
s0,1580,17.869770
s0,1581,15.544379
s0,1582,19.202110
s0,1583,20.413638
s0,1584,25.522035
s0,1585,21.426622
s0,1586,24.587753
s0,1587,26.247106
s0,1588,30.220189
s0,1589,27.450813
s0,1590,31.542793
s0,1591,31.028026
s0,1592,28.909353
s0,1593,26.804514
s0,1594,21.809035
s0,1595,22.511556
s0,1596,17.710925
s0,1597,17.199681
s0,1598,16.026041
s0,1599,13.401094
s0,1600,13.996917
s0,1601,11.322265
s0,1602,8.632185
s0,1603,9.541226
s0,1604,9.854523
s0,1605,12.515741
s0,1606,16.534772
s0,1607,17.139073
s0,1608,18.807680
s0,1609,18.144868
s0,1610,25.790662
s0,1611,23.483505
s0,1612,28.541983
s0,1613,23.964252
s0,1614,24.597486
s0,1615,29.277715
s0,1616,22.487522
s0,1617,23.498356
s0,1618,20.526664
s0,1619,17.737206
s0,1620,20.330401
s0,1621,13.104447
s0,1622,14.130941
s0,1623,12.723149
s0,1624,7.988813
s0,1625,5.700571
s0,1626,5.547101
s0,1627,7.327011
s0,1628,9.704565
s0,1629,11.104320
s0,1630,11.875234
s0,1631,13.897254
s0,1632,17.658764
s0,1633,19.369331
s0,1634,20.650683
s0,1635,20.694858
s0,1636,24.183504
s0,1637,24.020139
s0,1638,22.803464
s0,1639,22.807170
s0,1640,24.905224
s0,1641,24.634617
s0,1642,19.197114
s0,1643,14.815377
s0,1644,17.040230
s0,1645,12.620524
s0,1646,13.349706
s0,1647,9.966081
s0,1648,12.915659
s0,1649,8.785936
s0,1650,9.840686
s0,1651,6.792046
s0,1652,5.096829
s0,1653,11.172779
s0,1654,13.114186
s0,1655,15.863536
s0,1656,15.986576
s0,1657,16.971724
s0,1658,18.507000
s0,1659,23.713453
s0,1660,25.343978
s0,1661,23.717044
s0,1662,24.661185
s0,1663,24.187029
s0,1664,21.642591
s0,1665,23.847311
s0,1666,23.353626
s0,1667,19.844118
s0,1668,15.988509
s0,1669,16.012565
s0,1670,16.721712
s0,1671,16.429879
s0,1672,12.323331
s0,1673,9.975012
s0,1674,7.932996
s0,1675,9.055449
s0,1676,12.333408
s0,1677,14.256513
s0,1678,16.111704
s0,1679,17.359119
s0,1680,17.530845
s0,1681,19.697788
s0,1682,24.534639
s0,1683,24.785404
s0,1684,29.612109
s0,1685,26.136793
s0,1686,31.589440
s0,1687,27.696289
s0,1688,28.464326
s0,1689,27.335030
s0,1690,24.910952
s0,1691,20.448548
s0,1692,20.963702
s0,1693,22.234458
s0,1694,15.950731
s0,1695,13.523899
s0,1696,14.974879
s0,1697,13.988055
s0,1698,12.425412
s0,1699,13.677627
s0,1700,15.022761
s0,1701,16.510974
s0,1702,19.192646
s0,1703,22.091996
s0,1704,23.746646
s0,1705,25.835741
s0,1706,29.993184
s0,1707,30.796236
s0,1708,25.731761
s0,1709,30.682809
s0,1710,29.081395
s0,1711,30.291037
s0,1712,31.885416
s0,1713,29.110490
s0,1714,27.136868
s0,1715,28.041410
s0,1716,21.493667
s0,1717,21.709611
s0,1718,20.833337
s0,1719,18.356610
s0,1720,15.199372
s0,1721,16.233688
s0,1722,17.292019
s0,1723,16.841396
s0,1724,17.568918
s0,1725,18.809911
s0,1726,20.171630
s0,1727,19.873696
s0,1728,23.405148
s0,1729,26.623596
s0,1730,22.839076
s0,1731,30.643872
s0,1732,31.191577
s0,1733,29.658968
s0,1734,30.409715
s0,1735,30.937722
s0,1736,31.053801
s0,1737,28.445308
s0,1738,29.172160
s0,1739,25.949944
s0,1740,21.868812
s0,1741,20.207443
s0,1742,19.296335
s0,1743,18.336971
s0,1744,16.880512
s0,1745,14.725593
s0,1746,14.733151
s0,1747,14.607712
s0,1748,16.640261
s0,1749,14.893283
s0,1750,18.964548
s0,1751,16.834677
s0,1752,22.457188
s0,1753,24.080061
s0,1754,25.460765
s0,1755,23.565796
s0,1756,30.613982
s0,1757,30.200141
s0,1758,28.930801
s0,1759,29.204985
s0,1760,26.021361
s0,1761,26.924349
s0,1762,26.795060
s0,1763,20.335180
s0,1764,24.308412
s0,1765,17.080797
s0,1766,17.024932
s0,1767,12.573511
s0,1768,13.100277
s0,1769,9.490644
s0,1770,10.055526
s0,1771,10.871594
s0,1772,10.843461
s0,1773,12.635742
s0,1774,16.100160
s0,1775,14.286543
s0,1776,16.351260
s0,1777,20.276773
s0,1778,21.097297
s0,1779,21.922727
s0,1780,24.886175
s0,1781,24.449139
s0,1782,26.043865
s0,1783,25.054641
s0,1784,23.885568
s0,1785,22.719243
s0,1786,22.704977
s0,1787,21.141233
s0,1788,16.617307
s0,1789,13.063108
s0,1790,10.276978
s0,1791,7.382524
s0,1792,7.726166
s0,1793,7.372420
s0,1794,8.312068
s0,1795,5.597482
s0,1796,11.635808
s0,1797,12.269302
s0,1798,14.169981
s0,1799,13.245120
s0,1800,16.490690
s0,1801,16.624504
s0,1802,22.524372
s0,1803,19.741165
s0,1804,22.117588
s0,1805,26.007669
s0,1806,27.983699
s0,1807,23.583441
s0,1808,22.276613
s0,1809,17.670594
s0,1810,22.781400
s0,1811,18.633378
s0,1812,13.085983
s0,1813,15.459915
s0,1814,13.159919
s0,1815,10.000573
s0,1816,8.455764
s0,1817,9.774545
s0,1818,8.770437
s0,1819,9.515066
s0,1820,11.570087
s0,1821,12.865353
s0,1822,13.911866
s0,1823,15.647512
s0,1824,14.827579
s0,1825,17.253931
s0,1826,22.377429
s0,1827,23.863952
s0,1828,25.036603
s0,1829,26.462812
s0,1830,24.619635
s0,1831,26.256003
s0,1832,23.092713
s0,1833,23.628534
s0,1834,23.486922
s0,1835,19.118495
s0,1836,21.389118
s0,1837,18.144407
s0,1838,16.734007
s0,1839,12.684179
s0,1840,9.670457
s0,1841,10.119573
s0,1842,11.992583
s0,1843,11.082542
s0,1844,13.629812
s0,1845,14.136016
s0,1846,14.757474
s0,1847,19.274627
s0,1848,22.162792
s0,1849,21.048678
s0,1850,25.117973
s0,1851,26.355263
s0,1852,27.973780
s0,1853,28.304481
s0,1854,26.885793
s0,1855,31.017921
s0,1856,26.437477
s0,1857,25.584968
s0,1858,26.511397
s0,1859,23.957920
s0,1860,20.461876
s0,1861,18.746446
s0,1862,17.746084
s0,1863,15.773543
s0,1864,16.359519
s0,1865,12.785124
s0,1866,15.075272
s0,1867,17.330599
s0,1868,16.114667
s0,1869,15.750303
s0,1870,17.775346
s0,1871,21.031198
s0,1872,22.128583
s0,1873,27.264307
s0,1874,24.360341
s0,1875,31.666092
s0,1876,27.152321
s0,1877,31.198254
s0,1878,29.871120
s0,1879,32.705949
s0,1880,29.413244
s0,1881,27.619479
s0,1882,27.278251
s0,1883,25.276642
s0,1884,20.803663
s0,1885,22.586939
s0,1886,16.127123
s0,1887,20.200134
s0,1888,16.532508
s0,1889,17.794607
s0,1890,15.039107
s0,1891,15.000825
s0,1892,18.103409
s0,1893,17.383371
s0,1894,17.479154
s0,1895,21.720391
s0,1896,21.696400
s0,1897,25.913604
s0,1898,30.028594
s0,1899,30.972657
s0,1900,30.654661
s0,1901,31.128506
s0,1902,31.097019
s0,1903,30.243796
s0,1904,30.960423
s0,1905,28.791135
s0,1906,26.694236
s0,1907,25.721020
s0,1908,19.897923
s0,1909,24.091703
s0,1910,19.940422
s0,1911,14.941552
s0,1912,15.976562
s0,1913,13.075207
s0,1914,13.631130
s0,1915,13.215699
s0,1916,17.072054
s0,1917,13.398101
s0,1918,17.432971
s0,1919,17.160021
s0,1920,21.702816
s0,1921,23.161788
s0,1922,23.210612
s0,1923,29.281546
s0,1924,30.608733
s0,1925,27.859991
s0,1926,29.725169
s0,1927,28.232962
s0,1928,27.913877
s0,1929,28.556122
s0,1930,23.869095
s0,1931,25.087585
s0,1932,19.538888
s0,1933,17.630197
s0,1934,18.723988
s0,1935,14.335635
s0,1936,9.224521
s0,1937,11.888632
s0,1938,9.058951
s0,1939,8.577153
s0,1940,10.384547
s0,1941,13.543758
s0,1942,12.757248
s0,1943,14.087866
s0,1944,17.656847
s0,1945,20.848855
s0,1946,20.885795
s0,1947,21.438428
s0,1948,21.198615
s0,1949,24.110202
s0,1950,26.856934
s0,1951,26.721601
s0,1952,25.471211
s0,1953,22.547961
s0,1954,21.274755
s0,1955,21.066991
s0,1956,15.482790
s0,1957,15.293577
s0,1958,9.701611
s0,1959,12.047925
s0,1960,8.886026
s0,1961,6.887122
s0,1962,9.632659
s0,1963,6.828368
s0,1964,7.960651
s0,1965,13.026522
s0,1966,10.504069
s0,1967,13.016136
s0,1968,15.007081
s0,1969,19.395968
s0,1970,17.107218
s0,1971,23.682639
s0,1972,22.550022
s0,1973,23.223218
s0,1974,22.565310
s0,1975,23.497482
s0,1976,25.292018
s0,1977,22.022569
s0,1978,18.552612
s0,1979,17.584518
s0,1980,16.955413
s0,1981,14.202264
s0,1982,11.766012
s0,1983,11.534929
s0,1984,9.926040
s0,1985,6.881999
s0,1986,5.332258
s0,1987,9.536913
s0,1988,12.579606
s0,1989,9.643079
s0,1990,12.469426
s0,1991,16.877587
s0,1992,19.656088
s0,1993,19.143043
s0,1994,23.067353
s0,1995,24.029441
s0,1996,23.318207
s0,1997,21.888158
s0,1998,24.050957
s0,1999,25.942893
s0,2000,25.345731
s0,2001,22.725135
s0,2002,20.627680
s0,2003,17.640989
s0,2004,15.575931
s0,2005,16.134487
s0,2006,12.019062
s0,2007,12.997860
s0,2008,10.616007
s0,2009,10.555454
s0,2010,14.510505
s0,2011,11.606167
s0,2012,11.925943
s0,2013,13.617951
s0,2014,13.343228
s0,2015,19.922522
s0,2016,21.356506
s0,2017,21.368925
s0,2018,24.665781
s0,2019,25.030188
s0,2020,28.158422
s0,2021,26.322297
s0,2022,29.318037
s0,2023,31.164715
s0,2024,28.821274
s0,2025,26.033827
s0,2026,26.980996
s0,2027,26.790989
s0,2028,22.905029
s0,2029,19.954097
s0,2030,16.716451
s0,2031,17.168297
s0,2032,18.400704
s0,2033,11.420866
s0,2034,16.057622
s0,2035,15.118210
s0,2036,18.213858
s0,2037,16.966877
s0,2038,15.470251
s0,2039,24.147634
s0,2040,21.272313
s0,2041,26.569456
s0,2042,27.100843
s0,2043,28.980413
s0,2044,30.612503
s0,2045,30.390482
s0,2046,31.902410
s0,2047,31.885936
s0,2048,31.934259
s0,2049,29.632422
s0,2050,28.332199
s0,2051,28.059351
s0,2052,22.456477
s0,2053,21.971944
s0,2054,20.720623
s0,2055,19.974693
s0,2056,16.958881
s0,2057,16.428754
s0,2058,15.448085
s0,2059,18.254206
s0,2060,16.546737
s0,2061,19.414463
s0,2062,19.792323
s0,2063,21.909065
s0,2064,21.942819
s0,2065,26.024995
s0,2066,27.774857
s0,2067,27.058627
s0,2068,29.466994
s0,2069,30.667492
s0,2070,29.157948
s0,2071,29.316406
s0,2072,32.743606
s0,2073,27.395779
s0,2074,25.934270
s0,2075,23.055726
s0,2076,25.091137
s0,2077,22.430468
s0,2078,19.441354
s0,2079,17.306358
s0,2080,15.005490
s0,2081,14.426688
s0,2082,13.415312
s0,2083,15.701102
s0,2084,16.432588
s0,2085,17.931480
s0,2086,21.278232
s0,2087,20.929992
s0,2088,22.750780
s0,2089,25.276037
s0,2090,22.994148
s0,2091,26.985542
s0,2092,25.687219
s0,2093,31.286286
s0,2094,28.101268
s0,2095,31.308046
s0,2096,29.222809
s0,2097,25.221134
s0,2098,21.643294
s0,2099,20.421689
s0,2100,21.661954
s0,2101,17.265799
s0,2102,13.331023
s0,2103,13.535749
s0,2104,15.183957
s0,2105,14.103726
s0,2106,10.352978
s0,2107,11.730302
s0,2108,12.873169
s0,2109,10.655365
s0,2110,13.685960
s0,2111,15.681218
s0,2112,18.910949
s0,2113,19.384996
s0,2114,19.764181
s0,2115,24.047457
s0,2116,23.647711
s0,2117,23.387492
s0,2118,23.545406
s0,2119,24.761492
s0,2120,26.529204
s0,2121,22.549154
s0,2122,22.784793
s0,2123,15.444855
s0,2124,15.530816
s0,2125,12.698273
s0,2126,12.255757
s0,2127,12.188561
s0,2128,8.733348
s0,2129,6.744945
s0,2130,9.912508
s0,2131,7.386932
s0,2132,9.784395
s0,2133,9.503617
s0,2134,13.005111
s0,2135,13.452069
s0,2136,17.372541
s0,2137,19.133894
s0,2138,23.598708
s0,2139,21.553726
s0,2140,21.378858
s0,2141,21.872416
s0,2142,23.044293
s0,2143,24.330707
s0,2144,21.797268
s0,2145,24.112353
s0,2146,20.365186
s0,2147,16.577056
s0,2148,15.359563
s0,2149,13.044336
s0,2150,12.462936
s0,2151,8.927015
s0,2152,11.399445
s0,2153,8.036249
s0,2154,8.016477
s0,2155,10.213172
s0,2156,8.410140
s0,2157,10.954055
s0,2158,15.562587
s0,2159,15.368886
s0,2160,17.342791
s0,2161,18.276433
s0,2162,19.477008
s0,2163,25.626522
s0,2164,23.951340
s0,2165,28.155043
s0,2166,24.411809
s0,2167,27.360050
s0,2168,24.346416
s0,2169,24.195577
s0,2170,23.946734
s0,2171,20.907933
s0,2172,19.548588
s0,2173,13.829192
s0,2174,13.801513
s0,2175,16.293532
s0,2176,11.526158
s0,2177,11.747125
s0,2178,10.848973
s0,2179,10.534422
s0,2180,10.085134
s0,2181,12.068501
s0,2182,18.393192
s0,2183,17.653386
s0,2184,18.097906
s0,2185,20.773612
s0,2186,25.696406
s0,2187,24.589272
s0,2188,26.523809
s0,2189,26.684439
s0,2190,26.875475
s0,2191,31.401181
s0,2192,27.881801
s0,2193,26.463559
s0,2194,24.499045
s0,2195,24.810045
s0,2196,21.833889
s0,2197,20.266269
s0,2198,18.218985
s0,2199,15.899559
s0,2200,14.555655
s0,2201,11.872031
s0,2202,13.707114
s0,2203,18.343436
s0,2204,13.809389
s0,2205,17.178568
s0,2206,19.469368
s0,2207,22.871775
s0,2208,27.380568
s0,2209,24.654070
s0,2210,25.901590
s0,2211,30.740027
s0,2212,30.733119
s0,2213,34.474073
s0,2214,32.764415
s0,2215,30.323580
s0,2216,30.337082
s0,2217,30.109250
s0,2218,28.623393
s0,2219,24.119671
s0,2220,20.820981
s0,2221,19.293671
s0,2222,20.942779
s0,2223,18.072813
s0,2224,14.124866
s0,2225,15.388452
s0,2226,12.900776
s0,2227,15.848711
s0,2228,15.676037
s0,2229,17.425249
s0,2230,19.820356
s0,2231,22.151921
s0,2232,23.995000
s0,2233,28.000940
s0,2234,31.663937
s0,2235,30.795531
s0,2236,30.348286
s0,2237,32.596804
s0,2238,30.440249
s0,2239,29.942529
s0,2240,28.998313
s0,2241,29.511526
s0,2242,29.286564
s0,2243,28.847561
s0,2244,25.246160
s0,2245,22.077634
s0,2246,17.830885
s0,2247,17.294210
s0,2248,16.662023
s0,2249,14.686138
s0,2250,17.474538
s0,2251,13.335953
s0,2252,14.182457
s0,2253,17.079346
s0,2254,21.210881
s0,2255,16.898134
s0,2256,20.381871
s0,2257,25.730765
s0,2258,24.375042
s0,2259,30.272522
s0,2260,26.792792
s0,2261,30.478404
s0,2262,28.749000
s0,2263,29.206347
s0,2264,25.866956
s0,2265,23.534780
s0,2266,25.539800
s0,2267,21.373225
s0,2268,18.530091
s0,2269,16.011414
s0,2270,14.029022
s0,2271,16.060451
s0,2272,10.999398
s0,2273,10.660990
s0,2274,14.256611
s0,2275,10.545612
s0,2276,11.883726
s0,2277,13.610271
s0,2278,14.065037
s0,2279,15.228877
s0,2280,20.310681
s0,2281,20.713207
s0,2282,20.992810
s0,2283,21.312249
s0,2284,22.822648
s0,2285,23.712853
s0,2286,22.056466
s0,2287,26.996558
s0,2288,24.370873
s0,2289,23.687073
s0,2290,18.797594
s0,2291,18.262493
s0,2292,16.488515
s0,2293,14.832000
s0,2294,12.364987
s0,2295,8.964370
s0,2296,11.354654
s0,2297,9.872586
s0,2298,8.515901
s0,2299,10.257918
s0,2300,11.281267
s0,2301,12.797863
s0,2302,12.438549
s0,2303,13.562072
s0,2304,15.332589
s0,2305,19.566259
s0,2306,18.922333
s0,2307,20.220364
s0,2308,23.826423
s0,2309,24.567010
s0,2310,25.018479
s0,2311,22.371455
s0,2312,23.420568
s0,2313,23.146481
s0,2314,19.276946
s0,2315,17.711265
s0,2316,15.623562
s0,2317,16.496494
s0,2318,13.619003
s0,2319,8.422701
s0,2320,6.915099
s0,2321,9.646522
s0,2322,8.055160
s0,2323,9.588248
s0,2324,10.032808
s0,2325,12.571610
s0,2326,10.093901
s0,2327,13.834476
s0,2328,17.274265
s0,2329,19.413817
s0,2330,19.550770
s0,2331,21.984973
s0,2332,23.270164
s0,2333,25.189744
s0,2334,26.626944
s0,2335,24.911376
s0,2336,24.430037
s0,2337,20.178042
s0,2338,20.302234
s0,2339,23.166246
s0,2340,15.520933
s0,2341,18.512906
s0,2342,14.062009
s0,2343,9.880907
s0,2344,14.225071
s0,2345,13.291827
s0,2346,10.304719
s0,2347,12.916590
s0,2348,11.906196
s0,2349,13.976770
s0,2350,15.967111
s0,2351,17.410266
s0,2352,20.838996
s0,2353,22.837316
s0,2354,23.462305
s0,2355,26.578301
s0,2356,26.691432
s0,2357,28.685163
s0,2358,28.095092
s0,2359,28.918348
s0,2360,30.668257
s0,2361,25.931744
s0,2362,23.120361
s0,2363,26.220753
s0,2364,22.203446
s0,2365,18.757539
s0,2366,17.600560
s0,2367,15.009272
s0,2368,16.825627
s0,2369,15.789217
s0,2370,15.499675
s0,2371,15.234069
s0,2372,12.512421
s0,2373,15.272407
s0,2374,19.387248
s0,2375,16.713416
s0,2376,23.000517
s0,2377,23.648444
s0,2378,28.318225
s0,2379,28.729189
s0,2380,32.086574
s0,2381,31.804116
s0,2382,31.785873
s0,2383,29.836312
s0,2384,31.656032
s0,2385,33.239240
s0,2386,25.085580
s0,2387,24.296281
s0,2388,26.562260
s0,2389,22.678580
s0,2390,19.481836
s0,2391,19.569160
s0,2392,17.592599
s0,2393,15.225601
s0,2394,14.930735
s0,2395,17.638237
s0,2396,17.609900
s0,2397,20.042287
s0,2398,21.001373
s0,2399,20.877321
s0,2400,26.338298
s0,2401,24.457195
s0,2402,27.097019
s0,2403,28.179936
s0,2404,28.409810
s0,2405,32.389805
s0,2406,29.919310
s0,2407,30.169108
s0,2408,31.900742
s0,2409,30.428092
s0,2410,26.310676
s0,2411,23.196080
s0,2412,22.960520
s0,2413,18.404749
s0,2414,17.315529
s0,2415,16.551131
s0,2416,15.539479
s0,2417,13.993375
s0,2418,14.261407
s0,2419,16.859139
s0,2420,16.328479
s0,2421,18.678036
s0,2422,19.433647
s0,2423,20.169693
s0,2424,19.793391
s0,2425,21.532381
s0,2426,25.428428
s0,2427,26.324198
s0,2428,26.611955
s0,2429,29.418210
s0,2430,30.848610
s0,2431,28.362113
s0,2432,27.661709
s0,2433,25.229568
s0,2434,23.198215
s0,2435,25.377962
s0,2436,17.989742
s0,2437,17.521923
s0,2438,14.985655
s0,2439,13.719461
s0,2440,14.149761
s0,2441,13.118967
s0,2442,10.885737
s0,2443,13.034910
s0,2444,10.666301
s0,2445,13.591113
s0,2446,17.385855
s0,2447,15.405739
s0,2448,18.592653
s0,2449,22.599206
s0,2450,20.652036
s0,2451,23.631646
s0,2452,24.171242
s0,2453,23.565017
s0,2454,26.152859
s0,2455,23.767650
s0,2456,26.856719
s0,2457,22.861485
s0,2458,20.731553
s0,2459,19.104060
s0,2460,17.037134
s0,2461,14.392298
s0,2462,12.786611
s0,2463,10.036550
s0,2464,8.808592
s0,2465,9.579401
s0,2466,4.977964
s0,2467,7.327171
s0,2468,9.361990
s0,2469,11.115421
s0,2470,11.552842
s0,2471,14.283703
s0,2472,15.541145
s0,2473,15.163145
s0,2474,21.549430
s0,2475,22.110799
s0,2476,21.407617
s0,2477,26.090164
s0,2478,25.083991
s0,2479,22.729397
s0,2480,24.709895
s0,2481,22.544450
s0,2482,21.370876
s0,2483,17.177416
s0,2484,15.209675
s0,2485,12.749802
s0,2486,11.312015
s0,2487,6.866671
s0,2488,11.082327
s0,2489,6.717627
s0,2490,9.307664
s0,2491,6.658981
s0,2492,9.794586
s0,2493,9.048486
s0,2494,12.663239
s0,2495,12.151543
s0,2496,15.925600
s0,2497,20.094091
s0,2498,21.410026
s0,2499,23.102101
s0,2500,22.834015
s0,2501,21.603805
s0,2502,24.077200
s0,2503,24.534605
s0,2504,27.041721
s0,2505,24.439964
s0,2506,22.506340
s0,2507,19.270496
s0,2508,17.097650
s0,2509,17.354874
s0,2510,13.943354
s0,2511,12.482998
s0,2512,14.961343
s0,2513,9.666406
s0,2514,10.659347
s0,2515,11.129443
s0,2516,11.433495
s0,2517,11.636781
s0,2518,17.736841
s0,2519,15.519969
s0,2520,18.547817
s0,2521,22.630141
s0,2522,22.308943
s0,2523,25.855433
s0,2524,27.113820
s0,2525,28.092253
s0,2526,28.665977
s0,2527,26.509210
s0,2528,27.228019
s0,2529,29.033191
s0,2530,27.323674
s0,2531,22.740875
s0,2532,23.471368
s0,2533,18.294738
s0,2534,15.817666
s0,2535,13.243653
s0,2536,13.544280
s0,2537,15.383678
s0,2538,13.973083
s0,2539,17.540358
s0,2540,17.135586
s0,2541,16.604829
s0,2542,18.574959
s0,2543,20.615876
s0,2544,24.725895
s0,2545,24.674240
s0,2546,27.281752
s0,2547,27.867040
s0,2548,32.470312
s0,2549,30.705292
s0,2550,30.569001
s0,2551,28.961430
s0,2552,32.197694
s0,2553,28.485664
s0,2554,27.709670
s0,2555,25.277541
s0,2556,23.601282
s0,2557,18.687637
s0,2558,18.699997
s0,2559,16.584216
s0,2560,20.546045
s0,2561,18.424782
s0,2562,16.700923
s0,2563,20.248618
s0,2564,19.104328
s0,2565,16.166437
s0,2566,17.898964
s0,2567,22.288298
s0,2568,23.788712
s0,2569,26.272619
s0,2570,26.502401
s0,2571,32.385194
s0,2572,30.089917
s0,2573,33.186024
s0,2574,33.938902
s0,2575,30.327492
s0,2576,31.314515
s0,2577,31.592517
s0,2578,29.638148
s0,2579,26.491774
s0,2580,23.830854
s0,2581,21.087495
s0,2582,20.962235
s0,2583,18.104470
s0,2584,15.991354
s0,2585,14.125412
s0,2586,12.329708
s0,2587,14.370236
s0,2588,18.308209
s0,2589,15.697495
s0,2590,16.974043
s0,2591,19.413463
s0,2592,21.394945
s0,2593,22.775441
s0,2594,26.490544
s0,2595,27.499240
s0,2596,29.999817
s0,2597,29.725099
s0,2598,29.188459
s0,2599,25.106147
s0,2600,27.839808
s0,2601,25.059705
s0,2602,26.023285
s0,2603,22.337621
s0,2604,18.779811
s0,2605,16.910698
s0,2606,13.778700
s0,2607,13.019212
s0,2608,12.979927
s0,2609,13.415065
s0,2610,11.941686
s0,2611,12.532831
s0,2612,13.318545
s0,2613,12.504227
s0,2614,16.863669
s0,2615,14.167149
s0,2616,18.461877
s0,2617,19.360269
s0,2618,18.855287
s0,2619,26.183117
s0,2620,21.478617
s0,2621,26.455086
s0,2622,28.375121
s0,2623,24.793259
s0,2624,24.022918
s0,2625,19.790374
s0,2626,20.668101
s0,2627,21.360135
s0,2628,16.037283
s0,2629,13.152018
s0,2630,8.989845
s0,2631,13.013335
s0,2632,10.266557
s0,2633,8.252901
s0,2634,10.064579
s0,2635,7.757254
s0,2636,8.813872
s0,2637,13.966046
s0,2638,10.743684
s0,2639,14.530276
s0,2640,16.457926
s0,2641,18.296194
s0,2642,20.054715
s0,2643,19.591348
s0,2644,22.719387
s0,2645,23.342250
s0,2646,22.929721
s0,2647,22.396540
s0,2648,21.336632
s0,2649,20.386922
s0,2650,20.699230
s0,2651,18.198616
s0,2652,18.749084
s0,2653,15.031077
s0,2654,11.225615
s0,2655,9.705027
s0,2656,9.071547
s0,2657,8.046311
s0,2658,8.402035
s0,2659,11.842046
s0,2660,9.364529
s0,2661,11.167444
s0,2662,10.788426
s0,2663,12.310182
s0,2664,16.655648
s0,2665,18.371008
s0,2666,21.390519
s0,2667,24.999608
s0,2668,23.390769
s0,2669,24.022916
s0,2670,27.071638
s0,2671,24.655039
s0,2672,24.766947
s0,2673,23.359639
s0,2674,25.006696
s0,2675,17.508460
s0,2676,16.951016
s0,2677,17.371148
s0,2678,16.394790
s0,2679,11.375520
s0,2680,13.778922
s0,2681,10.483660
s0,2682,9.947898
s0,2683,10.520747
s0,2684,13.041756
s0,2685,14.670658
s0,2686,14.301432
s0,2687,18.109425
s0,2688,19.388653
s0,2689,20.311673
s0,2690,27.005779
s0,2691,24.556682
s0,2692,27.688437
s0,2693,26.607271
s0,2694,28.199854
s0,2695,28.908078
s0,2696,28.365457
s0,2697,25.339960
s0,2698,25.269567
s0,2699,24.230034
s0,2700,24.110219
s0,2701,21.075566
s0,2702,19.716611
s0,2703,17.484113
s0,2704,14.257694
s0,2705,14.122486
s0,2706,15.944408
s0,2707,13.781861
s0,2708,13.998328
s0,2709,17.101529
s0,2710,16.023415
s0,2711,19.709461
s0,2712,21.304049
s0,2713,24.628949
s0,2714,29.404702
s0,2715,32.754447
s0,2716,31.341186
s0,2717,29.726861
s0,2718,32.773636
s0,2719,32.066443
s0,2720,29.687909
s0,2721,30.842111
s0,2722,27.048589
s0,2723,25.007144
s0,2724,23.991505
s0,2725,22.956453
s0,2726,19.366014
s0,2727,18.886347
s0,2728,14.133536
s0,2729,16.737443
s0,2730,15.234495
s0,2731,15.433124
s0,2732,13.019348
s0,2733,15.999271
s0,2734,17.162449
s0,2735,22.828440
s0,2736,22.424621
s0,2737,26.371567
s0,2738,28.876546
s0,2739,28.558123
s0,2740,29.007765
s0,2741,33.330472
s0,2742,32.022982
s0,2743,29.291575
s0,2744,31.160969
s0,2745,27.981641
s0,2746,28.048782
s0,2747,26.610824
s0,2748,21.820224
s0,2749,21.747959
s0,2750,14.113887
s0,2751,18.046978
s0,2752,12.656396
s0,2753,18.922631
s0,2754,15.060619
s0,2755,13.666198
s0,2756,17.138325
s0,2757,15.216162
s0,2758,18.190680
s0,2759,19.342672
s0,2760,21.737419
s0,2761,22.774849
s0,2762,26.162388
s0,2763,25.794211
s0,2764,28.287257
s0,2765,29.768272
s0,2766,27.937277
s0,2767,29.808053
s0,2768,28.301530
s0,2769,25.631875
s0,2770,23.476528
s0,2771,22.142045
s0,2772,19.275443
s0,2773,16.957754
s0,2774,15.488773
s0,2775,13.555707
s0,2776,12.646471
s0,2777,13.800606
s0,2778,12.568751
s0,2779,12.596613
s0,2780,12.720482
s0,2781,12.055968
s0,2782,12.841577
s0,2783,15.965778
s0,2784,20.162319
s0,2785,22.120193
s0,2786,19.667166
s0,2787,20.690092
s0,2788,27.354699
s0,2789,27.632147
s0,2790,24.503542
s0,2791,24.994709
s0,2792,24.287494
s0,2793,24.593523
s0,2794,20.287030
s0,2795,19.985530
s0,2796,17.310719
s0,2797,15.192067
s0,2798,14.381471
s0,2799,11.190903
s0,2800,7.557580
s0,2801,10.179979
s0,2802,7.616848
s0,2803,10.042843
s0,2804,9.771900
s0,2805,9.002770
s0,2806,12.585789
s0,2807,13.049689
s0,2808,16.532635
s0,2809,17.493418
s0,2810,21.660758
s0,2811,20.543242
s0,2812,22.351176
s0,2813,22.610393
s0,2814,22.729763
s0,2815,23.298599
s0,2816,23.282120
s0,2817,22.579161
s0,2818,20.126339
s0,2819,17.412156
s0,2820,13.605755
s0,2821,15.573149
s0,2822,11.365518
s0,2823,11.208785
s0,2824,7.644130
s0,2825,11.029099
s0,2826,9.502613
s0,2827,7.314287
s0,2828,10.164599
s0,2829,13.104626
s0,2830,12.412451
s0,2831,11.988974
s0,2832,17.603575
s0,2833,21.994520
s0,2834,18.512225
s0,2835,24.468150
s0,2836,23.834943
s0,2837,24.972389
s0,2838,25.812817
s0,2839,25.371837
s0,2840,26.055383
s0,2841,21.665419
s0,2842,21.862336
s0,2843,18.704541
s0,2844,17.447326
s0,2845,21.085998
s0,2846,13.185111
s0,2847,13.740198
s0,2848,12.382892
s0,2849,8.165395
s0,2850,9.274369
s0,2851,8.623009
s0,2852,12.231023
s0,2853,11.791844
s0,2854,14.265475
s0,2855,15.323676
s0,2856,21.077111
s0,2857,23.175101
s0,2858,26.677091
s0,2859,25.823313
s0,2860,28.705314
s0,2861,30.278413
s0,2862,32.237348
s0,2863,26.763400
s0,2864,26.810677
s0,2865,25.408440
s0,2866,23.242759
s0,2867,24.813227
s0,2868,22.900548
s0,2869,17.562020
s0,2870,16.262841
s0,2871,16.973193
s0,2872,14.538349
s0,2873,15.014294
s0,2874,14.223438
s0,2875,16.577769
s0,2876,17.595222
s0,2877,14.243814
s0,2878,21.102263
s0,2879,20.190435
s0,2880,21.312874
s0,2881,26.253594
s0,2882,25.737438
s0,2883,27.032168
s0,2884,29.840351
s0,2885,33.441782
s0,2886,28.695214
s0,2887,29.727538
s0,2888,27.945224
s0,2889,27.504819
s0,2890,27.584594
s0,2891,23.822594
s0,2892,24.396316
s0,2893,22.029025
s0,2894,21.110851
s0,2895,21.390051
s0,2896,15.479054
s0,2897,15.500297
s0,2898,15.033113
s0,2899,15.546330
s0,2900,17.705992
s0,2901,19.277735
s0,2902,19.145786
s0,2903,23.990440
s0,2904,23.465092
s0,2905,25.748835
s0,2906,26.398432
s0,2907,30.501148
s0,2908,31.844837
s0,2909,31.398141
s0,2910,28.159060
s0,2911,30.873706
s0,2912,31.341543
s0,2913,28.376094
s0,2914,27.150190
s0,2915,26.109033
s0,2916,20.216299
s0,2917,22.232864
s0,2918,15.902290
s0,2919,17.324436
s0,2920,16.712423
s0,2921,14.078626
s0,2922,15.241398
s0,2923,15.438050
s0,2924,14.474306
s0,2925,15.792268
s0,2926,19.286228
s0,2927,20.288879
s0,2928,22.696318
s0,2929,24.327458
s0,2930,24.550438
s0,2931,25.286819
s0,2932,26.473010
s0,2933,26.625163
s0,2934,25.675982
s0,2935,27.527014
s0,2936,26.083070
s0,2937,26.207645
s0,2938,23.933667
s0,2939,22.817156
s0,2940,21.801328
s0,2941,16.210393
s0,2942,15.300691
s0,2943,13.286110
s0,2944,11.077918
s0,2945,9.620133
s0,2946,11.205354
s0,2947,11.659013
s0,2948,11.449131
s0,2949,13.921800
s0,2950,15.037531
s0,2951,17.948541
s0,2952,18.333685
s0,2953,20.446585
s0,2954,23.793273
s0,2955,22.838141
s0,2956,25.414199
s0,2957,26.944678
s0,2958,26.950299
s0,2959,26.449207
s0,2960,25.207637
s0,2961,22.377052
s0,2962,22.642896
s0,2963,18.234074
s0,2964,16.200420
s0,2965,14.371327
s0,2966,13.562339
s0,2967,13.531460
s0,2968,11.721755
s0,2969,10.775157
s0,2970,9.503049
s0,2971,8.855302
s0,2972,7.960308
s0,2973,9.634557
s0,2974,12.401487
s0,2975,16.797233
s0,2976,17.026071
s0,2977,18.736919
s0,2978,20.975232
s0,2979,19.537652
s0,2980,21.883102
s0,2981,24.556596
s0,2982,25.637795
s0,2983,22.781286
s0,2984,23.833755
s0,2985,18.670188
s0,2986,20.851784
s0,2987,20.424552
s0,2988,15.780222
s0,2989,13.081725
s0,2990,16.458422
s0,2991,10.647045
s0,2992,11.561999
s0,2993,7.567231
s0,2994,6.494852
s0,2995,6.288986
s0,2996,11.201428
s0,2997,8.304097
s0,2998,9.502202
s0,2999,13.729706
s1,0,49.373387
s1,1,55.424627
s1,2,57.515628
s1,3,54.806062
s1,4,64.300363
s1,5,63.452431
s1,6,59.621073
s1,7,61.908647
s1,8,58.598514
s1,9,54.990249
s1,10,50.156880
s1,11,47.761185
s1,12,39.195731
s1,13,37.372417
s1,14,33.091770
s1,15,34.493293
s1,16,31.273751
s1,17,29.975051
s1,18,29.300772
s1,19,33.237021
s1,20,37.265330
s1,21,40.190932
s1,22,50.044906
s1,23,53.749217
s1,24,45.574109
s1,25,52.692407
s1,26,62.250429
s1,27,64.174806
s1,28,68.094736
s1,29,68.679802
s1,30,74.619081
s1,31,61.740495
s1,32,61.522062
s1,33,66.305857
s1,34,57.374616
s1,35,53.040187
s1,36,44.625107
s1,37,36.693613
s1,38,39.543565
s1,39,36.783433
s1,40,30.645122
s1,41,32.122355
s1,42,34.992411
s1,43,33.857408
s1,44,39.630608
s1,45,43.939991
s1,46,47.911050
s1,47,50.469205
s1,48,58.630506
s1,49,63.666237
s1,50,65.073447
s1,51,63.646911
s1,52,70.439209
s1,53,66.481780
s1,54,70.349239
s1,55,61.599565
s1,56,65.417112
s1,57,58.357775
s1,58,49.726246
s1,59,48.282220
s1,60,44.919377
s1,61,41.379525
s1,62,33.376365
s1,63,30.120540
s1,64,32.831818
s1,65,29.878103
s1,66,32.807896
s1,67,36.237868
s1,68,30.546730
s1,69,40.509113
s1,70,47.797239
s1,71,46.748135
s1,72,49.126267
s1,73,58.309424
s1,74,59.754643
s1,75,64.267742
s1,76,61.245239
s1,77,57.434063
s1,78,61.092784
s1,79,57.740368
s1,80,58.758698
s1,81,52.762440
s1,82,41.932804
s1,83,38.632834
s1,84,41.041767
s1,85,35.928172
s1,86,27.593828
s1,87,26.875603
s1,88,26.533807
s1,89,25.878287
s1,90,27.725876
s1,91,27.156040
s1,92,28.508707
s1,93,31.308767
s1,94,39.757728
s1,95,32.541865
s1,96,43.965071
s1,97,48.357158
s1,98,46.510392
s1,99,54.895615
s1,100,52.795534
s1,101,58.167139
s1,102,53.748374
s1,103,54.360435
s1,104,53.141595
s1,105,46.356421
s1,106,37.574549
s1,107,30.678445
s1,108,37.301725
s1,109,26.589736
s1,110,20.950953
s1,111,21.044519
s1,112,18.159286
s1,113,21.184131
s1,114,18.975653
s1,115,20.651047
s1,116,20.890461
s1,117,28.531806
s1,118,27.468181
s1,119,37.718228
s1,120,45.033610
s1,121,38.546963
s1,122,38.709762
s1,123,51.896176
s1,124,60.084313
s1,125,48.249601
s1,126,46.625368
s1,127,51.093562
s1,128,43.309986
s1,129,40.822218
s1,130,37.189013
s1,131,35.796809
s1,132,28.196472
s1,133,26.540977
s1,134,21.601408
s1,135,16.798297
s1,136,17.157782
s1,137,14.690978
s1,138,18.881157
s1,139,17.009195
s1,140,20.145220
s1,141,32.772738
s1,142,31.963254
s1,143,36.627321
s1,144,43.207821
s1,145,44.287466
s1,146,48.627543
s1,147,53.705155
s1,148,55.007071
s1,149,50.694148
s1,150,57.053914
s1,151,50.522370
s1,152,46.306725
s1,153,43.441151
s1,154,41.255376
s1,155,44.013109
s1,156,30.203981
s1,157,31.012817
s1,158,19.927114
s1,159,24.992439
s1,160,26.843048
s1,161,22.819555
s1,162,22.535939
s1,163,27.698248
s1,164,32.504795
s1,165,36.370110
s1,166,45.422196
s1,167,44.145732
s1,168,46.140031
s1,169,52.158168
s1,170,56.126671
s1,171,59.672997
s1,172,61.076006
s1,173,62.513412
s1,174,55.712422
s1,175,62.765288
s1,176,55.360617
s1,177,49.932357
s1,178,52.257295
s1,179,50.417562
s1,180,43.433874
s1,181,38.489515
s1,182,31.540229
s1,183,42.327579
s1,184,34.171161
s1,185,27.055920
s1,186,29.308599
s1,187,34.423413
s1,188,31.877956
s1,189,41.722246
s1,190,44.001681
s1,191,54.506014
s1,192,58.236384
s1,193,49.857957
s1,194,62.996638
s1,195,60.054571
s1,196,71.183316
s1,197,68.510150
s1,198,69.209095
s1,199,61.902150
s1,200,69.126476
s1,201,66.227614
s1,202,51.475002
s1,203,52.039674
s1,204,44.075998
s1,205,42.293438
s1,206,34.603526
s1,207,42.843880
s1,208,31.535068
s1,209,33.456874
s1,210,36.969412
s1,211,34.881854
s1,212,39.144421
s1,213,41.667931
s1,214,47.328329
s1,215,48.179468
s1,216,55.074013
s1,217,59.881120
s1,218,62.817067
s1,219,66.662844
s1,220,66.906783
s1,221,70.806683
s1,222,66.204601
s1,223,64.823074
s1,224,59.973291
s1,225,56.611989
s1,226,49.671975
s1,227,51.152563
s1,228,40.794513
s1,229,37.868149
s1,230,38.000412
s1,231,35.325470
s1,232,30.764597
s1,233,24.526431
s1,234,33.445635
s1,235,34.514472
s1,236,31.361644
s1,237,42.287587
s1,238,41.159006
s1,239,43.891660
s1,240,52.251215
s1,241,55.101163
s1,242,59.579453
s1,243,55.644380
s1,244,68.682161
s1,245,60.464610
s1,246,56.164649
s1,247,61.410389
s1,248,54.863039
s1,249,53.214787
s1,250,46.383834
s1,251,42.546745
s1,252,38.842464
s1,253,31.011173
s1,254,32.140488
s1,255,25.259428
s1,256,21.999978
s1,257,24.529191
s1,258,26.239486
s1,259,25.482252
s1,260,25.862401
s1,261,34.337501
s1,262,30.050460
s1,263,36.747287
s1,264,44.579268
s1,265,43.551702
s1,266,51.520205
s1,267,53.559257
s1,268,58.138604
s1,269,52.040840
s1,270,52.023743
s1,271,53.202309
s1,272,40.468668
s1,273,55.722568
s1,274,38.184927
s1,275,33.382635
s1,276,34.226031
s1,277,26.836067
s1,278,17.190642
s1,279,22.708330
s1,280,21.767669
s1,281,16.695707
s1,282,17.887996
s1,283,22.278886
s1,284,20.221033
s1,285,28.424327
s1,286,31.719019
s1,287,33.096286
s1,288,34.981744
s1,289,43.025017
s1,290,44.193426
s1,291,53.221693
s1,292,51.798142
s1,293,54.395805
s1,294,51.400690
s1,295,49.969576
s1,296,43.508962
s1,297,44.869359
s1,298,44.541032
s1,299,32.895424
s1,300,27.550237
s1,301,25.039010
s1,302,20.550916
s1,303,17.291893
s1,304,18.736620
s1,305,16.964276
s1,306,23.818634
s1,307,20.883964
s1,308,25.029087
s1,309,31.032162
s1,310,31.109851
s1,311,41.765694
s1,312,39.263549
s1,313,42.951818
s1,314,48.152769
s1,315,51.844185
s1,316,49.203079
s1,317,54.569380
s1,318,48.433317
s1,319,57.356490
s1,320,49.667926
s1,321,44.332285
s1,322,39.470495
s1,323,37.078481
s1,324,33.487189
s1,325,26.860491
s1,326,24.125777
s1,327,24.352630
s1,328,21.946966
s1,329,26.872913
s1,330,28.627734
s1,331,26.955434
s1,332,31.723848
s1,333,29.479897
s1,334,40.820130
s1,335,43.319288
s1,336,49.852824
s1,337,58.109011
s1,338,48.514245
s1,339,60.197682
s1,340,57.390746
s1,341,63.955093
s1,342,56.944885
s1,343,58.197788
s1,344,58.040641
s1,345,56.091172
s1,346,50.316729
s1,347,43.143649
s1,348,39.826280
s1,349,40.982950
s1,350,34.734724
s1,351,26.624744
s1,352,34.045011
s1,353,32.418026
s1,354,35.006832
s1,355,32.963200
s1,356,40.091998
s1,357,37.483369
s1,358,47.548988
s1,359,48.588554
s1,360,57.244300
s1,361,62.670568
s1,362,60.315857
s1,363,65.453543
s1,364,67.492568
s1,365,72.031561
s1,366,69.768050
s1,367,61.370771
s1,368,64.401122
s1,369,61.832622
s1,370,62.466331
s1,371,44.966357
s1,372,44.548078
s1,373,46.970944
s1,374,34.295241
s1,375,32.272996
s1,376,36.658354
s1,377,37.988055
s1,378,32.935746
s1,379,38.975927
s1,380,40.372510
s1,381,48.846125
s1,382,47.783146
s1,383,55.627918
s1,384,53.470666
s1,385,59.957004
s1,386,63.634103
s1,387,70.394042
s1,388,69.915116
s1,389,65.618926
s1,390,69.669497
s1,391,67.950558
s1,392,61.880003
s1,393,57.538749
s1,394,53.362744
s1,395,43.521461
s1,396,45.383497
s1,397,41.247800
s1,398,33.778502
s1,399,36.497044
s1,400,27.411083
s1,401,29.584882
s1,402,30.357960
s1,403,40.470868
s1,404,30.717717
s1,405,41.571653
s1,406,46.823353
s1,407,49.075795
s1,408,55.995027
s1,409,52.259835
s1,410,51.020720
s1,411,63.822842
s1,412,58.313097
s1,413,61.416900
s1,414,57.408407
s1,415,62.904703
s1,416,59.068338
s1,417,49.612840
s1,418,50.668920
s1,419,43.170730
s1,420,37.514775
s1,421,33.782878
s1,422,29.101911
s1,423,28.999200
s1,424,26.067671
s1,425,23.059006
s1,426,28.174046
s1,427,24.164095
s1,428,29.824677
s1,429,33.656251
s1,430,41.216071
s1,431,38.558470
s1,432,50.451601
s1,433,48.850661
s1,434,50.755049
s1,435,51.430297
s1,436,57.061572
s1,437,55.362894
s1,438,50.377056
s1,439,48.165865
s1,440,47.025197
s1,441,42.706169
s1,442,44.351620
s1,443,40.640058
s1,444,34.251650
s1,445,28.206979
s1,446,21.848324
s1,447,20.735060
s1,448,21.868769
s1,449,25.592380
s1,450,22.005550
s1,451,19.637043
s1,452,23.484761
s1,453,25.249781
s1,454,28.335015
s1,455,34.787743
s1,456,40.454754
s1,457,50.131230
s1,458,47.390451
s1,459,54.448679
s1,460,57.394169
s1,461,51.971543
s1,462,56.478872
s1,463,51.527781
s1,464,44.768750
s1,465,43.480637
s1,466,38.467869
s1,467,33.162052
s1,468,28.908370
s1,469,26.080191
s1,470,23.706599
s1,471,16.659687
s1,472,18.227893
s1,473,12.719393
s1,474,19.757686
s1,475,23.032876
s1,476,24.477699
s1,477,28.735815
s1,478,34.180175
s1,479,34.520460
s1,480,40.620482
s1,481,47.499398
s1,482,52.868922
s1,483,53.600959
s1,484,62.833507
s1,485,54.375426
s1,486,57.627227
s1,487,56.924187
s1,488,49.486013
s1,489,43.716788
s1,490,38.525078
s1,491,38.963033
s1,492,38.083448
s1,493,31.397487
s1,494,27.892250
s1,495,23.690654
s1,496,25.676080
s1,497,16.272942
s1,498,25.506399
s1,499,26.997161
s1,500,25.367611
s1,501,41.581913
s1,502,33.840345
s1,503,39.710396
s1,504,44.042636
s1,505,56.419974
s1,506,53.315267
s1,507,61.603092
s1,508,63.204718
s1,509,62.808843
s1,510,56.964652
s1,511,57.795489
s1,512,63.109186
s1,513,49.526993
s1,514,47.192112
s1,515,45.317334
s1,516,44.523025
s1,517,38.801408
s1,518,37.311579
s1,519,28.749947
s1,520,34.393560
s1,521,32.944674
s1,522,26.499469
s1,523,39.431826
s1,524,45.139377
s1,525,38.491602
s1,526,45.775985
s1,527,55.095991
s1,528,49.813769
s1,529,52.344778
s1,530,58.382195
s1,531,63.675403
s1,532,65.364343
s1,533,70.024256
s1,534,68.244359
s1,535,61.278389
s1,536,64.779515
s1,537,65.724365
s1,538,59.271730
s1,539,54.170987
s1,540,46.466491
s1,541,45.765357
s1,542,35.635946
s1,543,38.996471
s1,544,34.575168
s1,545,38.375843
s1,546,36.847135
s1,547,33.357138
s1,548,40.410558
s1,549,47.810178
s1,550,43.895804
s1,551,50.287032
s1,552,53.934110
s1,553,55.438665
s1,554,67.281036
s1,555,70.986561
s1,556,70.674960
s1,557,69.046454
s1,558,67.139332
s1,559,66.119285
s1,560,59.743113
s1,561,61.508107
s1,562,57.634714
s1,563,52.578828
s1,564,42.902652
s1,565,40.709454
s1,566,36.190599
s1,567,40.103149
s1,568,32.763261
s1,569,24.999355
s1,570,33.369772
s1,571,40.108084
s1,572,38.592123
s1,573,42.663864
s1,574,43.700071
s1,575,40.978171
s1,576,45.681091
s1,577,51.421467
s1,578,58.443787
s1,579,62.248142
s1,580,64.811707
s1,581,61.368441
s1,582,64.770628
s1,583,58.312860
s1,584,53.657640
s1,585,55.030659
s1,586,44.402318
s1,587,33.345259
s1,588,34.341490
s1,589,33.909534
s1,590,19.183141
s1,591,25.648130
s1,592,23.853126
s1,593,19.346523
s1,594,19.595055
s1,595,24.677759
s1,596,26.949682
s1,597,36.544100
s1,598,37.410670
s1,599,34.851415
s1,600,41.496964
s1,601,50.674094
s1,602,57.959319
s1,603,55.080676
s1,604,56.111618
s1,605,61.608401
s1,606,54.103152
s1,607,50.988300
s1,608,44.068521
s1,609,43.268011
s1,610,48.103474
s1,611,30.997567
s1,612,31.296221
s1,613,22.118732
s1,614,23.767370
s1,615,23.607056
s1,616,17.979217
s1,617,20.764292
s1,618,21.343516
s1,619,22.144588
s1,620,29.269756
s1,621,29.597887
s1,622,29.980793
s1,623,33.075979
s1,624,36.866600
s1,625,45.443062
s1,626,46.095190
s1,627,59.177436
s1,628,57.652558
s1,629,50.960400
s1,630,49.802089
s1,631,54.889530
s1,632,39.715913
s1,633,41.009996
s1,634,41.666357
s1,635,30.818860
s1,636,27.949909
s1,637,24.372671
s1,638,24.487805
s1,639,20.184028
s1,640,19.646287
s1,641,20.019096
s1,642,18.961899
s1,643,24.711497
s1,644,21.399741
s1,645,22.800004
s1,646,26.021538
s1,647,31.225350
s1,648,39.546826
s1,649,49.288871
s1,650,50.015695
s1,651,50.176380
s1,652,50.345662
s1,653,52.867235
s1,654,52.789826
s1,655,50.609704
s1,656,45.009013
s1,657,44.905020
s1,658,46.107789
s1,659,30.907564
s1,660,33.426764
s1,661,23.148529
s1,662,27.927381
s1,663,22.421173
s1,664,16.552593
s1,665,23.982486
s1,666,30.970156
s1,667,27.275567
s1,668,34.096111
s1,669,33.835937
s1,670,31.185469
s1,671,45.115455
s1,672,46.740277
s1,673,47.552484
s1,674,59.081987
s1,675,60.286994
s1,676,59.368378
s1,677,64.906053
s1,678,58.465886
s1,679,62.123450
s1,680,54.099942
s1,681,55.816940
s1,682,46.264523
s1,683,51.009987
s1,684,42.610981
s1,685,42.873241
s1,686,31.918632
s1,687,30.787842
s1,688,34.031230
s1,689,21.525323
s1,690,28.318755
s1,691,37.685047
s1,692,38.840539
s1,693,44.514873
s1,694,44.516369
s1,695,52.223102
s1,696,52.400455
s1,697,54.474738
s1,698,57.010765
s1,699,63.728341
s1,700,65.466035
s1,701,65.761149
s1,702,55.085619
s1,703,58.684359
s1,704,60.987667
s1,705,60.253602
s1,706,53.150216
s1,707,47.731796
s1,708,38.439408
s1,709,49.342986
s1,710,35.170662
s1,711,42.210480
s1,712,40.255755
s1,713,35.421763
s1,714,33.266913
s1,715,37.569817
s1,716,35.994708
s1,717,44.509613
s1,718,47.798557
s1,719,54.048186
s1,720,59.860046
s1,721,66.567559
s1,722,62.628891
s1,723,70.064088
s1,724,65.188174
s1,725,65.126640
s1,726,65.188189
s1,727,61.909189
s1,728,65.643921
s1,729,61.609436
s1,730,58.416583
s1,731,49.277049
s1,732,45.678701
s1,733,38.445294
s1,734,32.794588
s1,735,35.478675
s1,736,33.068939
s1,737,27.671053
s1,738,34.013782
s1,739,27.615832
s1,740,35.613232
s1,741,37.459461
s1,742,41.751299
s1,743,44.038956
s1,744,55.204560
s1,745,57.667245
s1,746,62.960352
s1,747,61.629384
s1,748,57.960716
s1,749,61.235578
s1,750,57.364726
s1,751,60.817326
s1,752,60.218137
s1,753,53.184562
s1,754,45.443079
s1,755,41.431310
s1,756,38.651761
s1,757,28.550966
s1,758,30.264794
s1,759,27.511753
s1,760,23.066662
s1,761,22.767492
s1,762,25.235703
s1,763,23.382248
s1,764,25.938433
s1,765,34.820733
s1,766,36.819520
s1,767,46.018346
s1,768,40.968433
s1,769,42.035303
s1,770,54.590825
s1,771,56.968460
s1,772,52.413244
s1,773,50.048189
s1,774,53.932454
s1,775,45.925191
s1,776,47.668268
s1,777,37.415201
s1,778,39.669609
s1,779,28.482536
s1,780,30.330927
s1,781,32.090623
s1,782,22.287977
s1,783,23.081689
s1,784,16.485151
s1,785,15.046145
s1,786,13.567137
s1,787,24.058704
s1,788,23.019387
s1,789,32.367562
s1,790,26.827187
s1,791,34.509044
s1,792,39.905191
s1,793,48.518920
s1,794,53.336353
s1,795,47.375407
s1,796,47.232914
s1,797,45.550799
s1,798,55.378987
s1,799,48.594545
s1,800,43.803764
s1,801,42.216862
s1,802,29.395850
s1,803,27.838723
s1,804,32.640139
s1,805,26.769001
s1,806,22.548025
s1,807,16.077800
s1,808,20.105639
s1,809,23.916457
s1,810,14.455833
s1,811,20.751717
s1,812,22.229715
s1,813,28.810819
s1,814,32.010683
s1,815,36.121570
s1,816,38.218661
s1,817,45.498334
s1,818,47.111663
s1,819,51.548841
s1,820,53.628475
s1,821,56.759631
s1,822,51.987856
s1,823,51.256652
s1,824,53.456160
s1,825,45.606437
s1,826,41.512464
s1,827,41.196728
s1,828,35.009446
s1,829,30.589399
s1,830,27.869290
s1,831,20.540676
s1,832,25.149274
s1,833,28.026259
s1,834,26.532059
s1,835,21.363561
s1,836,30.902269
s1,837,30.798285
s1,838,37.680663
s1,839,43.713957
s1,840,43.917963
s1,841,57.046441
s1,842,55.991672
s1,843,61.884892
s1,844,63.225296
s1,845,66.406530
s1,846,65.442257
s1,847,54.689470
s1,848,57.358382
s1,849,46.487857
s1,850,48.391281
s1,851,48.215201
s1,852,44.761931
s1,853,42.256041
s1,854,33.334245
s1,855,33.414758
s1,856,31.356314
s1,857,35.235814
s1,858,37.357353
s1,859,32.773935
s1,860,50.169507
s1,861,41.016725
s1,862,44.209138
s1,863,52.236341
s1,864,57.426447
s1,865,60.981388
s1,866,60.509975
s1,867,70.607056
s1,868,67.447305
s1,869,73.137408
s1,870,72.029358
s1,871,61.096459
s1,872,59.361739
s1,873,55.733598
s1,874,55.928128
s1,875,50.865245
s1,876,47.250351
s1,877,39.504252
s1,878,40.369774
s1,879,41.182239
s1,880,30.209952
s1,881,33.740530
s1,882,36.037051
s1,883,36.607160
s1,884,39.231236
s1,885,49.651073
s1,886,52.156083
s1,887,55.087233
s1,888,53.904719
s1,889,68.266178
s1,890,65.159812
s1,891,64.423384
s1,892,66.702456
s1,893,66.471822
s1,894,74.580122
s1,895,65.953158
s1,896,62.434866
s1,897,50.958417
s1,898,56.525846
s1,899,45.670713
s1,900,40.793001
s1,901,42.505920
s1,902,33.740998
s1,903,36.774151
s1,904,35.966292
s1,905,25.274006
s1,906,31.482089
s1,907,28.149819
s1,908,35.971953
s1,909,42.731834
s1,910,38.829709
s1,911,53.941143
s1,912,50.802153
s1,913,51.588237
s1,914,58.400749
s1,915,63.857164
s1,916,57.633656
s1,917,62.492856
s1,918,56.681185
s1,919,63.370765
s1,920,56.561344
s1,921,50.568992
s1,922,51.061870
s1,923,38.248662
s1,924,36.576138
s1,925,39.884588
s1,926,29.307644
s1,927,31.489919
s1,928,25.603651
s1,929,21.783037
s1,930,23.787695
s1,931,26.468167
s1,932,27.353291
s1,933,29.289273
s1,934,33.352561
s1,935,35.114730
s1,936,44.750176
s1,937,49.526002
s1,938,53.930778
s1,939,47.448511
s1,940,57.742629
s1,941,55.059408
s1,942,49.180890
s1,943,52.315211
s1,944,51.672275
s1,945,46.761425
s1,946,43.017679
s1,947,39.081268
s1,948,34.270257
s1,949,26.775335
s1,950,16.071018
s1,951,17.854271
s1,952,19.972484
s1,953,16.554630
s1,954,21.148888
s1,955,23.281417
s1,956,23.447983
s1,957,33.321955
s1,958,27.600321
s1,959,38.563348
s1,960,38.082461
s1,961,41.043418
s1,962,49.171850
s1,963,47.578715
s1,964,54.194575
s1,965,47.610617
s1,966,50.990355
s1,967,46.088728
s1,968,45.330824
s1,969,41.217303
s1,970,34.431847
s1,971,36.156264
s1,972,25.235620
s1,973,22.139131
s1,974,25.218392
s1,975,23.001040
s1,976,20.498953
s1,977,19.077201
s1,978,26.650074
s1,979,16.652286
s1,980,21.289332
s1,981,24.264482
s1,982,35.185058
s1,983,37.747323
s1,984,45.215580
s1,985,49.032805
s1,986,48.582422
s1,987,49.359935
s1,988,50.557333
s1,989,62.259052
s1,990,57.462328
s1,991,54.548464
s1,992,48.725720
s1,993,45.809571
s1,994,41.363798
s1,995,37.235826
s1,996,25.919367
s1,997,30.198353
s1,998,25.927441
s1,999,25.945641
s1,1000,24.413788
s1,1001,26.526497
s1,1002,24.610076
s1,1003,29.597324
s1,1004,21.213507
s1,1005,30.236574
s1,1006,44.522397
s1,1007,39.172654
s1,1008,47.171076
s1,1009,54.979901
s1,1010,53.285502
s1,1011,61.740004
s1,1012,56.207919
s1,1013,55.269437
s1,1014,56.840993
s1,1015,54.156179
s1,1016,57.231976
s1,1017,52.832120
s1,1018,51.142251
s1,1019,42.257527
s1,1020,50.451227
s1,1021,37.556110
s1,1022,34.547141
s1,1023,33.951457
s1,1024,30.248854
s1,1025,28.758006
s1,1026,32.243582
s1,1027,37.242442
s1,1028,39.483939
s1,1029,44.340143
s1,1030,43.592479
s1,1031,47.561590
s1,1032,61.783488
s1,1033,58.335728
s1,1034,64.458176
s1,1035,68.132458
s1,1036,72.213530
s1,1037,63.231495
s1,1038,65.622479
s1,1039,64.038768
s1,1040,61.744483
s1,1041,50.907658
s1,1042,54.774475
s1,1043,40.740135
s1,1044,47.386574
s1,1045,44.190780
s1,1046,40.991199
s1,1047,32.219149
s1,1048,38.133592
s1,1049,31.465061
s1,1050,30.977291
s1,1051,33.702022
s1,1052,37.015061
s1,1053,44.174485
s1,1054,50.601247
s1,1055,44.940876
s1,1056,54.690389
s1,1057,63.675905
s1,1058,64.643755
s1,1059,68.197089
s1,1060,62.730390
s1,1061,71.480680
s1,1062,61.910388
s1,1063,65.949313
s1,1064,66.957240
s1,1065,64.905236
s1,1066,55.794118
s1,1067,52.401047
s1,1068,42.642798
s1,1069,38.779603
s1,1070,40.793176
s1,1071,33.943298
s1,1072,31.704968
s1,1073,26.624705
s1,1074,32.515187
s1,1075,35.846085
s1,1076,33.492679
s1,1077,37.884260
s1,1078,49.023749
s1,1079,48.388239
s1,1080,50.926413
s1,1081,51.797080
s1,1082,56.745241
s1,1083,60.317786
s1,1084,67.154745
s1,1085,60.437598
s1,1086,67.657248
s1,1087,56.075905
s1,1088,54.853447
s1,1089,55.002744
s1,1090,46.726522
s1,1091,39.890683
s1,1092,37.540785
s1,1093,35.131712
s1,1094,23.886508
s1,1095,26.022490
s1,1096,24.620979
s1,1097,22.871896
s1,1098,27.240229
s1,1099,24.312056
s1,1100,27.579071
s1,1101,32.330799
s1,1102,38.630894
s1,1103,39.538406
s1,1104,49.670885
s1,1105,45.114412
s1,1106,55.858444
s1,1107,50.791382
s1,1108,54.478457
s1,1109,56.449112
s1,1110,61.264531
s1,1111,55.141799
s1,1112,47.541077
s1,1113,49.514614
s1,1114,39.856582
s1,1115,33.170256
s1,1116,32.804301
s1,1117,27.299021
s1,1118,26.611881
s1,1119,18.652251
s1,1120,20.134178
s1,1121,20.434067
s1,1122,19.817148
s1,1123,20.503742
s1,1124,20.948928
s1,1125,30.028478
s1,1126,31.505044
s1,1127,37.133650
s1,1128,38.571286
s1,1129,43.847554
s1,1130,43.635666
s1,1131,50.064550
s1,1132,53.939219
s1,1133,52.020441
s1,1134,53.899045
s1,1135,50.141963
s1,1136,50.909378
s1,1137,41.911417
s1,1138,32.740492
s1,1139,35.453775
s1,1140,29.024164
s1,1141,22.224606
s1,1142,24.454909
s1,1143,20.621127
s1,1144,19.795378
s1,1145,16.821365
s1,1146,19.537939
s1,1147,21.760000
s1,1148,30.029937
s1,1149,25.392777
s1,1150,32.110410
s1,1151,38.067386
s1,1152,35.499001
s1,1153,40.212616
s1,1154,56.881109
s1,1155,46.148199
s1,1156,56.015392
s1,1157,51.766441
s1,1158,51.550616
s1,1159,45.723703
s1,1160,46.842199
s1,1161,49.249003
s1,1162,37.814494
s1,1163,40.456142
s1,1164,35.336132
s1,1165,37.418300
s1,1166,25.660636
s1,1167,29.352949
s1,1168,26.806173
s1,1169,22.647182
s1,1170,18.973018
s1,1171,32.103392
s1,1172,25.388126
s1,1173,32.450509
s1,1174,41.667284
s1,1175,47.271517
s1,1176,45.267790
s1,1177,52.482118
s1,1178,55.485235
s1,1179,63.371114
s1,1180,69.813225
s1,1181,55.605940
s1,1182,64.630999
s1,1183,50.053074
s1,1184,57.390287
s1,1185,50.154261
s1,1186,56.924896
s1,1187,46.450101
s1,1188,39.194636
s1,1189,36.212805
s1,1190,32.770582
s1,1191,33.078141
s1,1192,30.591672
s1,1193,33.244078
s1,1194,37.305513
s1,1195,36.541422
s1,1196,33.011113
s1,1197,35.543544
s1,1198,42.980141
s1,1199,53.909475
s1,1200,53.764802
s1,1201,56.902829
s1,1202,63.329559
s1,1203,60.750683
s1,1204,63.430917
s1,1205,69.689813
s1,1206,66.273690
s1,1207,64.011388
s1,1208,63.918621
s1,1209,57.248121
s1,1210,52.779659
s1,1211,49.169535
s1,1212,48.474227
s1,1213,42.580891
s1,1214,34.848406
s1,1215,35.362985
s1,1216,37.110412
s1,1217,40.926164
s1,1218,31.302949
s1,1219,38.281021
s1,1220,39.077424
s1,1221,46.456496
s1,1222,49.338040
s1,1223,57.289175
s1,1224,58.374397
s1,1225,58.715242
s1,1226,62.110870
s1,1227,67.865398
s1,1228,69.278541
s1,1229,76.476210
s1,1230,73.097168
s1,1231,61.248682
s1,1232,63.472115
s1,1233,53.838890
s1,1234,48.323526
s1,1235,51.927336
s1,1236,46.634808
s1,1237,36.859145
s1,1238,42.428007
s1,1239,30.567984
s1,1240,28.118560
s1,1241,33.736670
s1,1242,32.757682
s1,1243,33.066446
s1,1244,35.999075
s1,1245,40.403676
s1,1246,43.094619
s1,1247,47.179098
s1,1248,45.385679
s1,1249,51.090499
s1,1250,60.986991
s1,1251,58.751755
s1,1252,64.314564
s1,1253,66.800794
s1,1254,60.248452
s1,1255,60.252604
s1,1256,63.243895
s1,1257,54.490478
s1,1258,53.903612
s1,1259,48.038476
s1,1260,40.592167
s1,1261,33.199249
s1,1262,26.898376
s1,1263,23.047089
s1,1264,26.674295
s1,1265,25.877526
s1,1266,24.103447
s1,1267,29.196655
s1,1268,26.751692
s1,1269,36.028072
s1,1270,36.256390
s1,1271,40.175553
s1,1272,44.442087
s1,1273,47.903550
s1,1274,60.000991
s1,1275,48.193312
s1,1276,55.651465
s1,1277,59.482763
s1,1278,56.654638
s1,1279,51.012495
s1,1280,54.938488
s1,1281,41.353230
s1,1282,36.090316
s1,1283,37.856639
s1,1284,26.243946
s1,1285,18.776351
s1,1286,26.367897
s1,1287,23.171698
s1,1288,21.343362
s1,1289,16.566355
s1,1290,19.489332
s1,1291,17.276078
s1,1292,29.332160
s1,1293,29.639896
s1,1294,33.590646
s1,1295,28.701059
s1,1296,42.563299
s1,1297,48.952566
s1,1298,51.403661
s1,1299,52.489944
s1,1300,51.298166
s1,1301,50.521554
s1,1302,53.010552
s1,1303,50.382773
s1,1304,47.022839
s1,1305,41.500609
s1,1306,44.184459
s1,1307,29.937280
s1,1308,29.515572
s1,1309,23.583149
s1,1310,25.767486
s1,1311,24.640966
s1,1312,22.548746
s1,1313,20.571057
s1,1314,14.023796
s1,1315,28.057477
s1,1316,25.693632
s1,1317,27.376569
s1,1318,32.220700
s1,1319,35.642771
s1,1320,42.905663
s1,1321,46.807379
s1,1322,48.174027
s1,1323,43.380966
s1,1324,53.912490
s1,1325,56.334054
s1,1326,55.995053
s1,1327,52.028647
s1,1328,51.509750
s1,1329,50.089888
s1,1330,40.980626
s1,1331,43.458053
s1,1332,27.516548
s1,1333,26.114065
s1,1334,24.176278
s1,1335,16.571530
s1,1336,20.295880
s1,1337,27.938613
s1,1338,28.985055
s1,1339,27.235811
s1,1340,36.023763
s1,1341,34.907965
s1,1342,36.906885
s1,1343,44.257636
s1,1344,47.709368
s1,1345,55.129263
s1,1346,51.195421
s1,1347,62.743248
s1,1348,59.595482
s1,1349,64.862115
s1,1350,56.159889
s1,1351,58.460253
s1,1352,57.610890
s1,1353,57.083740
s1,1354,45.861960
s1,1355,51.624453
s1,1356,43.398146
s1,1357,36.121586
s1,1358,38.949838
s1,1359,32.783067
s1,1360,35.129586
s1,1361,38.991290
s1,1362,34.645276
s1,1363,32.308073
s1,1364,35.769809
s1,1365,43.149082
s1,1366,46.576582
s1,1367,47.407408
s1,1368,52.616708
s1,1369,61.499031
s1,1370,70.942179
s1,1371,56.563009
s1,1372,69.853696
s1,1373,67.203173
s1,1374,70.005233
s1,1375,68.564855
s1,1376,63.005840
s1,1377,55.762070
s1,1378,50.329598
s1,1379,44.294072
s1,1380,50.610478
s1,1381,41.651822
s1,1382,37.103918
s1,1383,35.450326
s1,1384,30.258649
s1,1385,35.527538
s1,1386,39.786442
s1,1387,41.038440
s1,1388,34.571895
s1,1389,48.311008
s1,1390,45.153983
s1,1391,45.620311
s1,1392,52.345692
s1,1393,57.262633
s1,1394,63.943502
s1,1395,62.910110
s1,1396,62.711174
s1,1397,67.298555
s1,1398,73.950569
s1,1399,62.873048
s1,1400,63.865182
s1,1401,58.702520
s1,1402,63.193416
s1,1403,42.820784
s1,1404,48.508767
s1,1405,36.022131
s1,1406,34.719950
s1,1407,33.604490
s1,1408,43.126575
s1,1409,28.856881
s1,1410,25.484922
s1,1411,38.091868
s1,1412,33.337330
s1,1413,38.794740
s1,1414,43.492890
s1,1415,48.108068
s1,1416,51.334738
s1,1417,56.639350
s1,1418,60.216255
s1,1419,64.123101
s1,1420,60.962517
s1,1421,59.961088
s1,1422,57.805842
s1,1423,61.320305
s1,1424,55.926489
s1,1425,54.001918
s1,1426,49.409711
s1,1427,48.564054
s1,1428,38.710552
s1,1429,36.178453
s1,1430,25.655366
s1,1431,23.155316
s1,1432,23.923283
s1,1433,20.069511
s1,1434,27.082480
s1,1435,21.676750
s1,1436,29.071312
s1,1437,23.727751
s1,1438,32.310200
s1,1439,39.132087
s1,1440,43.550094
s1,1441,42.067430
s1,1442,51.798299
s1,1443,57.108824
s1,1444,57.275109
s1,1445,52.924011
s1,1446,52.156834
s1,1447,47.964510
s1,1448,51.111064
s1,1449,50.005962
s1,1450,38.780224
s1,1451,30.045905
s1,1452,31.947076
s1,1453,29.413120
s1,1454,13.941081
s1,1455,21.024178
s1,1456,26.279948
s1,1457,21.075566
s1,1458,20.756183
s1,1459,21.989801
s1,1460,27.014152
s1,1461,23.668866
s1,1462,28.118058
s1,1463,36.827773
s1,1464,37.418056
s1,1465,44.694474
s1,1466,40.618304
s1,1467,52.382478
s1,1468,54.221057
s1,1469,51.850447
s1,1470,51.503417
s1,1471,54.649869
s1,1472,42.474503
s1,1473,39.418798
s1,1474,34.618552
s1,1475,32.498861
s1,1476,26.108058
s1,1477,25.710798
s1,1478,19.966783
s1,1479,14.714604
s1,1480,12.916643
s1,1481,22.143794
s1,1482,18.621267
s1,1483,20.099614
s1,1484,24.004119
s1,1485,27.466542
s1,1486,34.752978
s1,1487,38.751287
s1,1488,39.411727
s1,1489,42.899424
s1,1490,45.669296
s1,1491,47.926858
s1,1492,58.866886
s1,1493,51.530956
s1,1494,47.221458
s1,1495,49.650084
s1,1496,47.229572
s1,1497,47.682205
s1,1498,39.547557
s1,1499,40.246994
s1,1500,35.595455
s1,1501,34.827902
s1,1502,34.766231
s1,1503,34.818285
s1,1504,28.398613
s1,1505,19.637758
s1,1506,23.312072
s1,1507,27.753867
s1,1508,37.220338
s1,1509,36.414794
s1,1510,42.771030
s1,1511,42.825083
s1,1512,50.216893
s1,1513,55.068108
s1,1514,54.803641
s1,1515,61.977693
s1,1516,64.870701
s1,1517,61.367833
s1,1518,64.981650
s1,1519,65.586135
s1,1520,57.570341
s1,1521,53.977457
s1,1522,48.991626
s1,1523,43.741794
s1,1524,42.272627
s1,1525,36.514377
s1,1526,33.678254
s1,1527,29.762714
s1,1528,25.841921
s1,1529,27.752408
s1,1530,33.130171
s1,1531,30.045196
s1,1532,35.003635
s1,1533,46.801644
s1,1534,49.467352
s1,1535,47.888670
s1,1536,56.999652
s1,1537,56.962419
s1,1538,68.463341
s1,1539,63.611194
s1,1540,67.639973
s1,1541,72.704240
s1,1542,64.464918
s1,1543,70.070591
s1,1544,60.005869
s1,1545,60.085311
s1,1546,54.126357
s1,1547,50.449459
s1,1548,46.948783
s1,1549,42.118414
s1,1550,35.459452
s1,1551,39.394835
s1,1552,37.359690
s1,1553,38.923693
s1,1554,40.014801
s1,1555,32.481272
s1,1556,44.400634
s1,1557,48.084267
s1,1558,45.953688
s1,1559,55.790473
s1,1560,61.644933
s1,1561,58.736882
s1,1562,59.214737
s1,1563,65.228072
s1,1564,77.543862
s1,1565,69.024704
s1,1566,63.133193
s1,1567,64.422185
s1,1568,58.838263
s1,1569,57.050578
s1,1570,54.358773
s1,1571,40.534192
s1,1572,45.975217
s1,1573,45.315688
s1,1574,36.081713
s1,1575,32.618575
s1,1576,35.913542
s1,1577,27.120809
s1,1578,27.701383
s1,1579,28.826421
s1,1580,35.687760
s1,1581,40.990462
s1,1582,43.263551
s1,1583,49.668870
s1,1584,54.784887
s1,1585,57.428145
s1,1586,56.093482
s1,1587,60.255423
s1,1588,66.738058
s1,1589,58.934003
s1,1590,60.598426
s1,1591,57.838798
s1,1592,55.465300
s1,1593,48.387037
s1,1594,42.903216
s1,1595,51.563328
s1,1596,41.255873
s1,1597,31.128497
s1,1598,29.597550
s1,1599,29.211897
s1,1600,23.813241
s1,1601,26.388868
s1,1602,22.584441
s1,1603,25.036026
s1,1604,28.543383
s1,1605,30.624010
s1,1606,27.663368
s1,1607,40.373688
s1,1608,45.344865
s1,1609,49.884899
s1,1610,47.997345
s1,1611,54.935029
s1,1612,55.784103
s1,1613,49.096926
s1,1614,46.591021
s1,1615,53.696240
s1,1616,45.650957
s1,1617,48.491127
s1,1618,47.971307
s1,1619,33.889731
s1,1620,28.881233
s1,1621,26.933054
s1,1622,25.650418
s1,1623,16.632043
s1,1624,23.112359
s1,1625,21.663550
s1,1626,21.137596
s1,1627,18.742767
s1,1628,26.512266
s1,1629,29.868054
s1,1630,26.892157
s1,1631,42.627908
s1,1632,38.744505
s1,1633,45.075321
s1,1634,45.404276
s1,1635,51.096512
s1,1636,55.300380
s1,1637,48.916808
s1,1638,45.230225
s1,1639,47.512187
s1,1640,41.705968
s1,1641,39.951663
s1,1642,37.953008
s1,1643,33.741790
s1,1644,34.042854
s1,1645,22.084981
s1,1646,23.425755
s1,1647,17.960326
s1,1648,22.965735
s1,1649,26.680315
s1,1650,19.904685
s1,1651,26.654366
s1,1652,22.084862
s1,1653,22.237145
s1,1654,27.767400
s1,1655,31.369852
s1,1656,38.153394
s1,1657,44.910144
s1,1658,53.379842
s1,1659,54.652108
s1,1660,55.632195
s1,1661,53.229696
s1,1662,51.692801
s1,1663,52.672322
s1,1664,50.421681
s1,1665,47.428359
s1,1666,43.882385
s1,1667,37.998223
s1,1668,27.621691
s1,1669,26.616684
s1,1670,24.450427
s1,1671,30.846640
s1,1672,22.269308
s1,1673,25.962263
s1,1674,29.752756
s1,1675,28.049344
s1,1676,28.737315
s1,1677,33.071658
s1,1678,35.098605
s1,1679,44.481381
s1,1680,52.070690
s1,1681,54.556625
s1,1682,59.035384
s1,1683,61.772084
s1,1684,68.087574
s1,1685,59.728920
s1,1686,62.015001
s1,1687,62.337321
s1,1688,61.641245
s1,1689,45.608031
s1,1690,48.258345
s1,1691,45.157916
s1,1692,38.185848
s1,1693,40.854137
s1,1694,35.508559
s1,1695,31.062413
s1,1696,25.503856
s1,1697,26.420008
s1,1698,28.599543
s1,1699,35.691368
s1,1700,33.034354
s1,1701,34.007446
s1,1702,40.577178
s1,1703,48.238391
s1,1704,60.687686
s1,1705,67.828410
s1,1706,61.193526
s1,1707,68.883706
s1,1708,72.188396
s1,1709,72.358612
s1,1710,66.916117
s1,1711,61.085345
s1,1712,61.140471
s1,1713,52.845797
s1,1714,55.967970
s1,1715,53.434641
s1,1716,39.871617
s1,1717,42.196060
s1,1718,39.974076
s1,1719,40.714180
s1,1720,39.628168
s1,1721,37.239571
s1,1722,32.873514
s1,1723,35.844328
s1,1724,44.120666
s1,1725,41.522234
s1,1726,47.642748
s1,1727,57.594704
s1,1728,57.024620
s1,1729,55.856214
s1,1730,62.948526
s1,1731,68.671232
s1,1732,67.261045
s1,1733,72.213445
s1,1734,71.737898
s1,1735,63.050687
s1,1736,60.528697
s1,1737,58.067381
s1,1738,49.888207
s1,1739,50.666637
s1,1740,44.111621
s1,1741,43.145858
s1,1742,34.693448
s1,1743,30.905121
s1,1744,38.478846
s1,1745,28.455912
s1,1746,29.977388
s1,1747,31.094777
s1,1748,35.180190
s1,1749,36.474514
s1,1750,43.420692
s1,1751,45.343962
s1,1752,50.484214
s1,1753,56.967036
s1,1754,61.299405
s1,1755,62.789236
s1,1756,59.897939
s1,1757,63.911096
s1,1758,61.056755
s1,1759,58.910667
s1,1760,50.148912
s1,1761,54.409063
s1,1762,47.073264
s1,1763,48.634343
s1,1764,40.201754
s1,1765,29.736215
s1,1766,25.070725
s1,1767,30.846751
s1,1768,21.982108
s1,1769,26.623159
s1,1770,23.668600
s1,1771,33.524029
s1,1772,29.112023
s1,1773,37.426056
s1,1774,40.717414
s1,1775,38.711470
s1,1776,43.319098
s1,1777,53.377894
s1,1778,51.448105
s1,1779,50.781532
s1,1780,59.224155
s1,1781,64.104423
s1,1782,54.100298
s1,1783,56.943203
s1,1784,48.458031
s1,1785,49.797388
s1,1786,39.864289
s1,1787,40.599007
s1,1788,33.249596
s1,1789,26.467146
s1,1790,24.275456
s1,1791,18.821237
s1,1792,15.087310
s1,1793,14.762946
s1,1794,18.829017
s1,1795,17.131360
s1,1796,25.054702
s1,1797,28.937469
s1,1798,32.854660
s1,1799,33.916653
s1,1800,40.188421
s1,1801,43.932169
s1,1802,51.993432
s1,1803,47.212470
s1,1804,50.202995
s1,1805,51.124444
s1,1806,50.676301
s1,1807,46.713546
s1,1808,44.275651
s1,1809,46.307039
s1,1810,36.426695
s1,1811,37.366023
s1,1812,36.852788
s1,1813,30.234078
s1,1814,16.219074
s1,1815,22.621621
s1,1816,20.154718
s1,1817,20.089216
s1,1818,13.494843
s1,1819,23.745114
s1,1820,20.399525
s1,1821,32.454210
s1,1822,36.081206
s1,1823,45.839694
s1,1824,40.344072
s1,1825,40.709657
s1,1826,53.256370
s1,1827,55.476887
s1,1828,52.935276
s1,1829,59.602124
s1,1830,56.775978
s1,1831,48.334097
s1,1832,48.951260
s1,1833,45.222525
s1,1834,42.438012
s1,1835,39.279821
s1,1836,32.070760
s1,1837,29.992839
s1,1838,29.541645
s1,1839,24.955140
s1,1840,23.020910
s1,1841,22.795079
s1,1842,24.569275
s1,1843,20.505427
s1,1844,30.853254
s1,1845,30.744956
s1,1846,39.197206
s1,1847,38.557664
s1,1848,51.569678
s1,1849,53.617655
s1,1850,51.926590
s1,1851,60.324448
s1,1852,58.769128
s1,1853,68.332682
s1,1854,63.374477
s1,1855,57.369207
s1,1856,58.329354
s1,1857,54.077280
s1,1858,54.404408
s1,1859,47.324946
s1,1860,43.725404
s1,1861,34.300245
s1,1862,37.709851
s1,1863,39.874257
s1,1864,33.561487
s1,1865,31.076377
s1,1866,32.791417
s1,1867,31.069408
s1,1868,38.110594
s1,1869,37.586964
s1,1870,45.969453
s1,1871,49.174794
s1,1872,52.290075
s1,1873,61.440041
s1,1874,57.953378
s1,1875,65.727402
s1,1876,63.027022
s1,1877,74.477664
s1,1878,74.365685
s1,1879,68.730673
s1,1880,69.603244
s1,1881,61.547876
s1,1882,57.253424
s1,1883,49.525579
s1,1884,43.546510
s1,1885,43.051082
s1,1886,37.355408
s1,1887,35.132392
s1,1888,37.622847
s1,1889,34.270432
s1,1890,30.092106
s1,1891,36.597634
s1,1892,37.566152
s1,1893,42.822220
s1,1894,44.230057
s1,1895,56.576571
s1,1896,63.367633
s1,1897,56.986136
s1,1898,66.426339
s1,1899,68.751223
s1,1900,64.435228
s1,1901,68.780101
s1,1902,72.403579
s1,1903,68.432962
s1,1904,68.064025
s1,1905,54.607636
s1,1906,51.669860
s1,1907,50.578357
s1,1908,46.161185
s1,1909,40.726887
s1,1910,35.628587
s1,1911,32.719729
s1,1912,30.242774
s1,1913,33.232260
s1,1914,22.670598
s1,1915,39.318941
s1,1916,34.592719
s1,1917,34.880072
s1,1918,45.628212
s1,1919,43.102160
s1,1920,53.421506
s1,1921,54.497437
s1,1922,61.079695
s1,1923,64.059548
s1,1924,67.053672
s1,1925,60.986363
s1,1926,60.616873
s1,1927,59.380123
s1,1928,51.351701
s1,1929,54.279141
s1,1930,48.136051
s1,1931,38.266893
s1,1932,42.301239
s1,1933,38.425254
s1,1934,25.391022
s1,1935,28.980327
s1,1936,29.436589
s1,1937,27.285004
s1,1938,21.447908
s1,1939,21.577338
s1,1940,28.557511
s1,1941,30.608841
s1,1942,36.207093
s1,1943,40.060241
s1,1944,46.373423
s1,1945,46.421378
s1,1946,50.974413
s1,1947,64.086434
s1,1948,54.697813
s1,1949,57.835628
s1,1950,55.275963
s1,1951,52.903468
s1,1952,45.892427
s1,1953,46.947110
s1,1954,40.507438
s1,1955,38.806664
s1,1956,38.416963
s1,1957,27.696798
s1,1958,26.034965
s1,1959,17.103690
s1,1960,19.305434
s1,1961,23.677209
s1,1962,18.733644
s1,1963,18.488458
s1,1964,24.145153
s1,1965,26.355817
s1,1966,30.281362
s1,1967,34.216406
s1,1968,46.706238
s1,1969,40.877434
s1,1970,45.864512
s1,1971,47.879899
s1,1972,55.652084
s1,1973,50.814070
s1,1974,55.507918
s1,1975,49.712143
s1,1976,46.202017
s1,1977,37.605432
s1,1978,42.638695
s1,1979,35.901367
s1,1980,31.063216
s1,1981,25.251559
s1,1982,20.846717
s1,1983,15.411818
s1,1984,21.593354
s1,1985,18.967167
s1,1986,17.693780
s1,1987,18.783374
s1,1988,24.385589
s1,1989,27.510322
s1,1990,37.882931
s1,1991,39.554197
s1,1992,39.463366
s1,1993,42.000878
s1,1994,48.676071
s1,1995,49.171555
s1,1996,54.370483
s1,1997,56.159012
s1,1998,56.451682
s1,1999,54.071253
s1,2000,49.371915
s1,2001,48.698555
s1,2002,39.622477
s1,2003,38.221560
s1,2004,37.146956
s1,2005,31.545839
s1,2006,23.008470
s1,2007,21.111870
s1,2008,18.272786
s1,2009,29.954086
s1,2010,19.465079
s1,2011,26.527810
s1,2012,36.527879
s1,2013,37.902883
s1,2014,43.272378
s1,2015,41.815083
s1,2016,50.841406
s1,2017,63.203222
s1,2018,56.364763
s1,2019,60.838354
s1,2020,60.208826
s1,2021,61.985408
s1,2022,62.878504
s1,2023,64.805095
s1,2024,54.358425
s1,2025,49.173204
s1,2026,50.269512
s1,2027,46.707466
s1,2028,46.723077
s1,2029,40.532291
s1,2030,32.726420
s1,2031,34.508155
s1,2032,35.110094
s1,2033,32.095769
s1,2034,30.950728
s1,2035,36.582054
s1,2036,36.139406
s1,2037,34.829228
s1,2038,50.295564
s1,2039,45.955062
s1,2040,53.885911
s1,2041,58.232514
s1,2042,61.812962
s1,2043,64.762146
s1,2044,62.504878
s1,2045,69.852006
s1,2046,67.519740
s1,2047,65.813458
s1,2048,66.620707
s1,2049,63.154929
s1,2050,59.859357
s1,2051,57.231067
s1,2052,48.055933
s1,2053,37.168826
s1,2054,39.796116
s1,2055,36.548338
s1,2056,35.209827
s1,2057,32.504089
s1,2058,32.272892
s1,2059,39.955589
s1,2060,43.409050
s1,2061,39.853905
s1,2062,49.744618
s1,2063,51.728088
s1,2064,55.343166
s1,2065,63.048962
s1,2066,63.886066
s1,2067,64.651169
s1,2068,68.202074
s1,2069,61.418304
s1,2070,65.364944
s1,2071,63.863481
s1,2072,57.527258
s1,2073,59.115162
s1,2074,55.031428
s1,2075,47.356786
s1,2076,44.209812
s1,2077,42.819378
s1,2078,40.471746
s1,2079,31.371039
s1,2080,33.362643
s1,2081,35.109124
s1,2082,31.935404
s1,2083,30.999603
s1,2084,33.623196
s1,2085,38.553699
s1,2086,40.043623
s1,2087,54.737103
s1,2088,49.978459
s1,2089,57.039085
s1,2090,59.528934
s1,2091,63.389127
s1,2092,61.118034
s1,2093,58.072940
s1,2094,67.124265
s1,2095,59.009964
s1,2096,56.489387
s1,2097,52.785629
s1,2098,51.903627
s1,2099,45.403726
s1,2100,42.042374
s1,2101,36.421341
s1,2102,30.331132
s1,2103,27.759154
s1,2104,22.440938
s1,2105,17.586089
s1,2106,23.885776
s1,2107,22.578927
s1,2108,37.758877
s1,2109,37.579964
s1,2110,40.159117
s1,2111,38.407693
s1,2112,51.545139
s1,2113,42.374265
s1,2114,47.263442
s1,2115,51.061974
s1,2116,51.743578
s1,2117,55.656368
s1,2118,54.854889
s1,2119,58.643083
s1,2120,52.383564
s1,2121,49.250313
s1,2122,42.041121
s1,2123,35.396346
s1,2124,28.896995
s1,2125,21.776681
s1,2126,20.331935
s1,2127,19.239846
s1,2128,21.454067
s1,2129,12.438821
s1,2130,14.154403
s1,2131,21.365682
s1,2132,19.743251
s1,2133,28.074666
s1,2134,29.618107
s1,2135,32.836538
s1,2136,35.190404
s1,2137,43.483922
s1,2138,44.704220
s1,2139,47.661717
s1,2140,49.109446
s1,2141,52.346831
s1,2142,51.451044
s1,2143,43.158727
s1,2144,45.654810
s1,2145,43.941006
s1,2146,41.972131
s1,2147,36.662977
s1,2148,30.315905
s1,2149,21.644956
s1,2150,19.555879
s1,2151,22.862496
s1,2152,15.839819
s1,2153,21.504729
s1,2154,23.250187
s1,2155,17.221847
s1,2156,25.431372
s1,2157,27.364125
s1,2158,39.136273
s1,2159,39.701950
s1,2160,39.684904
s1,2161,47.142232
s1,2162,46.251982
s1,2163,51.717452
s1,2164,54.740175
s1,2165,55.205252
s1,2166,55.242210
s1,2167,49.431346
s1,2168,43.558698
s1,2169,45.294173
s1,2170,39.525583
s1,2171,35.990048
s1,2172,41.623767
s1,2173,34.469606
s1,2174,26.695049
s1,2175,20.056652
s1,2176,19.267152
s1,2177,24.880433
s1,2178,28.391533
s1,2179,25.905669
s1,2180,30.557006
s1,2181,34.960759
s1,2182,42.298160
s1,2183,36.942548
s1,2184,48.719708
s1,2185,53.990334
s1,2186,59.651638
s1,2187,60.663695
s1,2188,57.385307
s1,2189,59.912511
s1,2190,56.217999
s1,2191,60.571465
s1,2192,58.004882
s1,2193,55.740679
s1,2194,46.715665
s1,2195,41.946129
s1,2196,46.993243
s1,2197,38.561983
s1,2198,40.772322
s1,2199,33.943819
s1,2200,26.098181
s1,2201,33.759526
s1,2202,36.253698
s1,2203,32.569901
s1,2204,30.602781
s1,2205,43.434112
s1,2206,45.100336
s1,2207,51.235831
s1,2208,45.659082
s1,2209,60.779770
s1,2210,53.371595
s1,2211,62.640104
s1,2212,70.412075
s1,2213,61.641526
s1,2214,60.893983
s1,2215,64.023306
s1,2216,68.499897
s1,2217,64.833536
s1,2218,53.048562
s1,2219,54.199995
s1,2220,48.392515
s1,2221,43.274315
s1,2222,40.187908
s1,2223,33.904685
s1,2224,37.633750
s1,2225,38.131314
s1,2226,44.547603
s1,2227,40.268826
s1,2228,31.507701
s1,2229,39.449857
s1,2230,48.926283
s1,2231,52.438740
s1,2232,50.157002
s1,2233,60.098033
s1,2234,62.717136
s1,2235,66.280324
s1,2236,67.478438
s1,2237,71.366847
s1,2238,72.349738
s1,2239,67.633447
s1,2240,58.420322
s1,2241,55.434247
s1,2242,51.731780
s1,2243,49.154178
s1,2244,43.246443
s1,2245,39.217519
s1,2246,33.567080
s1,2247,37.194995
s1,2248,35.064147
s1,2249,34.763158
s1,2250,31.705282
s1,2251,35.173953
s1,2252,33.076149
s1,2253,36.131092
s1,2254,41.688169
s1,2255,49.777136
s1,2256,51.395854
s1,2257,51.767862
s1,2258,59.191144
s1,2259,62.626819
s1,2260,62.987898
s1,2261,60.235787
s1,2262,61.686008
s1,2263,57.815974
s1,2264,54.956157
s1,2265,51.778894
s1,2266,50.144547
s1,2267,49.037726
s1,2268,43.361508
s1,2269,35.745401
s1,2270,28.416509
s1,2271,25.810526
s1,2272,24.077437
s1,2273,28.231400
s1,2274,15.173066
s1,2275,27.160577
s1,2276,21.967288
s1,2277,32.187700
s1,2278,40.684314
s1,2279,37.160674
s1,2280,36.573766
s1,2281,52.714703
s1,2282,56.614420
s1,2283,55.467018
s1,2284,59.367592
s1,2285,52.427951
s1,2286,58.223418
s1,2287,57.916014
s1,2288,51.146882
s1,2289,46.005282
s1,2290,45.016861
s1,2291,39.800377
s1,2292,28.676363
s1,2293,31.661513
s1,2294,25.891277
s1,2295,21.094287
s1,2296,23.313143
s1,2297,21.436838
s1,2298,21.430006
s1,2299,18.853050
s1,2300,26.226752
s1,2301,23.092005
s1,2302,30.596136
s1,2303,29.586010
s1,2304,33.905250
s1,2305,45.329958
s1,2306,46.928405
s1,2307,50.061893
s1,2308,53.341974
s1,2309,52.906312
s1,2310,47.881184
s1,2311,49.316457
s1,2312,45.976836
s1,2313,40.774148
s1,2314,37.959677
s1,2315,32.703323
s1,2316,27.356048
s1,2317,24.430860
s1,2318,23.019942
s1,2319,26.822094
s1,2320,15.444037
s1,2321,19.766195
s1,2322,13.821359
s1,2323,26.364237
s1,2324,22.763355
s1,2325,28.229169
s1,2326,36.549971
s1,2327,40.217743
s1,2328,36.301924
s1,2329,47.652003
s1,2330,48.631483
s1,2331,54.373805
s1,2332,54.558840
s1,2333,57.227552
s1,2334,55.187701
s1,2335,52.075564
s1,2336,54.004289
s1,2337,41.222699
s1,2338,41.108824
s1,2339,35.109608
s1,2340,33.760226
s1,2341,28.978966
s1,2342,26.786063
s1,2343,23.307253
s1,2344,22.123408
s1,2345,17.968153
s1,2346,24.575536
s1,2347,27.962964
s1,2348,28.035620
s1,2349,31.817893
s1,2350,36.400974
s1,2351,49.212526
s1,2352,48.830241
s1,2353,53.929006
s1,2354,55.341053
s1,2355,57.574811
s1,2356,58.150967
s1,2357,67.229597
s1,2358,55.610456
s1,2359,60.939504
s1,2360,57.258925
s1,2361,53.095192
s1,2362,44.659350
s1,2363,41.619363
s1,2364,45.118251
s1,2365,35.542620
s1,2366,37.784016
s1,2367,34.737631
s1,2368,33.134016
s1,2369,33.608112
s1,2370,27.824181
s1,2371,32.489458
s1,2372,39.576465
s1,2373,36.789478
s1,2374,51.322181
s1,2375,48.349815
s1,2376,54.698058
s1,2377,55.670309
s1,2378,64.113863
s1,2379,63.100634
s1,2380,66.522359
s1,2381,64.005385
s1,2382,71.426788
s1,2383,59.945916
s1,2384,64.378753
s1,2385,60.081431
s1,2386,56.654505
s1,2387,47.236259
s1,2388,49.960339
s1,2389,45.699020
s1,2390,39.516390
s1,2391,37.485426
s1,2392,34.333490
s1,2393,36.694159
s1,2394,32.410000
s1,2395,39.026700
s1,2396,41.370000
s1,2397,38.750349
s1,2398,38.743028
s1,2399,51.810338
s1,2400,56.026887
s1,2401,64.793037
s1,2402,64.165994
s1,2403,64.751472
s1,2404,63.229779
s1,2405,67.906038
s1,2406,65.306144
s1,2407,61.492938
s1,2408,61.849768
s1,2409,62.070472
s1,2410,54.350564
s1,2411,45.748042
s1,2412,45.861023
s1,2413,36.654043
s1,2414,31.323656
s1,2415,35.641503
s1,2416,30.246719
s1,2417,35.325618
s1,2418,33.068210
s1,2419,30.839924
s1,2420,36.986223
s1,2421,44.097977
s1,2422,42.925251
s1,2423,44.115920
s1,2424,49.641114
s1,2425,52.913669
s1,2426,54.810011
s1,2427,56.724229
s1,2428,63.891213
s1,2429,66.366432
s1,2430,60.224555
s1,2431,61.988605
s1,2432,59.216724
s1,2433,57.899743
s1,2434,46.912137
s1,2435,41.548204
s1,2436,39.447337
s1,2437,33.921314
s1,2438,30.841958
s1,2439,31.348579
s1,2440,23.518135
s1,2441,25.010080
s1,2442,21.322960
s1,2443,25.722317
s1,2444,26.514628
s1,2445,29.589720
s1,2446,35.361104
s1,2447,38.761463
s1,2448,45.723888
s1,2449,51.014302
s1,2450,46.279390
s1,2451,57.207048
s1,2452,47.366097
s1,2453,56.047202
s1,2454,56.629753
s1,2455,49.810730
s1,2456,48.150396
s1,2457,42.341584
s1,2458,43.677535
s1,2459,24.963681
s1,2460,27.909803
s1,2461,20.296373
s1,2462,23.973923
s1,2463,25.025782
s1,2464,22.926580
s1,2465,20.549895
s1,2466,19.714359
s1,2467,17.962963
s1,2468,27.553671
s1,2469,29.061783
s1,2470,28.121616
s1,2471,31.012061
s1,2472,37.613346
s1,2473,47.531814
s1,2474,51.522925
s1,2475,55.339538
s1,2476,48.628510
s1,2477,50.459425
s1,2478,55.702949
s1,2479,49.821881
s1,2480,48.842377
s1,2481,38.013104
s1,2482,37.115677
s1,2483,33.908521
s1,2484,28.373605
s1,2485,24.156919
s1,2486,16.583103
s1,2487,25.332531
s1,2488,18.773820
s1,2489,12.957413
s1,2490,22.584160
s1,2491,21.132956
s1,2492,26.407615
s1,2493,27.115627
s1,2494,29.482100
s1,2495,34.236939
s1,2496,42.671780
s1,2497,48.455172
s1,2498,51.153088
s1,2499,54.517491
s1,2500,58.238723
s1,2501,55.743885
s1,2502,57.711519
s1,2503,56.451068
s1,2504,51.038562
s1,2505,46.372804
s1,2506,41.199029
s1,2507,34.358371
s1,2508,28.995303
s1,2509,35.099424
s1,2510,27.368655
s1,2511,23.228867
s1,2512,29.306808
s1,2513,27.114688
s1,2514,25.046828
s1,2515,30.507468
s1,2516,29.581680
s1,2517,35.473742
s1,2518,45.059088
s1,2519,47.239085
s1,2520,47.408813
s1,2521,55.158916
s1,2522,60.631135
s1,2523,59.080184
s1,2524,59.934082
s1,2525,68.581905
s1,2526,60.664360
s1,2527,55.580294
s1,2528,58.073018
s1,2529,62.120712
s1,2530,52.506483
s1,2531,49.475441
s1,2532,34.579851
s1,2533,36.370117
s1,2534,39.275725
s1,2535,31.420004
s1,2536,36.072427
s1,2537,33.036358
s1,2538,33.784840
s1,2539,40.347665
s1,2540,35.939633
s1,2541,39.971593
s1,2542,46.402435
s1,2543,51.489663
s1,2544,49.527128
s1,2545,63.903289
s1,2546,64.103597
s1,2547,65.522329
s1,2548,69.965492
s1,2549,67.032448
s1,2550,71.950160
s1,2551,66.268045
s1,2552,65.781146
s1,2553,56.680454
s1,2554,54.657411
s1,2555,52.504108
s1,2556,43.602310
s1,2557,40.561018
s1,2558,39.242783
s1,2559,40.696125
s1,2560,37.950225
s1,2561,38.042403
s1,2562,36.732833
s1,2563,40.666589
s1,2564,45.721528
s1,2565,44.629954
s1,2566,49.726397
s1,2567,54.662141
s1,2568,50.116966
s1,2569,60.681053
s1,2570,65.834623
s1,2571,69.489793
s1,2572,67.231048
s1,2573,71.989205
s1,2574,65.526547
s1,2575,65.096790
s1,2576,68.472043
s1,2577,54.173915
s1,2578,54.153380
s1,2579,49.242501
s1,2580,44.801168
s1,2581,38.972921
s1,2582,39.366142
s1,2583,30.608537
s1,2584,27.942739
s1,2585,33.485288
s1,2586,28.224375
s1,2587,35.239160
s1,2588,36.625825
s1,2589,37.584896
s1,2590,42.696263
s1,2591,47.734491
s1,2592,53.762082
s1,2593,53.825383
s1,2594,58.436246
s1,2595,56.516168
s1,2596,61.752344
s1,2597,56.187939
s1,2598,61.558649
s1,2599,57.944191
s1,2600,63.522131
s1,2601,56.738992
s1,2602,47.247931
s1,2603,46.221354
s1,2604,39.167171
s1,2605,29.818876
s1,2606,21.628859
s1,2607,30.869163
s1,2608,26.503336
s1,2609,17.685395
s1,2610,27.050239
s1,2611,29.563791
s1,2612,26.621426
s1,2613,35.057688
s1,2614,30.323842
s1,2615,39.673441
s1,2616,44.687694
s1,2617,51.058181
s1,2618,52.913426
s1,2619,54.628788
s1,2620,57.066831
s1,2621,53.050125
s1,2622,59.382382
s1,2623,50.985413
s1,2624,51.778354
s1,2625,45.123810
s1,2626,39.843704
s1,2627,38.013274
s1,2628,32.891100
s1,2629,31.696386
s1,2630,27.119459
s1,2631,18.684974
s1,2632,20.639195
s1,2633,18.692199
s1,2634,16.210241
s1,2635,16.904392
s1,2636,24.323207
s1,2637,25.160671
s1,2638,26.343261
s1,2639,35.185353
s1,2640,40.629839
s1,2641,44.231737
s1,2642,43.144444
s1,2643,47.855197
s1,2644,56.099782
s1,2645,49.126960
s1,2646,49.888474
s1,2647,57.082231
s1,2648,47.482199
s1,2649,40.907512
s1,2650,31.756562
s1,2651,35.091558
s1,2652,24.867876
s1,2653,25.554052
s1,2654,19.277954
s1,2655,13.993845
s1,2656,24.004107
s1,2657,17.645255
s1,2658,22.067524
s1,2659,23.468164
s1,2660,21.430229
s1,2661,28.089420
s1,2662,30.946433
s1,2663,40.164431
s1,2664,42.954202
s1,2665,44.540315
s1,2666,55.154255
s1,2667,54.048195
s1,2668,55.644634
s1,2669,52.010078
s1,2670,55.602373
s1,2671,47.525073
s1,2672,51.554957
s1,2673,43.335661
s1,2674,43.247167
s1,2675,37.460025
s1,2676,35.055239
s1,2677,31.703703
s1,2678,27.105963
s1,2679,24.810794
s1,2680,18.617009
s1,2681,17.093055
s1,2682,29.054204
s1,2683,28.878784
s1,2684,24.992535
s1,2685,40.663627
s1,2686,36.160300
s1,2687,45.186049
s1,2688,49.647937
s1,2689,52.966633
s1,2690,58.474034
s1,2691,54.562133
s1,2692,61.054935
s1,2693,61.037984
s1,2694,61.773840
s1,2695,58.960363
s1,2696,55.128545
s1,2697,51.455951
s1,2698,53.108467
s1,2699,42.953471
s1,2700,42.983794
s1,2701,39.140059
s1,2702,34.416213
s1,2703,33.888410
s1,2704,33.005453
s1,2705,29.148787
s1,2706,33.154880
s1,2707,40.692211
s1,2708,33.545737
s1,2709,40.098529
s1,2710,42.940465
s1,2711,57.121465
s1,2712,50.084203
s1,2713,59.228434
s1,2714,66.055717
s1,2715,62.637370
s1,2716,66.889441
s1,2717,65.476448
s1,2718,62.698100
s1,2719,65.328850
s1,2720,64.523793
s1,2721,57.890849
s1,2722,55.707655
s1,2723,53.106490
s1,2724,50.507210
s1,2725,38.119037
s1,2726,41.073349
s1,2727,34.266133
s1,2728,28.381285
s1,2729,31.795726
s1,2730,37.446620
s1,2731,38.169762
s1,2732,36.189326
s1,2733,49.140691
s1,2734,49.173950
s1,2735,51.976093
s1,2736,54.715614
s1,2737,62.029974
s1,2738,62.630816
s1,2739,70.370819
s1,2740,68.994723
s1,2741,70.325555
s1,2742,66.264596
s1,2743,60.209707
s1,2744,64.077989
s1,2745,54.955080
s1,2746,53.664735
s1,2747,49.315420
s1,2748,42.047336
s1,2749,43.495479
s1,2750,31.851724
s1,2751,39.062073
s1,2752,30.113521
s1,2753,34.797297
s1,2754,36.437398
s1,2755,30.657449
s1,2756,33.702821
s1,2757,42.859685
s1,2758,44.216449
s1,2759,48.056519
s1,2760,45.640852
s1,2761,50.078501
s1,2762,60.724415
s1,2763,66.102808
s1,2764,60.002382
s1,2765,59.574155
s1,2766,62.189702
s1,2767,60.869333
s1,2768,58.015205
s1,2769,50.585209
s1,2770,40.884624
s1,2771,47.751931
s1,2772,36.293065
s1,2773,37.891987
s1,2774,22.979571
s1,2775,28.151466
s1,2776,23.284999
s1,2777,20.545449
s1,2778,28.031138
s1,2779,30.695627
s1,2780,26.828069
s1,2781,34.416788
s1,2782,32.438619
s1,2783,38.183558
s1,2784,43.603261
s1,2785,47.054124
s1,2786,53.610114
s1,2787,49.617626
s1,2788,58.355214
s1,2789,58.502865
s1,2790,53.436292
s1,2791,48.001355
s1,2792,40.803431
s1,2793,44.820760
s1,2794,38.143008
s1,2795,36.248890
s1,2796,27.647516
s1,2797,26.982490
s1,2798,23.114026
s1,2799,20.585719
s1,2800,19.795584
s1,2801,19.244457
s1,2802,22.174504
s1,2803,17.927857
s1,2804,25.815016
s1,2805,27.462952
s1,2806,29.607182
s1,2807,32.024567
s1,2808,44.763425
s1,2809,44.624103
s1,2810,45.453491
s1,2811,50.024114
s1,2812,51.324753
s1,2813,49.923071
s1,2814,46.239292
s1,2815,49.593932
s1,2816,45.661148
s1,2817,41.613992
s1,2818,41.757261
s1,2819,29.497570
s1,2820,26.350609
s1,2821,26.141983
s1,2822,25.063004
s1,2823,21.806272
s1,2824,20.752023
s1,2825,10.482507
s1,2826,20.563454
s1,2827,22.318138
s1,2828,26.254915
s1,2829,25.421943
s1,2830,33.899514
s1,2831,40.245886
s1,2832,46.932853
s1,2833,46.621129
s1,2834,44.906167
s1,2835,52.448826
s1,2836,56.252749
s1,2837,56.463320
s1,2838,60.728076
s1,2839,51.900231
s1,2840,46.506332
s1,2841,44.405874
s1,2842,44.867264
s1,2843,35.702779
s1,2844,30.736610
s1,2845,27.642557
s1,2846,31.444411
s1,2847,25.839228
s1,2848,22.628405
s1,2849,26.560946
s1,2850,27.079250
s1,2851,23.614600
s1,2852,32.956617
s1,2853,34.947688
s1,2854,31.636683
s1,2855,39.421682
s1,2856,49.109152
s1,2857,54.287593
s1,2858,55.439302
s1,2859,55.939881
s1,2860,62.067803
s1,2861,55.725551
s1,2862,63.413394
s1,2863,59.438639
s1,2864,57.297694
s1,2865,51.807771
s1,2866,52.936110
s1,2867,37.993750
s1,2868,38.834609
s1,2869,39.962586
s1,2870,32.416989
s1,2871,37.470680
s1,2872,32.649304
s1,2873,28.450180
s1,2874,35.846262
s1,2875,33.892404
s1,2876,39.308578
s1,2877,39.136656
s1,2878,43.639320
s1,2879,52.802929
s1,2880,55.373505
s1,2881,56.744023
s1,2882,59.978495
s1,2883,67.966761
s1,2884,73.482269
s1,2885,65.209736
s1,2886,69.771623
s1,2887,55.815811
s1,2888,58.247586
s1,2889,61.715307
s1,2890,60.706838
s1,2891,51.122529
s1,2892,48.411795
s1,2893,43.417488
s1,2894,42.561994
s1,2895,32.881443
s1,2896,37.206428
s1,2897,33.166141
s1,2898,34.254193
s1,2899,37.266385
s1,2900,39.439238
s1,2901,41.165872
s1,2902,47.089159
s1,2903,49.164752
s1,2904,61.798503
s1,2905,63.149626
s1,2906,62.733470
s1,2907,72.056856
s1,2908,72.470837
s1,2909,70.047595
s1,2910,65.675661
s1,2911,66.350160
s1,2912,64.391709
s1,2913,63.338365
s1,2914,53.596872
s1,2915,47.615468
s1,2916,52.720420
s1,2917,45.345291
s1,2918,38.007980
s1,2919,30.985282
s1,2920,33.984621
s1,2921,35.476754
s1,2922,34.748880
s1,2923,36.608319
s1,2924,36.559272
s1,2925,43.688703
s1,2926,41.700648
s1,2927,46.454606
s1,2928,50.395902
s1,2929,53.695196
s1,2930,65.701250
s1,2931,55.580480
s1,2932,63.414062
s1,2933,59.353406
s1,2934,57.400121
s1,2935,59.785659
s1,2936,50.907477
s1,2937,51.945048
s1,2938,55.537921
s1,2939,42.527271
s1,2940,39.708969
s1,2941,30.835346
s1,2942,31.594356
s1,2943,21.932858
s1,2944,25.789582
s1,2945,23.963133
s1,2946,32.242688
s1,2947,26.089323
s1,2948,27.700437
s1,2949,30.384045
s1,2950,32.108697
s1,2951,43.015504
s1,2952,49.481414
s1,2953,47.046395
s1,2954,53.926434
s1,2955,52.603880
s1,2956,56.483335
s1,2957,56.829343
s1,2958,49.338051
s1,2959,49.466969
s1,2960,52.202508
s1,2961,38.558166
s1,2962,40.668367
s1,2963,34.768153
s1,2964,28.120765
s1,2965,27.189220
s1,2966,24.423822
s1,2967,22.438626
s1,2968,9.831355
s1,2969,24.050609
s1,2970,17.258361
s1,2971,24.219915
s1,2972,22.971584
s1,2973,24.950028
s1,2974,30.843500
s1,2975,46.353743
s1,2976,45.193025
s1,2977,42.638751
s1,2978,48.019688
s1,2979,53.656672
s1,2980,53.324773
s1,2981,52.014062
s1,2982,50.312947
s1,2983,45.381256
s1,2984,48.814012
s1,2985,46.380959
s1,2986,46.088989
s1,2987,32.100977
s1,2988,31.851550
s1,2989,25.488345
s1,2990,26.553160
s1,2991,19.385584
s1,2992,16.043925
s1,2993,12.160394
s1,2994,21.335436
s1,2995,21.450440
s1,2996,27.798075
s1,2997,25.867200
s1,2998,41.096000
s1,2999,34.387002
s1,3000,43.226264
s1,3001,47.181744
s1,3002,53.232545
s1,3003,51.683363
s1,3004,50.886556
s1,3005,51.297371
s1,3006,56.998070
s1,3007,52.928080
s1,3008,51.140477
s1,3009,43.743668
s1,3010,43.088344
s1,3011,39.158870
s1,3012,36.381870
s1,3013,25.422697
s1,3014,24.651796
s1,3015,30.958569
s1,3016,22.387616
s1,3017,23.346055
s1,3018,23.332117
s1,3019,21.740868
s1,3020,26.383195
s1,3021,35.360269
s1,3022,36.306155
s1,3023,50.412440
s1,3024,43.017747
s1,3025,45.896954
s1,3026,55.025431
s1,3027,55.128734
s1,3028,65.938792
s1,3029,60.444502
s1,3030,63.251927
s1,3031,55.015598
s1,3032,59.619298
s1,3033,56.160368
s1,3034,54.310469
s1,3035,46.611161
s1,3036,43.490786
s1,3037,38.483720
s1,3038,37.913356
s1,3039,30.978606
s1,3040,32.985187
s1,3041,28.991191
s1,3042,34.400635
s1,3043,33.136733
s1,3044,34.965078
s1,3045,38.768756
s1,3046,50.621246
s1,3047,44.874074
s1,3048,49.773923
s1,3049,61.365014
s1,3050,59.384382
s1,3051,63.987766
s1,3052,65.621584
s1,3053,75.753237
s1,3054,64.963278
s1,3055,63.049261
s1,3056,61.447198
s1,3057,60.029206
s1,3058,56.839145
s1,3059,45.652770
s1,3060,47.908589
s1,3061,49.083409
s1,3062,32.782159
s1,3063,38.371349
s1,3064,37.507407
s1,3065,34.990477
s1,3066,34.545994
s1,3067,28.975986
s1,3068,44.086236
s1,3069,42.473310
s1,3070,47.058325
s1,3071,56.426315
s2,0,115.202495
s2,1,117.828078
s2,2,124.632782
s2,3,113.275253
s2,4,145.988940
s2,5,139.809936
s2,6,125.193362
s2,7,127.559907
s2,8,116.450412
s2,9,101.695832
s2,10,104.040548
s2,11,85.629684
s2,12,77.478686
s2,13,67.440044
s2,14,72.012546
s2,15,65.476610
s2,16,70.315798
s2,17,64.318301
s2,18,74.702654
s2,19,74.139769
s2,20,95.651597
s2,21,100.511657
s2,22,111.731103
s2,23,122.273442
s2,24,120.807810
s2,25,141.770848
s2,26,156.927383
s2,27,132.880762
s2,28,133.091554
s2,29,133.100145
s2,30,146.455563
s2,31,134.981006
s2,32,134.180748
s2,33,122.566379
s2,34,109.302876
s2,35,100.554652
s2,36,88.705196
s2,37,89.339815
s2,38,69.319704
s2,39,71.652073
s2,40,76.126024
s2,41,89.734215
s2,42,75.073858
s2,43,79.195364
s2,44,91.105257
s2,45,111.634766
s2,46,112.279708
s2,47,133.230042
s2,48,117.992921
s2,49,147.330820
s2,50,151.739933
s2,51,136.316834
s2,52,148.279681
s2,53,153.907134
s2,54,140.859368
s2,55,140.846998
s2,56,142.605593
s2,57,117.431694
s2,58,103.255523
s2,59,89.723705
s2,60,91.193711
s2,61,77.259228
s2,62,71.633237
s2,63,68.682091
s2,64,73.262001
s2,65,61.993899
s2,66,62.399069
s2,67,61.605469
s2,68,96.134874
s2,69,96.412737
s2,70,116.164145
s2,71,113.761006
s2,72,116.342473
s2,73,131.989973
s2,74,132.527215
s2,75,126.145950
s2,76,128.755711
s2,77,145.787426
s2,78,130.241728
s2,79,123.551886
s2,80,109.602809
s2,81,96.633283
s2,82,98.006936
s2,83,80.428714
s2,84,66.227523
s2,85,62.957151
s2,86,51.237616
s2,87,55.668023
s2,88,61.426473
s2,89,48.141592
s2,90,68.662568
s2,91,58.892246
s2,92,72.440886
s2,93,73.643273
s2,94,87.232512
s2,95,98.079559
s2,96,102.514637
s2,97,107.120571
s2,98,111.995423
s2,99,113.351866
s2,100,107.737100
s2,101,114.883007
s2,102,114.882010
s2,103,111.643558
s2,104,101.066867
s2,105,104.797860
s2,106,78.754152
s2,107,63.049753
s2,108,71.249083
s2,109,41.931823
s2,110,51.202800
s2,111,33.521407
s2,112,42.358278
s2,113,26.769333
s2,114,52.135614
s2,115,50.463227
s2,116,52.304633
s2,117,80.927188
s2,118,83.608437
s2,119,87.558517
s2,120,90.161557
s2,121,102.451361
s2,122,106.736542
s2,123,116.261111
s2,124,117.268664
s2,125,104.348546
s2,126,100.832446
s2,127,94.503096
s2,128,80.354258
s2,129,76.833772
s2,130,70.952294
s2,131,67.400214
s2,132,63.570067
s2,133,40.710543
s2,134,45.700949
s2,135,35.510161
s2,136,53.935925
s2,137,40.423447
s2,138,49.186187
s2,139,45.288432
s2,140,54.674539
s2,141,71.764128
s2,142,77.473563
s2,143,92.837309
s2,144,87.683769
s2,145,111.859709
s2,146,106.022820
s2,147,128.991396
s2,148,115.085523
s2,149,123.899324
s2,150,101.542890
s2,151,109.168384
s2,152,91.835670
s2,153,86.182943
s2,154,80.897040
s2,155,69.481262
s2,156,65.771937
s2,157,62.775437
s2,158,57.415465
s2,159,49.553648
s2,160,40.209284
s2,161,47.021450
s2,162,56.599634
s2,163,49.446149
s2,164,79.592280
s2,165,82.128356
s2,166,92.412103
s2,167,111.500983
s2,168,118.758748
s2,169,123.351564
s2,170,120.263970
s2,171,133.712273
s2,172,135.194239
s2,173,124.741933
s2,174,135.358327
s2,175,125.585045
s2,176,99.734491
s2,177,106.714483
s2,178,87.388270
s2,179,96.374938
s2,180,85.914138
s2,181,65.127092
s2,182,62.062236
s2,183,66.969726
s2,184,64.492650
s2,185,80.154576
s2,186,79.263635
s2,187,78.668822
s2,188,93.690477
s2,189,84.022399
s2,190,111.577327
s2,191,125.659226
s2,192,126.985245
s2,193,130.680086
s2,194,145.855379
s2,195,159.594459
s2,196,147.456569
s2,197,135.953079
s2,198,150.943764
s2,199,120.073982
s2,200,129.909465
s2,201,112.879305
s2,202,114.650184
s2,203,92.136573
s2,204,99.797541
s2,205,85.120149
s2,206,64.885132
s2,207,60.126420
s2,208,71.974331
s2,209,85.967404
s2,210,81.694577
s2,211,87.707527
s2,212,93.536584
s2,213,109.916472
s2,214,116.827220
s2,215,125.476724
s2,216,124.586254
s2,217,147.771438
s2,218,154.177429
s2,219,137.188058
s2,220,164.231249
s2,221,150.243985
s2,222,136.582236
s2,223,119.279894
s2,224,129.846493
s2,225,119.537706
s2,226,100.914309
s2,227,82.152337
s2,228,94.731806
s2,229,74.351077
s2,230,69.457270
s2,231,90.597111
s2,232,84.239192
s2,233,76.996081
s2,234,70.378558
s2,235,84.504008
s2,236,70.289462
s2,237,96.655877
s2,238,99.306357
s2,239,104.279920
s2,240,110.099358
s2,241,132.340597
s2,242,133.759195
s2,243,136.646414
s2,244,141.584636
s2,245,126.382888
s2,246,118.434008
s2,247,107.267322
s2,248,109.167280
s2,249,107.400846
s2,250,90.275317
s2,251,85.967092
s2,252,63.093926
s2,253,60.469313
s2,254,52.274876
s2,255,44.985509
s2,256,66.849675
s2,257,60.679273
s2,258,52.395881
s2,259,58.161495
s2,260,70.876789
s2,261,69.145259
s2,262,92.119640
s2,263,88.115789
s2,264,102.991806
s2,265,104.729709
s2,266,113.466159
s2,267,109.564350
s2,268,107.716736
s2,269,109.660876
s2,270,106.852670
s2,271,102.707264
s2,272,96.773441
s2,273,97.887905
s2,274,82.419672
s2,275,64.560569
s2,276,62.740373
s2,277,44.592907
s2,278,54.767642
s2,279,44.695543
s2,280,29.659255
s2,281,46.997617
s2,282,51.517864
s2,283,31.693773
s2,284,53.935402
s2,285,64.943475
s2,286,63.602320
s2,287,79.292884
s2,288,88.654602
s2,289,106.539363
s2,290,110.185369
s2,291,130.381918
s2,292,108.413741
s2,293,117.872185
s2,294,105.497927
s2,295,100.466543
s2,296,81.762980
s2,297,67.035750
s2,298,65.941308
s2,299,67.929107
s2,300,65.518986
s2,301,51.199323
s2,302,45.309603
s2,303,32.581801
s2,304,49.918953
s2,305,50.765129
s2,306,41.514870
s2,307,51.896506
s2,308,53.297936
s2,309,81.162503
s2,310,83.343566
s2,311,89.507595
s2,312,102.304581
s2,313,110.215601
s2,314,109.646852
s2,315,106.979210
s2,316,107.694048
s2,317,102.840387
s2,318,115.328307
s2,319,122.458891
s2,320,85.812450
s2,321,90.825843
s2,322,83.766563
s2,323,64.523669
s2,324,65.327608
s2,325,49.076495
s2,326,61.482388
s2,327,45.790118
s2,328,51.081674
s2,329,58.078737
s2,330,54.861354
s2,331,51.901328
s2,332,70.061529
s2,333,89.574455
s2,334,93.650751
s2,335,106.164366
s2,336,105.774833
s2,337,122.773942
s2,338,133.108179
s2,339,131.677597
s2,340,146.793288
s2,341,129.769552
s2,342,119.876497
s2,343,109.799585
s2,344,122.917409
s2,345,105.370519
s2,346,104.293454
s2,347,91.334943
s2,348,91.989468
s2,349,82.725755
s2,350,65.829855
s2,351,68.247326
s2,352,74.326749
s2,353,59.647827
s2,354,84.535901
s2,355,89.767200
s2,356,96.702163
s2,357,97.622976
s2,358,111.519967
s2,359,110.927593
s2,360,128.744642
s2,361,131.592323
s2,362,142.296064
s2,363,141.375361
s2,364,148.042780
s2,365,153.034199
s2,366,130.480610
s2,367,140.897548
s2,368,111.380113
s2,369,101.152210
s2,370,106.852559
s2,371,98.495206
s2,372,93.254408
s2,373,70.655782
s2,374,77.264450
s2,375,75.724667
s2,376,83.643661
s2,377,75.584718
s2,378,84.679763
s2,379,79.950160
s2,380,93.895651
s2,381,101.127638
s2,382,119.248106
s2,383,116.051215
s2,384,125.703209
s2,385,143.227396
s2,386,157.343782
s2,387,149.694777
s2,388,149.393502
s2,389,142.307618
s2,390,148.289669
s2,391,137.432390
s2,392,137.840024
s2,393,117.853367
s2,394,98.292405
s2,395,91.217262
s2,396,79.047831
s2,397,69.430979
s2,398,82.345755
s2,399,75.459529
s2,400,59.236872
s2,401,83.142168
s2,402,75.577002
s2,403,72.574358
s2,404,90.101187
s2,405,95.350834
s2,406,99.211027
s2,407,99.398237
s2,408,122.126824
s2,409,130.609130
s2,410,113.942375
s2,411,139.581263
s2,412,139.915575
s2,413,129.177408
s2,414,128.442815
s2,415,118.375254
s2,416,105.439854
s2,417,99.081551
s2,418,101.422760
s2,419,70.432657
s2,420,73.626590
s2,421,65.320620
s2,422,52.707891
s2,423,50.986442
s2,424,42.639987
s2,425,48.023681
s2,426,58.164466
s2,427,66.276723
s2,428,64.629731
s2,429,102.552789
s2,430,84.647263
s2,431,98.673129
s2,432,104.030430
s2,433,109.371616
s2,434,126.692216
s2,435,115.894332
s2,436,129.307260
s2,437,125.315709
s2,438,104.137116
s2,439,112.587409
s2,440,91.431071
s2,441,106.870772
s2,442,73.522064
s2,443,59.450908
s2,444,43.156622
s2,445,40.106178
s2,446,39.698146
s2,447,33.202934
s2,448,30.603557
s2,449,36.223744
s2,450,43.923184
s2,451,62.402099
s2,452,46.841569
s2,453,64.365553
s2,454,70.840367
s2,455,75.966014
s2,456,86.294607
s2,457,96.046917
s2,458,113.279119
s2,459,109.438517
s2,460,107.346356
s2,461,113.847450
s2,462,106.997516
s2,463,96.795940
s2,464,93.228935
s2,465,75.075345
s2,466,76.297841
s2,467,65.736468
s2,468,50.702218
s2,469,37.657267
s2,470,52.897920
s2,471,39.510526
s2,472,61.184803
s2,473,35.932724
s2,474,51.790795
s2,475,49.016133
s2,476,62.579035
s2,477,76.455444
s2,478,74.389666
s2,479,89.470271
s2,480,100.477961
s2,481,107.786065
s2,482,117.132418
s2,483,123.816134
s2,484,123.418813
s2,485,117.703713
s2,486,109.323012
s2,487,97.593154
s2,488,92.968449
s2,489,85.873556
s2,490,85.784578
s2,491,69.135667
s2,492,54.583150
s2,493,61.874536
s2,494,46.602176
s2,495,44.515875
s2,496,48.654444
s2,497,56.511264
s2,498,40.131816
s2,499,56.875454
s2,500,75.310942
s2,501,81.203582
s2,502,87.857960
s2,503,100.436704
s2,504,124.086130
s2,505,118.325806
s2,506,132.993052
s2,507,137.287763
s2,508,129.279752
s2,509,134.605958
s2,510,124.266419
s2,511,117.279908
s2,512,105.999745
s2,513,112.306720
s2,514,93.823655
s2,515,83.835537
s2,516,71.547694
s2,517,86.756419
s2,518,74.142831
s2,519,65.227030
s2,520,61.106714
s2,521,57.466467
s2,522,75.927928
s2,523,82.908257
s2,524,78.942875
s2,525,107.741510
s2,526,115.038776
s2,527,112.079936
s2,528,124.187340
s2,529,132.781007
s2,530,142.846482
s2,531,143.967646
s2,532,133.763451
s2,533,155.223286
s2,534,142.555526
s2,535,143.388280
s2,536,135.491384
s2,537,115.657231
s2,538,110.278652
s2,539,103.916101
s2,540,95.681496
s2,541,81.672809
s2,542,73.118607
s2,543,75.047083
s2,544,68.369137
s2,545,72.227220
s2,546,65.673971
s2,547,87.830228
s2,548,87.662282
s2,549,100.308458
s2,550,113.633605
s2,551,125.725433
s2,552,145.929354
s2,553,140.467753
s2,554,133.558783
s2,555,147.823609
s2,556,142.714915
s2,557,147.844312
s2,558,135.115332
s2,559,128.161661
s2,560,121.171473
s2,561,110.736704
s2,562,91.785981
s2,563,90.487009
s2,564,86.276778
s2,565,87.635733
s2,566,70.783405
s2,567,66.703047
s2,568,72.741911
s2,569,73.919010
s2,570,85.639703
s2,571,84.026112
s2,572,87.088445
s2,573,105.803864
s2,574,116.307942
s2,575,110.297103
s2,576,123.028554
s2,577,115.959262
s2,578,130.391794
s2,579,128.897002
s2,580,133.738877
s2,581,129.089486
s2,582,126.376952
s2,583,119.694384
s2,584,115.321393
s2,585,103.470589
s2,586,87.212753
s2,587,71.631703
s2,588,81.035750
s2,589,74.478918
s2,590,54.588182
s2,591,58.426007
s2,592,41.706534
s2,593,42.748959
s2,594,56.049117
s2,595,74.779860
s2,596,63.529305
s2,597,73.660074
s2,598,100.821821
s2,599,83.665737
s2,600,110.542039
s2,601,115.963368
s2,602,115.497894
s2,603,120.851076
s2,604,138.867840
s2,605,108.467413
s2,606,109.571302
s2,607,103.128840
s2,608,91.139185
s2,609,76.582797
s2,610,88.220161
s2,611,68.073281
s2,612,44.293507
s2,613,44.489627
s2,614,47.021085
s2,615,43.610846
s2,616,29.031802
s2,617,40.708729
s2,618,47.394569
s2,619,54.553911
s2,620,62.421671
s2,621,54.923646
s2,622,91.641193
s2,623,88.786316
s2,624,109.109883
s2,625,124.036320
s2,626,106.761580
s2,627,101.715937
s2,628,117.759227
s2,629,107.964699
s2,630,101.559956
s2,631,90.780756
s2,632,102.909423
s2,633,77.939588
s2,634,61.244491
s2,635,58.944922
s2,636,45.169781
s2,637,47.886440
s2,638,38.494670
s2,639,30.957933
s2,640,42.993497
s2,641,36.006805
s2,642,50.832163
s2,643,61.605627
s2,644,58.007101
s2,645,65.464863
s2,646,81.805840
s2,647,96.833984
s2,648,99.261978
s2,649,107.982689
s2,650,112.503144
s2,651,118.510994
s2,652,121.897223
s2,653,110.506833
s2,654,108.319234
s2,655,106.306512
s2,656,93.486572
s2,657,90.809787
s2,658,84.696108
s2,659,71.674715
s2,660,59.327144
s2,661,51.451017
s2,662,65.573101
s2,663,56.727594
s2,664,42.017714
s2,665,46.751268
s2,666,71.969612
s2,667,76.427695
s2,668,74.958829
s2,669,92.506853
s2,670,83.235407
s2,671,104.467570
s2,672,119.300133
s2,673,107.897165
s2,674,121.885476
s2,675,137.220818
s2,676,141.027434
s2,677,126.906517
s2,678,129.762410
s2,679,133.700959
s2,680,111.525547
s2,681,95.906536
s2,682,96.324556
s2,683,85.016244
s2,684,89.583001
s2,685,74.512061
s2,686,62.676991
s2,687,84.041054
s2,688,62.552048
s2,689,72.336230
s2,690,78.782823
s2,691,86.591081
s2,692,90.686589
s2,693,103.472165
s2,694,108.771826
s2,695,108.685203
s2,696,126.681811
s2,697,134.481006
s2,698,140.333346
s2,699,146.059415
s2,700,141.295719
s2,701,154.103067
s2,702,151.841708
s2,703,117.684015
s2,704,126.241653
s2,705,111.923955
s2,706,88.383676
s2,707,101.491122
s2,708,85.370388
s2,709,80.099750
s2,710,72.870616
s2,711,82.857718
s2,712,83.525527
s2,713,78.411519
s2,714,85.898586
s2,715,86.374099
s2,716,96.329432
s2,717,98.927694
s2,718,114.281520
s2,719,118.094619
s2,720,134.669635
s2,721,145.094005
s2,722,146.364427
s2,723,155.646600
s2,724,167.118318
s2,725,129.233794
s2,726,140.308058
s2,727,129.199344
s2,728,121.576727
s2,729,105.310780
s2,730,105.727949
s2,731,93.531883
s2,732,81.681534
s2,733,76.831515
s2,734,68.558668
s2,735,52.063999
s2,736,76.437140
s2,737,67.659362
s2,738,66.708240
s2,739,81.956339
s2,740,82.313267
s2,741,79.719424
s2,742,111.535798
s2,743,101.375369
s2,744,120.232113
s2,745,129.332956
s2,746,143.119370
s2,747,144.298256
s2,748,136.559630
s2,749,126.997005
s2,750,124.521450
s2,751,128.537437
s2,752,124.923773
s2,753,105.793984
s2,754,86.596052
s2,755,88.850402
s2,756,69.078335
s2,757,60.924352
s2,758,55.891365
s2,759,58.639406
s2,760,55.084557
s2,761,61.723895
s2,762,67.681145
s2,763,67.661994
s2,764,53.980911
s2,765,67.254880
s2,766,90.060714
s2,767,97.246955
s2,768,121.778203
s2,769,112.116212
s2,770,115.896409
s2,771,126.460070
s2,772,127.302425
s2,773,115.087679
s2,774,115.417047
s2,775,96.478941
s2,776,89.256775
s2,777,95.705816
s2,778,65.937298
s2,779,73.288329
s2,780,62.383677
s2,781,55.425652
s2,782,50.789542
s2,783,44.802382
s2,784,23.824818
s2,785,33.928647
s2,786,40.991454
s2,787,58.432413
s2,788,51.115467
s2,789,63.227405
s2,790,75.230059
s2,791,96.994859
s2,792,84.995585
s2,793,92.718380
s2,794,112.611605
s2,795,95.093205
s2,796,113.807174
s2,797,105.935713
s2,798,93.201074
s2,799,95.333338
s2,800,82.932607
s2,801,82.473189
s2,802,74.340507
s2,803,73.326666
s2,804,53.669263
s2,805,47.460523
s2,806,37.321676
s2,807,38.635411
s2,808,46.319372
s2,809,26.483885
s2,810,50.352168
s2,811,48.266366
s2,812,61.243907
s2,813,72.680188
s2,814,86.642733
s2,815,91.984109
s2,816,96.367728
s2,817,109.258112
s2,818,112.791026
s2,819,114.681019
s2,820,118.751375
s2,821,122.238121
s2,822,112.930121
s2,823,107.137395
s2,824,88.868909
s2,825,88.855591
s2,826,66.915728
s2,827,77.183222
s2,828,56.834024
s2,829,66.843149
s2,830,74.798438
s2,831,47.252031
s2,832,60.209413
s2,833,55.994533
s2,834,53.916936
s2,835,58.955946
s2,836,78.180205
s2,837,94.266742
s2,838,96.905345
s2,839,93.229652
s2,840,106.058098
s2,841,120.017231
s2,842,137.779469
s2,843,133.511710
s2,844,135.053762
s2,845,140.302597
s2,846,126.090691
s2,847,121.151376
s2,848,113.011353
s2,849,92.604721
s2,850,100.246413
s2,851,90.987157
s2,852,87.164875
s2,853,64.493516
s2,854,62.574738
s2,855,73.153186
s2,856,68.665419
s2,857,79.039278
s2,858,67.351416
s2,859,82.257552
s2,860,84.382099
s2,861,101.415603
s2,862,105.673898
s2,863,123.205200
s2,864,136.345037
s2,865,140.969446
s2,866,128.223977
s2,867,152.032671
s2,868,149.258792
s2,869,136.529802
s2,870,133.628254
s2,871,134.086784
s2,872,130.431733
s2,873,113.854066
s2,874,95.689404
s2,875,100.536389
s2,876,91.227020
s2,877,101.019334
s2,878,68.140047
s2,879,93.527766
s2,880,87.278933
s2,881,78.607041
s2,882,93.071699
s2,883,87.926162
s2,884,102.550483
s2,885,98.987082
s2,886,114.616867
s2,887,115.859789
s2,888,120.199039
s2,889,136.932297
s2,890,139.161152
s2,891,151.106630
s2,892,156.576777
s2,893,143.622037
s2,894,140.644096
s2,895,134.818265
s2,896,112.506894
s2,897,117.395666
s2,898,105.422089
s2,899,95.105937
s2,900,78.208851
s2,901,64.001737
s2,902,71.102135
s2,903,71.811759
s2,904,78.394064
s2,905,78.313841
s2,906,84.568740
s2,907,82.428214
s2,908,95.819220
s2,909,94.334759
s2,910,109.616267
s2,911,120.747681
s2,912,141.826506
s2,913,130.242515
s2,914,123.645210
s2,915,145.692012
s2,916,129.452079
s2,917,132.215743
s2,918,125.425130
s2,919,113.718082
s2,920,121.569376
s2,921,106.182187
s2,922,86.839784
s2,923,81.720673
s2,924,68.647628
s2,925,68.522038
s2,926,55.151767
s2,927,48.566694
s2,928,48.255239
s2,929,51.106502
s2,930,60.202423
s2,931,57.026289
s2,932,70.637856
s2,933,83.149006
s2,934,106.240823
s2,935,104.086451
s2,936,83.583786
s2,937,108.545070
s2,938,114.081991
s2,939,121.829600
s2,940,131.052476
s2,941,122.347016
s2,942,94.800134
s2,943,107.177054
s2,944,97.063667
s2,945,89.615373
s2,946,86.479147
s2,947,58.337481
s2,948,65.541307
s2,949,37.426542
s2,950,44.387795
s2,951,43.441351
s2,952,56.694627
s2,953,36.171824
s2,954,32.877038
s2,955,56.741426
s2,956,54.580501
s2,957,80.076155
s2,958,72.666085
s2,959,80.703237
s2,960,104.939943
s2,961,103.407851
s2,962,115.386330
s2,963,100.256975
s2,964,123.603606
s2,965,104.934137
s2,966,110.997990
s2,967,90.991275
s2,968,78.858762
s2,969,79.319817
s2,970,72.934218
s2,971,73.977874
s2,972,56.363858
s2,973,52.027566
s2,974,46.502576
s2,975,61.908632
s2,976,32.448479
s2,977,50.106772
s2,978,44.348666
s2,979,54.177573
s2,980,56.634678
s2,981,78.898897
s2,982,71.006478
s2,983,80.393643
s2,984,97.739284
s2,985,98.343067
s2,986,117.925772
s2,987,123.046241
s2,988,111.635678
s2,989,121.571630
s2,990,106.986091
s2,991,105.654308
s2,992,98.480874
s2,993,103.734406
s2,994,80.711198
s2,995,65.063311
s2,996,56.995229
s2,997,66.134771
s2,998,40.172559
s2,999,46.711049
s2,1000,47.511190
s2,1001,34.798349
s2,1002,54.568445
s2,1003,72.646539
s2,1004,75.717421
s2,1005,77.218470
s2,1006,99.404834
s2,1007,108.293965
s2,1008,128.833514
s2,1009,116.197289
s2,1010,124.813569
s2,1011,131.712002
s2,1012,131.593371
s2,1013,131.954219
s2,1014,126.812231
s2,1015,116.652606
s2,1016,102.446762
s2,1017,101.642879
s2,1018,86.438634
s2,1019,80.123206
s2,1020,75.849506
s2,1021,77.056834
s2,1022,74.929641
s2,1023,58.456754
s2,1024,68.474791
s2,1025,74.709041
s2,1026,73.332367
s2,1027,68.473702
s2,1028,73.275360
s2,1029,104.884271
s2,1030,115.941385
s2,1031,121.135886
s2,1032,120.335826
s2,1033,146.584829
s2,1034,150.503188
s2,1035,144.537235
s2,1036,144.103006
s2,1037,129.556686
s2,1038,145.602985
s2,1039,121.852776
s2,1040,131.037792
s2,1041,122.426480
s2,1042,108.243432
s2,1043,109.983811
s2,1044,87.379470
s2,1045,87.078662
s2,1046,83.437863
s2,1047,76.442932
s2,1048,71.024181
s2,1049,85.305270
s2,1050,83.703619
s2,1051,85.591659
s2,1052,93.869826
s2,1053,105.217743
s2,1054,130.778975
s2,1055,123.998411
s2,1056,129.937937
s2,1057,130.856981
s2,1058,134.810840
s2,1059,132.573851
s2,1060,148.693607
s2,1061,144.900910
s2,1062,132.377225
s2,1063,122.186694
s2,1064,122.347658
s2,1065,111.303628
s2,1066,95.211926
s2,1067,97.485090
s2,1068,87.232294
s2,1069,78.133581
s2,1070,78.478941
s2,1071,64.401768
s2,1072,78.318693
s2,1073,62.158954
s2,1074,77.361203
s2,1075,84.177282
s2,1076,85.075312
s2,1077,98.248705
s2,1078,95.184425
s2,1079,102.433265
s2,1080,120.127729
s2,1081,122.786145
s2,1082,137.257182
s2,1083,135.450652
s2,1084,139.676957
s2,1085,134.800997
s2,1086,128.889869
s2,1087,120.916269
s2,1088,108.652198
s2,1089,98.067838
s2,1090,106.262358
s2,1091,67.888367
s2,1092,70.238602
s2,1093,71.167744
s2,1094,60.835335
s2,1095,64.476887
s2,1096,56.874823
s2,1097,44.722492
s2,1098,55.355599
s2,1099,53.165488
s2,1100,78.362602
s2,1101,90.314970
s2,1102,85.340419
s2,1103,101.490269
s2,1104,102.414591
s2,1105,101.372301
s2,1106,113.421388
s2,1107,107.400029
s2,1108,114.872802
s2,1109,118.100443
s2,1110,116.987187
s2,1111,114.205223
s2,1112,93.468305
s2,1113,87.976322
s2,1114,79.189301
s2,1115,70.235588
s2,1116,35.840014
s2,1117,43.589194
s2,1118,49.578087
s2,1119,31.948395
s2,1120,41.209843
s2,1121,47.218455
s2,1122,31.003909
s2,1123,49.849293
s2,1124,60.874197
s2,1125,68.159226
s2,1126,66.170890
s2,1127,89.397999
s2,1128,91.128627
s2,1129,108.474003
s2,1130,110.733559
s2,1131,106.369240
s2,1132,112.213633
s2,1133,103.734989
s2,1134,99.256996
s2,1135,86.255226
s2,1136,88.125383
s2,1137,86.711437
s2,1138,71.974273
s2,1139,61.569841
s2,1140,48.523464
s2,1141,42.230176
s2,1142,46.530069
s2,1143,27.095317
s2,1144,53.213919
s2,1145,39.667227
s2,1146,60.936718
s2,1147,60.297513
s2,1148,56.908696
s2,1149,75.024837
s2,1150,81.520686
s2,1151,92.921075
s2,1152,104.438650
s2,1153,102.122680
s2,1154,107.340269
s2,1155,112.308691
s2,1156,106.279753
s2,1157,112.993900
s2,1158,112.788602
s2,1159,107.011780
s2,1160,99.023790
s2,1161,86.008813
s2,1162,85.699257
s2,1163,55.719478
s2,1164,59.963312
s2,1165,53.867891
s2,1166,58.295198
s2,1167,54.192502
s2,1168,55.319615
s2,1169,52.124709
s2,1170,64.105511
s2,1171,56.736009
s2,1172,73.501282
s2,1173,67.165356
s2,1174,105.933631
s2,1175,115.198193
s2,1176,108.261838
s2,1177,114.307931
s2,1178,111.009678
s2,1179,118.916078
s2,1180,132.410167
s2,1181,129.024747
s2,1182,115.531885
s2,1183,116.982275
s2,1184,108.305702
s2,1185,108.180173
s2,1186,100.941891
s2,1187,85.200045
s2,1188,79.674251
s2,1189,72.185681
s2,1190,52.022714
s2,1191,66.453632
s2,1192,64.697029
s2,1193,73.313809
s2,1194,59.040939
s2,1195,85.364315
s2,1196,83.581858
s2,1197,100.024788
s2,1198,117.202588
s2,1199,107.197041
s2,1200,117.508655
s2,1201,142.280814
s2,1202,132.122402
s2,1203,136.867961
s2,1204,149.355645
s2,1205,141.714798
s2,1206,144.938912
s2,1207,135.208427
s2,1208,124.939404
s2,1209,123.478032
s2,1210,122.959215
s2,1211,96.673982
s2,1212,99.928600
s2,1213,90.283709
s2,1214,77.503596
s2,1215,77.158142
s2,1216,66.337112
s2,1217,70.756905
s2,1218,81.793996
s2,1219,85.842021
s2,1220,103.938014
s2,1221,93.768398
s2,1222,110.833809
s2,1223,117.646352
s2,1224,129.760357
s2,1225,146.589309
s2,1226,134.086627
s2,1227,152.165199
s2,1228,141.756381
s2,1229,141.473175
s2,1230,146.630816
s2,1231,130.327890
s2,1232,128.939584
s2,1233,115.262593
s2,1234,103.073306
s2,1235,91.797297
s2,1236,72.547281
s2,1237,72.207557
s2,1238,73.238828
s2,1239,70.012308
s2,1240,56.408332
s2,1241,76.419961
s2,1242,77.085742
s2,1243,69.080037
s2,1244,78.560421
s2,1245,98.716773
s2,1246,90.964572
s2,1247,107.403151
s2,1248,120.557944
s2,1249,126.605909
s2,1250,131.788270
s2,1251,137.488572
s2,1252,128.527447
s2,1253,128.184893
s2,1254,142.011819
s2,1255,109.189075
s2,1256,107.473959
s2,1257,101.742908
s2,1258,85.748330
s2,1259,89.461844
s2,1260,71.588673
s2,1261,68.775450
s2,1262,37.723901
s2,1263,62.286082
s2,1264,60.785119
s2,1265,47.943738
s2,1266,66.981412
s2,1267,65.051262
s2,1268,77.433010
s2,1269,92.569035
s2,1270,88.884804
s2,1271,89.461077
s2,1272,104.929987
s2,1273,102.135104
s2,1274,110.353945
s2,1275,113.064385
s2,1276,113.411037
s2,1277,124.812135
s2,1278,117.435648
s2,1279,97.558194
s2,1280,104.006632
s2,1281,73.411657
s2,1282,70.863149
s2,1283,64.771297
s2,1284,65.563837
s2,1285,54.505748
s2,1286,46.794775
s2,1287,49.714920
s2,1288,44.481869
s2,1289,50.981524
s2,1290,39.060687
s2,1291,38.534406
s2,1292,55.854908
s2,1293,74.109742
s2,1294,79.340067
s2,1295,93.316873
s2,1296,100.472791
s2,1297,106.106019
s2,1298,113.540552
s2,1299,105.064502
s2,1300,118.976166
s2,1301,101.342194
s2,1302,103.576539
s2,1303,87.451516
s2,1304,93.650435
s2,1305,69.208252
s2,1306,81.606913
s2,1307,51.793957
s2,1308,55.212162
s2,1309,45.195516
s2,1310,34.611804
s2,1311,47.622069
s2,1312,34.862536
s2,1313,51.210539
s2,1314,37.355206
s2,1315,45.802522
s2,1316,45.354603
s2,1317,73.905598
s2,1318,86.671698
s2,1319,91.415109
s2,1320,97.612630
s2,1321,99.629378
s2,1322,129.713054
s2,1323,121.260742
s2,1324,103.054608
s2,1325,112.984400
s2,1326,92.044988
s2,1327,117.268147
s2,1328,112.681546
s2,1329,100.221592
s2,1330,79.867207
s2,1331,66.986451
s2,1332,52.926799
s2,1333,60.740939
s2,1334,46.582181
s2,1335,46.968880
s2,1336,45.141290
s2,1337,50.266848
s2,1338,64.302927
s2,1339,77.346562
s2,1340,74.707876
s2,1341,83.634593
s2,1342,85.576428
s2,1343,94.893900
s2,1344,105.471078
s2,1345,127.891863
s2,1346,129.141518
s2,1347,138.220818
s2,1348,135.387658
s2,1349,127.928960
s2,1350,117.963763
s2,1351,118.685940
s2,1352,103.335378
s2,1353,120.351865
s2,1354,98.417361
s2,1355,84.828045
s2,1356,94.425447
s2,1357,70.095150
s2,1358,72.426483
s2,1359,64.632225
s2,1360,68.577866
s2,1361,65.723592
s2,1362,77.091138
s2,1363,91.068278
s2,1364,79.622294
s2,1365,82.161719
s2,1366,119.033205
s2,1367,120.136041
s2,1368,134.507093
s2,1369,133.448456
s2,1370,152.871697
s2,1371,158.348688
s2,1372,136.836904
s2,1373,148.968945
s2,1374,135.289276
s2,1375,121.599781
s2,1376,123.542926
s2,1377,121.081611
s2,1378,97.084839
s2,1379,88.401703
s2,1380,98.791491
s2,1381,82.694572
s2,1382,80.275537
s2,1383,65.747959
s2,1384,68.931777
s2,1385,76.762527
s2,1386,81.632268
s2,1387,87.750667
s2,1388,106.653516
s2,1389,105.086215
s2,1390,101.911283
s2,1391,116.187848
s2,1392,130.794830
s2,1393,147.841965
s2,1394,138.181831
s2,1395,143.177936
s2,1396,146.179436
s2,1397,138.790772
s2,1398,133.216598
s2,1399,130.829157
s2,1400,131.581887
s2,1401,118.165640
s2,1402,102.304104
s2,1403,97.583589
s2,1404,75.848934
s2,1405,85.302736
s2,1406,77.602224
s2,1407,70.780840
s2,1408,55.263041
s2,1409,84.246176
s2,1410,50.865669
s2,1411,71.245403
s2,1412,79.384958
s2,1413,100.140293
s2,1414,92.752624
s2,1415,114.649506
s2,1416,119.761030
s2,1417,125.307542
s2,1418,138.573734
s2,1419,145.208910
s2,1420,137.368645
s2,1421,129.663232
s2,1422,109.558198
s2,1423,130.570305
s2,1424,108.468116
s2,1425,86.915898
s2,1426,91.662361
s2,1427,91.172700
s2,1428,69.894299
s2,1429,54.269227
s2,1430,74.011897
s2,1431,57.987341
s2,1432,54.764743
s2,1433,61.131812
s2,1434,40.902517
s2,1435,62.489179
s2,1436,69.235391
s2,1437,96.071576
s2,1438,83.837208
s2,1439,92.775337
s2,1440,94.499349
s2,1441,105.376850
s2,1442,114.708798
s2,1443,120.656336
s2,1444,117.142366
s2,1445,131.158683
s2,1446,114.853690
s2,1447,108.952654
s2,1448,105.808457
s2,1449,90.576663
s2,1450,71.726305
s2,1451,54.078161
s2,1452,59.317739
s2,1453,42.738125
s2,1454,53.201960
s2,1455,34.116636
s2,1456,22.240290
s2,1457,40.981902
s2,1458,52.814237
s2,1459,49.361047
s2,1460,60.147760
s2,1461,68.907037
s2,1462,90.178581
s2,1463,88.769179
s2,1464,94.665046
s2,1465,97.406422
s2,1466,94.852815
s2,1467,120.755629
s2,1468,119.263157
s2,1469,101.385652
s2,1470,108.763128
s2,1471,100.176019
s2,1472,86.760534
s2,1473,78.121085
s2,1474,76.573215
s2,1475,52.431980
s2,1476,49.085552
s2,1477,45.379137
s2,1478,40.801162
s2,1479,36.470164
s2,1480,39.414107
s2,1481,44.034140
s2,1482,37.966067
s2,1483,52.128134
s2,1484,55.962848
s2,1485,80.881701
s2,1486,68.972159
s2,1487,87.691985
s2,1488,103.803270
s2,1489,104.048364
s2,1490,109.448181
s2,1491,111.400423
s2,1492,118.855661
s2,1493,106.251546
s2,1494,110.570046
s2,1495,104.507832
s2,1496,86.697914
s2,1497,91.170702
s2,1498,76.526811
s2,1499,73.499248
s2,1500,69.641898
s2,1501,59.173079
s2,1502,43.042133
s2,1503,52.014759
s2,1504,37.683013
s2,1505,46.637646
s2,1506,70.052434
s2,1507,64.676797
s2,1508,85.183580
s2,1509,82.001513
s2,1510,93.817915
s2,1511,95.533719
s2,1512,120.382378
s2,1513,119.712937
s2,1514,131.920144
s2,1515,134.215502
s2,1516,136.193232
s2,1517,133.335602
s2,1518,126.907090
s2,1519,121.408503
s2,1520,108.771545
s2,1521,89.448191
s2,1522,100.111715
s2,1523,103.269509
s2,1524,87.742871
s2,1525,90.616557
s2,1526,72.032921
s2,1527,58.756412
s2,1528,58.648532
s2,1529,74.257643
s2,1530,76.173891
s2,1531,79.385030
s2,1532,94.858818
s2,1533,92.426560
s2,1534,113.115307
s2,1535,117.029599
s2,1536,129.429950
s2,1537,144.823983
s2,1538,140.567135
s2,1539,155.360841
s2,1540,155.901724
s2,1541,138.560557
s2,1542,157.680950
s2,1543,124.722038
s2,1544,125.444393
s2,1545,122.772933
s2,1546,90.628169
s2,1547,106.258474
s2,1548,98.578829
s2,1549,82.104683
s2,1550,79.824079
s2,1551,76.476899
s2,1552,72.825683
s2,1553,84.496370
s2,1554,78.027966
s2,1555,86.959310
s2,1556,98.121339
s2,1557,110.916857
s2,1558,122.406378
s2,1559,112.350171
s2,1560,116.684049
s2,1561,137.993836
s2,1562,143.724458
s2,1563,138.781224
s2,1564,149.512763
s2,1565,149.689375
s2,1566,143.155261
s2,1567,145.915180
s2,1568,117.236935
s2,1569,115.637087
s2,1570,119.930337
s2,1571,100.627698
s2,1572,78.026116
s2,1573,80.300839
s2,1574,81.900279
s2,1575,85.207193
s2,1576,73.480005
s2,1577,78.756625
s2,1578,65.439446
s2,1579,77.849682
s2,1580,96.270363
s2,1581,88.668124
s2,1582,104.512910
s2,1583,99.780731
s2,1584,133.023678
s2,1585,127.468929
s2,1586,137.375844
s2,1587,124.145431
s2,1588,125.442782
s2,1589,146.350834
s2,1590,125.033289
s2,1591,116.362754
s2,1592,115.512345
s2,1593,105.933150
s2,1594,76.603932
s2,1595,73.855373
s2,1596,72.247242
s2,1597,63.992862
s2,1598,60.610716
s2,1599,51.021282
s2,1600,50.928757
s2,1601,55.970551
s2,1602,52.861437
s2,1603,57.558281
s2,1604,67.166028
s2,1605,79.895726
s2,1606,87.746116
s2,1607,94.113107
s2,1608,103.837356
s2,1609,111.949328
s2,1610,119.419047
s2,1611,122.151493
s2,1612,109.681548
s2,1613,124.127636
s2,1614,99.825198
s2,1615,108.965737
s2,1616,90.903061
s2,1617,90.856259
s2,1618,84.299058
s2,1619,52.239884
s2,1620,61.803370
s2,1621,51.690461
s2,1622,40.447029
s2,1623,43.418016
s2,1624,35.925937
s2,1625,42.188529
s2,1626,37.480324
s2,1627,57.426060
s2,1628,63.813927
s2,1629,73.931741
s2,1630,72.913137
s2,1631,100.898999
s2,1632,110.404655
s2,1633,102.012440
s2,1634,104.723207
s2,1635,107.713694
s2,1636,116.380517
s2,1637,116.902756
s2,1638,99.209722
s2,1639,83.156364
s2,1640,93.668329
s2,1641,80.807359
s2,1642,72.808735
s2,1643,66.023487
s2,1644,45.317322
s2,1645,47.069369
s2,1646,39.243930
s2,1647,41.486858
s2,1648,47.512185
s2,1649,40.637165
s2,1650,38.870302
s2,1651,61.390887
s2,1652,65.815674
s2,1653,68.543219
s2,1654,66.614822
s2,1655,83.431089
s2,1656,100.119760
s2,1657,110.794493
s2,1658,108.491588
s2,1659,119.191916
s2,1660,112.198884
s2,1661,112.296162
s2,1662,115.587698
s2,1663,103.651704
s2,1664,99.163616
s2,1665,96.024542
s2,1666,88.835543
s2,1667,67.097671
s2,1668,61.580142
s2,1669,46.974554
s2,1670,42.462701
s2,1671,52.069168
s2,1672,46.075505
s2,1673,38.774013
s2,1674,61.625212
s2,1675,58.548872
s2,1676,71.280276
s2,1677,86.626207
s2,1678,96.847560
s2,1679,103.630226
s2,1680,98.533570
s2,1681,125.525223
s2,1682,122.859586
s2,1683,120.436474
s2,1684,115.755857
s2,1685,140.750953
s2,1686,128.263713
s2,1687,122.245115
s2,1688,118.502559
s2,1689,104.826243
s2,1690,85.372350
s2,1691,92.604957
s2,1692,86.988433
s2,1693,76.785763
s2,1694,79.702028
s2,1695,80.025621
s2,1696,59.949694
s2,1697,65.148444
s2,1698,79.992102
s2,1699,81.713943
s2,1700,90.610134
s2,1701,105.711863
s2,1702,114.429625
s2,1703,115.583539
s2,1704,128.892157
s2,1705,130.310990
s2,1706,139.856254
s2,1707,136.438333
s2,1708,130.983429
s2,1709,140.243503
s2,1710,135.476545
s2,1711,140.345327
s2,1712,137.553164
s2,1713,117.075367
s2,1714,110.939265
s2,1715,93.417628
s2,1716,82.783180
s2,1717,80.482266
s2,1718,75.302700
s2,1719,76.705564
s2,1720,74.890165
s2,1721,88.411783
s2,1722,78.884479
s2,1723,74.694387
s2,1724,95.936965
s2,1725,99.292720
s2,1726,115.303995
s2,1727,131.516362
s2,1728,126.897644
s2,1729,138.159635
s2,1730,147.671497
s2,1731,139.608437
s2,1732,148.526884
s2,1733,148.716788
s2,1734,146.034976
s2,1735,141.369689
s2,1736,128.891325
s2,1737,118.114481
s2,1738,94.824507
s2,1739,75.377493
s2,1740,79.043786
s2,1741,89.110870
s2,1742,73.663886
s2,1743,52.574986
s2,1744,65.151443
s2,1745,72.444717
s2,1746,59.876137
s2,1747,83.792691
s2,1748,78.586514
s2,1749,103.463057
s2,1750,105.048136
s2,1751,136.685809
s2,1752,111.860088
s2,1753,130.432485
s2,1754,122.049474
s2,1755,143.893538
s2,1756,136.170124
s2,1757,139.423948
s2,1758,128.300181
s2,1759,111.701593
s2,1760,106.759784
s2,1761,92.519579
s2,1762,83.569841
s2,1763,82.226423
s2,1764,79.753509
s2,1765,70.270037
s2,1766,61.727653
s2,1767,50.027068
s2,1768,56.777636
s2,1769,47.967053
s2,1770,59.537252
s2,1771,70.017361
s2,1772,69.875466
s2,1773,76.332417
s2,1774,85.636197
s2,1775,102.232618
s2,1776,103.405318
s2,1777,101.766519
s2,1778,113.919866
s2,1779,111.525673
s2,1780,130.467331
s2,1781,116.885946
s2,1782,100.958990
s2,1783,106.822834
s2,1784,101.547054
s2,1785,89.316319
s2,1786,73.680486
s2,1787,67.502006
s2,1788,59.374722
s2,1789,57.096296
s2,1790,46.665275
s2,1791,57.361810
s2,1792,38.101931
s2,1793,52.666187
s2,1794,45.556463
s2,1795,38.989539
s2,1796,50.775912
s2,1797,54.974667
s2,1798,65.177771
s2,1799,96.081530
s2,1800,90.797718
s2,1801,107.201330
s2,1802,101.333289
s2,1803,110.759129
s2,1804,103.522953
s2,1805,115.683321
s2,1806,103.007458
s2,1807,95.084652
s2,1808,89.141517
s2,1809,97.292279
s2,1810,74.924680
s2,1811,68.423815
s2,1812,44.553343
s2,1813,41.885156
s2,1814,43.765609
s2,1815,25.049188
s2,1816,48.376843
s2,1817,42.761306
s2,1818,45.299842
s2,1819,50.747886
s2,1820,58.932941
s2,1821,66.503766
s2,1822,90.591198
s2,1823,95.267657
s2,1824,108.446999
s2,1825,104.669153
s2,1826,106.169486
s2,1827,126.208074
s2,1828,108.199342
s2,1829,111.214206
s2,1830,117.131888
s2,1831,113.970723
s2,1832,88.674666
s2,1833,87.740198
s2,1834,80.883727
s2,1835,70.815815
s2,1836,57.420376
s2,1837,62.182357
s2,1838,48.649249
s2,1839,48.389318
s2,1840,33.665928
s2,1841,52.147204
s2,1842,43.666792
s2,1843,70.385014
s2,1844,77.609946
s2,1845,80.108376
s2,1846,95.433522
s2,1847,105.219861
s2,1848,112.667242
s2,1849,124.342710
s2,1850,126.745173
s2,1851,127.844009
s2,1852,126.713865
s2,1853,143.645162
s2,1854,128.999233
s2,1855,121.620184
s2,1856,119.653563
s2,1857,102.894461
s2,1858,93.913030
s2,1859,92.808112
s2,1860,87.470017
s2,1861,78.235538
s2,1862,57.648141
s2,1863,66.594347
s2,1864,66.049613
s2,1865,72.133479
s2,1866,67.185578
s2,1867,72.978394
s2,1868,88.493260
s2,1869,92.511003
s2,1870,101.370317
s2,1871,118.660736
s2,1872,135.084084
s2,1873,136.899228
s2,1874,149.820773
s2,1875,137.654281
s2,1876,151.084226
s2,1877,144.130580
s2,1878,133.679251
s2,1879,130.878632
s2,1880,119.789197
s2,1881,115.543820
s2,1882,102.173959
s2,1883,107.633119
s2,1884,87.258130
s2,1885,72.368104
s2,1886,76.201767
s2,1887,77.548831
s2,1888,71.915991
s2,1889,82.604044
s2,1890,73.992590
s2,1891,80.860731
s2,1892,107.140101
s2,1893,104.395884
s2,1894,117.927899
s2,1895,126.957899
s2,1896,136.059721
s2,1897,139.195739
s2,1898,142.587984
s2,1899,154.727049
s2,1900,143.475359
s2,1901,145.659903
s2,1902,145.163245
s2,1903,130.463887
s2,1904,113.679481
s2,1905,118.700886
s2,1906,113.182689
s2,1907,97.258931
s2,1908,74.068410
s2,1909,83.353553
s2,1910,87.294792
s2,1911,58.119852
s2,1912,48.585830
s2,1913,68.082120
s2,1914,74.281380
s2,1915,85.351394
s2,1916,93.175687
s2,1917,96.520692
s2,1918,108.876227
s2,1919,116.256335
s2,1920,122.742786
s2,1921,128.013169
s2,1922,131.969730
s2,1923,140.571273
s2,1924,138.272152
s2,1925,129.550361
s2,1926,135.561959
s2,1927,115.168649
s2,1928,109.971702
s2,1929,102.731768
s2,1930,77.559728
s2,1931,78.459519
s2,1932,78.074555
s2,1933,69.864581
s2,1934,49.293176
s2,1935,48.234760
s2,1936,45.228123
s2,1937,52.639147
s2,1938,57.587760
s2,1939,52.285571
s2,1940,73.607007
s2,1941,80.373676
s2,1942,88.352551
s2,1943,92.851878
s2,1944,104.410569
s2,1945,99.445116
s2,1946,118.707835
s2,1947,120.981872
s2,1948,118.632161
s2,1949,108.286561
s2,1950,121.131439
s2,1951,113.086970
s2,1952,82.693663
s2,1953,89.547732
s2,1954,77.494738
s2,1955,47.845321
s2,1956,61.101011
s2,1957,54.422837
s2,1958,49.232531
s2,1959,41.786803
s2,1960,35.015357
s2,1961,37.687965
s2,1962,49.171225
s2,1963,60.127135
s2,1964,55.964508
s2,1965,66.461430
s2,1966,82.984395
s2,1967,71.661108
s2,1968,98.952059
s2,1969,101.125153
s2,1970,92.111943
s2,1971,116.476882
s2,1972,104.754503
s2,1973,115.061966
s2,1974,114.896586
s2,1975,89.485998
s2,1976,81.746407
s2,1977,81.181228
s2,1978,59.027340
s2,1979,67.587404
s2,1980,55.164419
s2,1981,53.862268
s2,1982,28.426198
s2,1983,40.334449
s2,1984,41.945559
s2,1985,27.862255
s2,1986,51.991331
s2,1987,42.363832
s2,1988,62.099367
s2,1989,60.847888
s2,1990,86.129173
s2,1991,102.658811
s2,1992,99.851571
s2,1993,107.314995
s2,1994,122.265736
s2,1995,113.135829
s2,1996,117.776941
s2,1997,121.883136
s2,1998,115.187559
s2,1999,117.619796
s2,2000,107.378738
s2,2001,104.034964
s2,2002,80.942071
s2,2003,80.343699
s2,2004,58.325192
s2,2005,64.253170
s2,2006,65.788027
s2,2007,67.772491
s2,2008,41.840904
s2,2009,52.348035
s2,2010,63.834838
s2,2011,59.472153
s2,2012,78.629234
s2,2013,88.478499
s2,2014,91.421547
s2,2015,101.238237
s2,2016,107.786367
s2,2017,124.605355
s2,2018,137.575840
s2,2019,134.202012
s2,2020,153.437600
s2,2021,121.257013
s2,2022,124.094860
s2,2023,127.390179
s2,2024,106.765018
s2,2025,109.032664
s2,2026,103.393781
s2,2027,89.932008
s2,2028,78.985500
s2,2029,80.853979
s2,2030,72.366533
s2,2031,72.178033
s2,2032,70.935910
s2,2033,64.643508
s2,2034,66.453726
s2,2035,78.701769
s2,2036,91.391234
s2,2037,98.420106
s2,2038,116.846157
s2,2039,121.761722
s2,2040,136.047374
s2,2041,137.478979
s2,2042,137.079402
s2,2043,151.847123
s2,2044,150.213135
s2,2045,138.787181
s2,2046,137.851608
s2,2047,154.992174
s2,2048,102.124324
s2,2049,126.025615
s2,2050,108.737904
s2,2051,98.502667
s2,2052,88.333226
s2,2053,79.677520
s2,2054,95.490424
s2,2055,72.037003
s2,2056,72.568725
s2,2057,82.668632
s2,2058,83.992163
s2,2059,86.322565
s2,2060,93.608288
s2,2061,95.089361
s2,2062,122.326871
s2,2063,116.020586
s2,2064,114.491247
s2,2065,146.970069
s2,2066,149.882619
s2,2067,149.666268
s2,2068,143.622476
s2,2069,153.901346
s2,2070,132.539210
s2,2071,117.612516
s2,2072,126.407143
s2,2073,121.558318
s2,2074,110.134517
s2,2075,110.946624
s2,2076,92.725853
s2,2077,77.261515
s2,2078,71.752412
s2,2079,76.228077
s2,2080,68.181566
s2,2081,69.121097
s2,2082,60.965101
s2,2083,77.579992
s2,2084,77.859753
s2,2085,97.768385
s2,2086,106.110579
s2,2087,119.247410
s2,2088,135.209923
s2,2089,127.281473
s2,2090,143.907615
s2,2091,127.279560
s2,2092,136.649552
s2,2093,139.870743
s2,2094,142.210521
s2,2095,112.476341
s2,2096,109.918872
s2,2097,102.956643
s2,2098,90.795151
s2,2099,74.303952
s2,2100,59.935222
s2,2101,55.035774
s2,2102,57.510825
s2,2103,44.474513
s2,2104,66.316938
s2,2105,63.589270
s2,2106,44.092320
s2,2107,60.340840
s2,2108,81.252479
s2,2109,90.725940
s2,2110,97.292952
s2,2111,87.268665
s2,2112,103.159622
s2,2113,121.946448
s2,2114,117.926923
s2,2115,116.202899
s2,2116,123.264069
s2,2117,124.264045
s2,2118,113.061094
s2,2119,106.844474
s2,2120,104.346055
s2,2121,82.500434
s2,2122,69.740349
s2,2123,72.233681
s2,2124,48.585685
s2,2125,53.509706
s2,2126,38.715004
s2,2127,46.954967
s2,2128,31.020657
s2,2129,49.915783
s2,2130,47.676088
s2,2131,49.488425
s2,2132,53.203140
s2,2133,67.411834
s2,2134,71.163120
s2,2135,78.418523
s2,2136,103.761391
s2,2137,107.283534
s2,2138,117.176197
s2,2139,100.924694
s2,2140,96.969251
s2,2141,97.623940
s2,2142,109.811771
s2,2143,104.505984
s2,2144,76.677444
s2,2145,88.878068
s2,2146,68.450419
s2,2147,53.433525
s2,2148,53.218881
s2,2149,50.971184
s2,2150,40.046663
s2,2151,37.532497
s2,2152,32.292874
s2,2153,30.251863
s2,2154,42.674934
s2,2155,40.174055
s2,2156,65.160950
s2,2157,63.925130
s2,2158,90.061841
s2,2159,78.407379
s2,2160,109.721900
s2,2161,100.371078
s2,2162,106.065313
s2,2163,118.370690
s2,2164,123.909406
s2,2165,115.430748
s2,2166,109.226097
s2,2167,120.798498
s2,2168,102.193938
s2,2169,80.843031
s2,2170,78.739793
s2,2171,84.405873
s2,2172,66.245990
s2,2173,63.347019
s2,2174,67.673848
s2,2175,45.766642
s2,2176,53.103954
s2,2177,48.020605
s2,2178,57.994261
s2,2179,69.186411
s2,2180,64.069692
s2,2181,84.976220
s2,2182,95.320221
s2,2183,112.282738
s2,2184,109.366922
s2,2185,112.219362
s2,2186,130.617220
s2,2187,123.018158
s2,2188,133.956079
s2,2189,135.509380
s2,2190,121.050118
s2,2191,120.867927
s2,2192,106.598782
s2,2193,84.630554
s2,2194,85.886761
s2,2195,72.319919
s2,2196,79.964944
s2,2197,65.274557
s2,2198,67.468981
s2,2199,65.749228
s2,2200,74.076279
s2,2201,66.135153
s2,2202,70.659977
s2,2203,84.417158
s2,2204,101.315840
s2,2205,98.434245
s2,2206,111.710217
s2,2207,117.686798
s2,2208,122.991937
s2,2209,124.362956
s2,2210,140.952451
s2,2211,142.948556
s2,2212,143.983142
s2,2213,158.945820
s2,2214,137.605060
s2,2215,136.391677
s2,2216,123.484659
s2,2217,125.899735
s2,2218,105.495490
s2,2219,112.215537
s2,2220,87.931157
s2,2221,88.596688
s2,2222,85.220590
s2,2223,72.951247
s2,2224,80.618712
s2,2225,76.765380
s2,2226,75.037538
s2,2227,82.146119
s2,2228,97.705258
s2,2229,117.670630
s2,2230,110.309428
s2,2231,127.391874
s2,2232,125.836601
s2,2233,140.799738
s2,2234,134.283094
s2,2235,140.924781
s2,2236,147.026285
s2,2237,139.244718
s2,2238,138.131591
s2,2239,140.876411
s2,2240,123.978429
s2,2241,109.995861
s2,2242,96.092801
s2,2243,91.433429
s2,2244,94.899175
s2,2245,78.068021
s2,2246,71.825765
s2,2247,74.787980
s2,2248,74.622559
s2,2249,77.339409
s2,2250,71.046762
s2,2251,72.819643
s2,2252,74.770095
s2,2253,90.715288
s2,2254,102.133951
s2,2255,119.202932
s2,2256,124.181530
s2,2257,124.174011
s2,2258,139.617912
s2,2259,126.049829
s2,2260,127.449197
s2,2261,123.856514
s2,2262,119.426486
s2,2263,118.501501
s2,2264,105.295179
s2,2265,96.026850
s2,2266,101.260108
s2,2267,70.233593
s2,2268,64.110961
s2,2269,62.099384
s2,2270,61.179509
s2,2271,57.791651
s2,2272,50.986435
s2,2273,51.539091
s2,2274,55.989526
s2,2275,69.294279
s2,2276,64.370009
s2,2277,62.295871
s2,2278,90.174905
s2,2279,88.952606
s2,2280,105.219147
s2,2281,122.582053
s2,2282,117.675665
s2,2283,133.012975
s2,2284,107.495020
s2,2285,118.528780
s2,2286,114.720981
s2,2287,110.985325
s2,2288,90.766667
s2,2289,87.668410
s2,2290,77.223930
s2,2291,67.042535
s2,2292,47.088411
s2,2293,36.835129
s2,2294,47.978043
s2,2295,43.149724
s2,2296,39.969421
s2,2297,46.094047
s2,2298,53.462225
s2,2299,42.988043
s2,2300,65.293368
s2,2301,79.543188
s2,2302,85.540555
s2,2303,91.645831
s2,2304,100.989333
s2,2305,92.127899
s2,2306,104.359221
s2,2307,118.593793
s2,2308,122.466284
s2,2309,112.863241
s2,2310,101.679652
s2,2311,97.593125
s2,2312,96.891839
s2,2313,96.425624
s2,2314,77.726629
s2,2315,58.629672
s2,2316,58.653810
s2,2317,50.204925
s2,2318,59.709886
s2,2319,43.526271
s2,2320,39.088537
s2,2321,40.526087
s2,2322,36.633028
s2,2323,44.726574
s2,2324,57.464479
s2,2325,64.562008
s2,2326,82.068543
s2,2327,91.281835
s2,2328,106.602800
s2,2329,118.539324
s2,2330,114.190134
s2,2331,115.089269
s2,2332,103.768259
s2,2333,118.920541
s2,2334,117.156840
s2,2335,100.608416
s2,2336,95.867246
s2,2337,84.948936
s2,2338,88.924949
s2,2339,76.786611
s2,2340,73.189249
s2,2341,48.607218
s2,2342,72.662090
s2,2343,44.184727
s2,2344,43.053339
s2,2345,54.722389
s2,2346,54.243434
s2,2347,79.002387
s2,2348,71.236345
s2,2349,79.102174
s2,2350,101.803933
s2,2351,113.804842
s2,2352,107.832452
s2,2353,118.415126
s2,2354,125.273877
s2,2355,130.449863
s2,2356,145.564750
s2,2357,140.882099
s2,2358,135.752109
s2,2359,131.493544
s2,2360,114.699165
s2,2361,112.491810
s2,2362,96.431332
s2,2363,82.534339
s2,2364,92.469817
s2,2365,60.438394
s2,2366,68.816760
s2,2367,62.078097
s2,2368,54.048865
s2,2369,66.119268
s2,2370,74.379960
s2,2371,84.290543
s2,2372,83.363037
s2,2373,104.794350
s2,2374,111.633219
s2,2375,125.313670
s2,2376,114.066825
s2,2377,132.641084
s2,2378,137.113025
s2,2379,149.350780
s2,2380,140.462348
s2,2381,140.485465
s2,2382,131.718678
s2,2383,125.145413
s2,2384,119.212732
s2,2385,124.333123
s2,2386,99.808685
s2,2387,80.309866
s2,2388,92.058053
s2,2389,79.448158
s2,2390,81.726287
s2,2391,78.662406
s2,2392,71.894910
s2,2393,73.126355
s2,2394,76.532618
s2,2395,87.027045
s2,2396,89.393970
s2,2397,105.763135
s2,2398,124.163622
s2,2399,118.323416
s2,2400,127.115312
s2,2401,134.104908
s2,2402,148.480877
s2,2403,151.606528
s2,2404,157.671870
s2,2405,150.067567
s2,2406,141.060694
s2,2407,136.716888
s2,2408,115.191210
s2,2409,119.507174
s2,2410,106.563196
s2,2411,110.803105
s2,2412,96.538112
s2,2413,72.560232
s2,2414,68.719350
s2,2415,75.943592
s2,2416,53.066537
s2,2417,63.068910
s2,2418,76.472418
s2,2419,84.428586
s2,2420,88.579576
s2,2421,104.475001
s2,2422,102.916759
s2,2423,114.519605
s2,2424,120.404855
s2,2425,120.317960
s2,2426,133.420125
s2,2427,131.357870
s2,2428,135.912839
s2,2429,113.266507
s2,2430,128.410904
s2,2431,116.428226
s2,2432,107.090158
s2,2433,102.085738
s2,2434,87.884016
s2,2435,88.075391
s2,2436,81.111996
s2,2437,70.500461
s2,2438,65.116242
s2,2439,56.955125
s2,2440,53.279399
s2,2441,44.852155
s2,2442,55.326004
s2,2443,72.833567
s2,2444,76.984765
s2,2445,76.235316
s2,2446,89.698096
s2,2447,105.578772
s2,2448,104.563371
s2,2449,124.376727
s2,2450,111.434507
s2,2451,125.320731
s2,2452,124.570234
s2,2453,118.140279
s2,2454,114.164216
s2,2455,108.919282
s2,2456,79.472098
s2,2457,90.066207
s2,2458,84.903155
s2,2459,69.435059
s2,2460,65.825837
s2,2461,40.991275
s2,2462,43.549595
s2,2463,43.107166
s2,2464,37.826792
s2,2465,50.238284
s2,2466,49.103741
s2,2467,47.892631
s2,2468,65.578413
s2,2469,74.566570
s2,2470,74.734356
s2,2471,91.906299
s2,2472,98.540340
s2,2473,105.441232
s2,2474,98.717406
s2,2475,120.367957
s2,2476,116.178262
s2,2477,109.152240
s2,2478,107.529463
s2,2479,100.973341
s2,2480,88.151953
s2,2481,76.929365
s2,2482,72.394150
s2,2483,57.884324
s2,2484,50.196105
s2,2485,38.110206
s2,2486,39.582161
s2,2487,46.289717
s2,2488,40.127455
s2,2489,41.154187
s2,2490,43.129674
s2,2491,49.098797
s2,2492,49.610712
s2,2493,82.548305
s2,2494,74.946453
s2,2495,79.098993
s2,2496,102.258870
s2,2497,108.829971
s2,2498,108.860218
s2,2499,105.266367
s2,2500,106.991576
s2,2501,127.385164
s2,2502,111.031162
s2,2503,101.130480
s2,2504,112.230008
s2,2505,85.753855
s2,2506,73.850564
s2,2507,75.873944
s2,2508,66.531119
s2,2509,68.825010
s2,2510,41.004718
s2,2511,52.341583
s2,2512,37.743007
s2,2513,56.415149
s2,2514,53.189526
s2,2515,61.769505
s2,2516,68.537052
s2,2517,90.132316
s2,2518,106.326657
s2,2519,103.813624
s2,2520,111.882194
s2,2521,117.966165
s2,2522,131.573773
s2,2523,123.739859
s2,2524,158.934367
s2,2525,129.570671
s2,2526,140.317679
s2,2527,122.900911
s2,2528,104.150831
s2,2529,94.178858
s2,2530,93.619874
s2,2531,82.569518
s2,2532,78.042449
s2,2533,64.717968
s2,2534,86.026203
s2,2535,81.975217
s2,2536,52.750208
s2,2537,72.334101
s2,2538,82.590514
s2,2539,78.180599
s2,2540,87.621177
s2,2541,107.127495
s2,2542,113.187446
s2,2543,110.077389
s2,2544,137.311895
s2,2545,132.192970
s2,2546,155.352684
s2,2547,137.768493
s2,2548,128.717154
s2,2549,144.866039
s2,2550,149.088605
s2,2551,137.701581
s2,2552,127.161509
s2,2553,110.143054
s2,2554,114.384649
s2,2555,84.417377
s2,2556,95.659472
s2,2557,73.630584
s2,2558,72.978029
s2,2559,64.667482
s2,2560,67.203832
s2,2561,87.157225
s2,2562,71.627614
s2,2563,88.292605
s2,2564,88.943359
s2,2565,111.753701
s2,2566,103.478870
s2,2567,123.030969
s2,2568,138.270044
s2,2569,155.481969
s2,2570,134.770633
s2,2571,139.857123
s2,2572,146.318974
s2,2573,155.527973
s2,2574,132.090123
s2,2575,139.118125
s2,2576,119.798245
s2,2577,107.140808
s2,2578,92.910858
s2,2579,95.949305
s2,2580,93.249166
s2,2581,77.431601
s2,2582,56.508663
s2,2583,64.718516
s2,2584,75.167718
s2,2585,75.924255
s2,2586,75.283053
s2,2587,90.232357
s2,2588,77.133749
s2,2589,86.026049
s2,2590,122.337243
s2,2591,118.310481
s2,2592,119.762481
s2,2593,124.198453
s2,2594,113.121850
s2,2595,141.202793
s2,2596,119.170884
s2,2597,117.259698
s2,2598,126.652025
s2,2599,131.238125
s2,2600,108.087741
s2,2601,103.994093
s2,2602,87.520505
s2,2603,83.615845
s2,2604,58.707937
s2,2605,79.254135
s2,2606,50.101146
s2,2607,57.908768
s2,2608,37.008901
s2,2609,67.192448
s2,2610,60.770083
s2,2611,78.435941
s2,2612,65.775854
s2,2613,87.155411
s2,2614,87.014071
s2,2615,96.862154
s2,2616,115.052260
s2,2617,104.993336
s2,2618,122.120307
s2,2619,133.680903
s2,2620,132.166171
s2,2621,124.425103
s2,2622,113.958963
s2,2623,97.144100
s2,2624,106.715489
s2,2625,80.998364
s2,2626,85.107584
s2,2627,63.556293
s2,2628,57.068616
s2,2629,49.330803
s2,2630,48.252450
s2,2631,36.943871
s2,2632,40.743673
s2,2633,37.102773
s2,2634,49.125042
s2,2635,53.449629
s2,2636,62.398887
s2,2637,61.731484
s2,2638,80.050992
s2,2639,87.206639
s2,2640,99.778078
s2,2641,102.826500
s2,2642,100.267549
s2,2643,116.027812
s2,2644,105.911518
s2,2645,111.106784
s2,2646,88.892945
s2,2647,101.896446
s2,2648,95.015772
s2,2649,73.910541
s2,2650,75.682870
s2,2651,59.085233
s2,2652,63.829008
s2,2653,51.357947
s2,2654,31.811491
s2,2655,36.898787
s2,2656,24.810780
s2,2657,37.985932
s2,2658,49.196071
s2,2659,58.133088
s2,2660,59.513668
s2,2661,68.093605
s2,2662,81.183046
s2,2663,85.303903
s2,2664,101.399314
s2,2665,115.058281
s2,2666,113.841782
s2,2667,122.385250
s2,2668,111.043590
s2,2669,111.759405
s2,2670,114.189571
s2,2671,120.992457
s2,2672,105.836568
s2,2673,102.474658
s2,2674,80.899994
s2,2675,81.020471
s2,2676,50.952110
s2,2677,61.016380
s2,2678,36.702731
s2,2679,59.370730
s2,2680,53.865160
s2,2681,61.707285
s2,2682,61.028897
s2,2683,61.407675
s2,2684,68.375041
s2,2685,85.321634
s2,2686,105.551572
s2,2687,109.183026
s2,2688,109.731415
s2,2689,117.446169
s2,2690,122.397451
s2,2691,129.826125
s2,2692,131.957744
s2,2693,127.703444
s2,2694,127.695511
s2,2695,109.977037
s2,2696,126.149961
s2,2697,107.703586
s2,2698,108.308591
s2,2699,90.168959
s2,2700,78.510669
s2,2701,74.043161
s2,2702,70.378775
s2,2703,61.330417
s2,2704,63.511552
s2,2705,83.293010
s2,2706,80.927188
s2,2707,76.990171
s2,2708,93.457667
s2,2709,92.967272
s2,2710,119.959877
s2,2711,111.794418
s2,2712,135.187458
s2,2713,136.320833
s2,2714,142.086425
s2,2715,139.134278
s2,2716,144.173018
s2,2717,138.732641
s2,2718,133.911232
s2,2719,137.665838
s2,2720,145.212324
s2,2721,114.811701
s2,2722,115.419626
s2,2723,98.527935
s2,2724,84.788920
s2,2725,93.128215
s2,2726,82.652907
s2,2727,83.511360
s2,2728,75.367663
s2,2729,77.632520
s2,2730,74.807655
s2,2731,85.395949
s2,2732,108.082593
s2,2733,87.552915
s2,2734,117.136958
s2,2735,134.612765
s2,2736,138.104332
s2,2737,145.768643
s2,2738,142.296632
s2,2739,155.548773
s2,2740,156.043355
s2,2741,144.842029
s2,2742,153.006816
s2,2743,130.044028
s2,2744,106.665186
s2,2745,115.575595
s2,2746,104.750600
s2,2747,89.344075
s2,2748,83.200651
s2,2749,74.944728
s2,2750,59.532683
s2,2751,78.935097
s2,2752,68.729480
s2,2753,90.255817
s2,2754,73.902266
s2,2755,82.898079
s2,2756,76.190525
s2,2757,103.718233
s2,2758,97.048344
s2,2759,118.100558
s2,2760,129.011976
s2,2761,134.391617
s2,2762,127.110166
s2,2763,129.699593
s2,2764,141.223315
s2,2765,141.749380
s2,2766,138.654973
s2,2767,120.479186
s2,2768,111.097181
s2,2769,115.382940
s2,2770,87.182383
s2,2771,87.108932
s2,2772,69.747921
s2,2773,53.529735
s2,2774,49.827768
s2,2775,57.839508
s2,2776,54.886351
s2,2777,58.226878
s2,2778,55.623194
s2,2779,60.291374
s2,2780,73.610093
s2,2781,78.666756
s2,2782,77.071965
s2,2783,94.653297
s2,2784,118.567184
s2,2785,106.802587
s2,2786,121.293416
s2,2787,118.994145
s2,2788,125.002035
s2,2789,110.476761
s2,2790,102.499899
s2,2791,108.353871
s2,2792,91.137328
s2,2793,86.382807
s2,2794,74.140390
s2,2795,73.717525
s2,2796,59.352059
s2,2797,50.846050
s2,2798,36.835058
s2,2799,29.003015
s2,2800,33.562874
s2,2801,47.677178
s2,2802,50.683120
s2,2803,56.051024
s2,2804,56.561345
s2,2805,60.886775
s2,2806,86.531646
s2,2807,88.629652
s2,2808,99.724265
s2,2809,95.807806
s2,2810,102.898918
s2,2811,115.715767
s2,2812,116.869486
s2,2813,101.918750
s2,2814,107.086458
s2,2815,89.783215
s2,2816,99.464248
s2,2817,86.181960
s2,2818,88.557812
s2,2819,73.508025
s2,2820,48.882715
s2,2821,48.196560
s2,2822,38.091319
s2,2823,39.875949
s2,2824,44.350042
s2,2825,40.751474
s2,2826,45.917263
s2,2827,42.315292
s2,2828,64.999701
s2,2829,70.164439
s2,2830,84.969064
s2,2831,97.942455
s2,2832,99.526825
s2,2833,112.133174
s2,2834,108.225756
s2,2835,123.215570
s2,2836,117.065248
s2,2837,111.360752
s2,2838,110.193185
s2,2839,95.461707
s2,2840,93.614451
s2,2841,86.613432
s2,2842,80.900003
s2,2843,71.181329
s2,2844,59.026956
s2,2845,55.837555
s2,2846,36.718882
s2,2847,50.852483
s2,2848,54.433573
s2,2849,58.799739
s2,2850,65.988658
s2,2851,63.638045
s2,2852,73.338335
s2,2853,80.316755
s2,2854,90.649026
s2,2855,105.308577
s2,2856,123.662520
s2,2857,109.137644
s2,2858,123.951908
s2,2859,133.361893
s2,2860,125.156841
s2,2861,134.270237
s2,2862,117.365109
s2,2863,119.128156
s2,2864,102.029959
s2,2865,107.696124
s2,2866,90.832670
s2,2867,92.550756
s2,2868,77.584003
s2,2869,66.061556
s2,2870,65.343528
s2,2871,66.936207
s2,2872,65.961253
s2,2873,66.711170
s2,2874,70.945556
s2,2875,80.601603
s2,2876,95.381093
s2,2877,94.652038
s2,2878,112.255870
s2,2879,109.206028
s2,2880,134.862005
s2,2881,138.375200
s2,2882,138.818624
s2,2883,142.378326
s2,2884,133.202716
s2,2885,144.708683
s2,2886,138.158448
s2,2887,123.510898
s2,2888,122.678669
s2,2889,121.199068
s2,2890,108.794645
s2,2891,100.212915
s2,2892,85.651535
s2,2893,88.895792
s2,2894,77.309375
s2,2895,80.811578
s2,2896,90.402295
s2,2897,61.430352
s2,2898,76.855801
s2,2899,87.066194
s2,2900,89.693001
s2,2901,111.850065
s2,2902,111.289440
s2,2903,135.531816
s2,2904,137.319484
s2,2905,141.925164
s2,2906,143.780841
s2,2907,152.948912
s2,2908,150.649631
s2,2909,155.593589
s2,2910,143.219186
s2,2911,140.949128
s2,2912,127.922709
s2,2913,117.823704
s2,2914,93.868711
s2,2915,95.505496
s2,2916,89.260394
s2,2917,70.160964
s2,2918,62.777626
s2,2919,67.233231
s2,2920,70.606525
s2,2921,57.424842
s2,2922,76.065869
s2,2923,86.736052
s2,2924,85.412043
s2,2925,97.641079
s2,2926,108.378466
s2,2927,108.979509
s2,2928,126.427550
s2,2929,131.764690
s2,2930,124.003541
s2,2931,139.276819
s2,2932,141.773643
s2,2933,124.753609
s2,2934,134.004644
s2,2935,118.518484
s2,2936,101.804382
s2,2937,94.136386
s2,2938,84.886085
s2,2939,85.180046
s2,2940,68.329874
s2,2941,61.069900
s2,2942,48.664421
s2,2943,54.417607
s2,2944,43.882495
s2,2945,49.410176
s2,2946,62.556009
s2,2947,68.738209
s2,2948,67.390512
s2,2949,79.474747
s2,2950,92.793271
s2,2951,97.648171
s2,2952,114.606197
s2,2953,122.204670
s2,2954,116.389886
s2,2955,110.392111
s2,2956,118.272811
s2,2957,126.764385
s2,2958,120.211998
s2,2959,113.628870
s2,2960,104.505598
s2,2961,82.783536
s2,2962,78.441430
s2,2963,74.462435
s2,2964,59.340121
s2,2965,56.231939
s2,2966,36.629846
s2,2967,31.680888
s2,2968,54.623654
s2,2969,47.119742
s2,2970,50.033201
s2,2971,62.528967
s2,2972,76.012504
s2,2973,89.820357
s2,2974,60.268005
s2,2975,90.191482
s2,2976,103.450553
s2,2977,88.722042
s2,2978,94.850413
s2,2979,109.685707
s2,2980,125.446566
s2,2981,116.401151
s2,2982,121.011216
s2,2983,100.712192
s2,2984,98.462951
s2,2985,92.651040
s2,2986,75.177959
s2,2987,62.257101
s2,2988,54.800480
s2,2989,19.442498
s2,2990,44.102181
s2,2991,25.074348
s2,2992,32.525671
s2,2993,46.100277
s2,2994,48.477017
s2,2995,37.439659
s2,2996,64.652543
s2,2997,75.890541
s2,2998,81.836046
s2,2999,95.351146
s2,3000,103.530243
s2,3001,94.288155
s2,3002,111.144077
s2,3003,113.980688
s2,3004,108.164184
s2,3005,115.357504
s2,3006,105.796730
s2,3007,105.316466
s2,3008,91.948895
s2,3009,97.529504
s2,3010,97.132325
s2,3011,67.514587
s2,3012,64.041554
s2,3013,57.547043
s2,3014,55.802661
s2,3015,48.841840
s2,3016,33.677164
s2,3017,55.531320
s2,3018,56.993615
s2,3019,57.109212
s2,3020,72.401229
s2,3021,80.009451
s2,3022,95.903855
s2,3023,101.946788
s2,3024,111.565717
s2,3025,122.351948
s2,3026,129.369533
s2,3027,131.365067
s2,3028,141.179944
s2,3029,132.957638
s2,3030,121.722717
s2,3031,134.507667
s2,3032,115.088909
s2,3033,117.293969
s2,3034,88.701481
s2,3035,91.963674
s2,3036,92.568249
s2,3037,82.623470
s2,3038,69.156517
s2,3039,61.692915
s2,3040,61.608448
s2,3041,67.285135
s2,3042,66.367119
s2,3043,75.043233
s2,3044,81.827582
s2,3045,91.502104
s2,3046,110.873288
s2,3047,105.901576
s2,3048,129.359713
s2,3049,140.901124
s2,3050,134.461383
s2,3051,138.092198
s2,3052,145.926204
s2,3053,143.782064
s2,3054,147.101589
s2,3055,119.025087
s2,3056,125.482190
s2,3057,127.469106
s2,3058,108.198719
s2,3059,111.444709
s2,3060,106.043585
s2,3061,78.658712
s2,3062,88.712871
s2,3063,78.500858
s2,3064,74.080051
s2,3065,74.131542
s2,3066,78.974316
s2,3067,80.294748
s2,3068,93.895862
s2,3069,111.295681
s2,3070,123.277573
s2,3071,120.433869
s2,3072,135.730106
s2,3073,142.392503
s2,3074,126.377843
s2,3075,152.049289
s2,3076,137.848023
s2,3077,136.229615
s2,3078,146.343929
s2,3079,145.788075
s2,3080,116.582256
s2,3081,108.686819
s2,3082,98.136996
s2,3083,91.375786
s2,3084,83.377489
s2,3085,72.386769
s2,3086,60.669472
s2,3087,82.473971
s2,3088,64.535355
s2,3089,64.058935
s2,3090,80.270763
s2,3091,76.765344
s2,3092,95.113430
s2,3093,101.514547
s2,3094,112.102412
s2,3095,110.665835
s2,3096,126.399900
s2,3097,116.708614
s2,3098,122.685787
s2,3099,135.782362
s2,3100,132.870718
s2,3101,142.499888
s2,3102,125.416624
s2,3103,107.132027
s2,3104,111.956649
s2,3105,99.406884
s2,3106,92.646396
s2,3107,72.384147
s2,3108,65.942247
s2,3109,64.273043
s2,3110,63.336062
s2,3111,57.183852
s2,3112,58.510970
s2,3113,43.414971
s2,3114,56.344288
s2,3115,65.367888
s2,3116,78.378693
s2,3117,81.733923
s2,3118,87.007964
s2,3119,96.760253
s2,3120,105.007713
s2,3121,101.654134
s2,3122,117.188368
s2,3123,125.392667
s2,3124,124.639890
s2,3125,102.947987
s2,3126,111.859963
s2,3127,93.682097
s2,3128,104.359622
s2,3129,90.529736
s2,3130,81.627986
s2,3131,61.459666
s2,3132,42.941951
s2,3133,41.925316
s2,3134,41.364521
s2,3135,29.446390
s2,3136,32.225730
s2,3137,54.400219
s2,3138,35.638525
s2,3139,55.692981
s2,3140,45.621150
s2,3141,70.317406
s2,3142,84.131971
s2,3143,90.523954
s3,0,295.320859
s3,1,234.006623
s3,2,288.813664
s3,3,274.869497
s3,4,273.118780
s3,5,268.240433
s3,6,226.309857
s3,7,238.456980
s3,8,209.680123
s3,9,257.231063
s3,10,188.820145
s3,11,162.693493
s3,12,150.188598
s3,13,134.600388
s3,14,123.982712
s3,15,135.553236
s3,16,155.844450
s3,17,155.682426
s3,18,190.534934
s3,19,191.079526
s3,20,215.861737
s3,21,262.165497
s3,22,267.449845
s3,23,269.895305
s3,24,291.013988
s3,25,314.233929
s3,26,343.145839
s3,27,309.030274
s3,28,305.143556
s3,29,315.655157
s3,30,271.584193
s3,31,263.810102
s3,32,263.088899
s3,33,237.892842
s3,34,210.281098
s3,35,201.698607
s3,36,131.080367
s3,37,182.241953
s3,38,145.064038
s3,39,133.575339
s3,40,169.911806
s3,41,186.927223
s3,42,183.154923
s3,43,190.934399
s3,44,228.572824
s3,45,248.052623
s3,46,291.448885
s3,47,298.921282
s3,48,304.764320
s3,49,329.824780
s3,50,314.069422
s3,51,302.416172
s3,52,320.979361
s3,53,310.236629
s3,54,282.330290
s3,55,254.654814
s3,56,250.040804
s3,57,184.818568
s3,58,214.685466
s3,59,192.385708
s3,60,142.385392
s3,61,157.898910
s3,62,134.761601
s3,63,160.924576
s3,64,120.260755
s3,65,147.206060
s3,66,186.564074
s3,67,210.440088
s3,68,176.271391
s3,69,222.460737
s3,70,254.654403
s3,71,256.603382
s3,72,305.471746
s3,73,270.337669
s3,74,299.421031
s3,75,275.911906
s3,76,308.685092
s3,77,274.259866
s3,78,252.673626
s3,79,211.760641
s3,80,244.604225
s3,81,207.374945
s3,82,185.640144
s3,83,172.041652
s3,84,142.921472
s3,85,114.874791
s3,86,105.072058
s3,87,103.242990
s3,88,141.559989
s3,89,104.943913
s3,90,131.828453
s3,91,152.692200
s3,92,180.070372
s3,93,205.142519
s3,94,194.806888
s3,95,203.984199
s3,96,245.240175
s3,97,274.127891
s3,98,271.247808
s3,99,261.644361
s3,100,246.792186
s3,101,245.192455
s3,102,220.895844
s3,103,218.798945
s3,104,171.815259
s3,105,164.715476
s3,106,139.499361
s3,107,130.714786
s3,108,109.654804
s3,109,135.215028
s3,110,111.794046
s3,111,110.603595
s3,112,58.327444
s3,113,94.936795
s3,114,104.494678
s3,115,140.045919
s3,116,114.567301
s3,117,190.184737
s3,118,208.254902
s3,119,188.189929
s3,120,208.012260
s3,121,221.280204
s3,122,240.274380
s3,123,249.982280
s3,124,267.277503
s3,125,221.122369
s3,126,222.008838
s3,127,194.329793
s3,128,200.003994
s3,129,162.977946
s3,130,152.937493
s3,131,95.794443
s3,132,95.260879
s3,133,74.940993
s3,134,106.721367
s3,135,93.291674
s3,136,83.483261
s3,137,91.844500
s3,138,121.987086
s3,139,121.596320
s3,140,138.736236
s3,141,182.979516
s3,142,235.766643
s3,143,211.538047
s3,144,222.499041
s3,145,224.344237
s3,146,228.452629
s3,147,259.590692
s3,148,260.805417
s3,149,238.308823
s3,150,230.110421
s3,151,209.916994
s3,152,191.419001
s3,153,145.152080
s3,154,143.264026
s3,155,135.432828
s3,156,107.447829
s3,157,102.979828
s3,158,93.145557
s3,159,101.977659
s3,160,127.460047
s3,161,118.888429
s3,162,138.908434
s3,163,173.767894
s3,164,192.621307
s3,165,231.792834
s3,166,192.969117
s3,167,259.874191
s3,168,254.949607
s3,169,277.052332
s3,170,295.527593
s3,171,301.285861
s3,172,296.990780
s3,173,274.171695
s3,174,284.384238
s3,175,237.640310
s3,176,221.267822
s3,177,216.852690
s3,178,176.385601
s3,179,202.910086
s3,180,170.996502
s3,181,180.098335
s3,182,140.439694
s3,183,135.676635
s3,184,150.806092
s3,185,171.252508
s3,186,165.811952
s3,187,200.351588
s3,188,215.204716
s3,189,263.283271
s3,190,248.124927
s3,191,294.717553
s3,192,283.637596
s3,193,290.215379
s3,194,300.819639
s3,195,294.301226
s3,196,311.382100
s3,197,316.118312
s3,198,288.396590
s3,199,278.466828
s3,200,275.083063
s3,201,232.927665
s3,202,211.939428
s3,203,186.575954
s3,204,150.599087
s3,205,178.056867
s3,206,132.314987
s3,207,170.716080
s3,208,165.259548
s3,209,193.747008
s3,210,189.186878
s3,211,194.985690
s3,212,233.881391
s3,213,239.932802
s3,214,266.064005
s3,215,287.632687
s3,216,299.510474
s3,217,309.017812
s3,218,304.038671
s3,219,314.204424
s3,220,277.420979
s3,221,298.398700
s3,222,266.598656
s3,223,285.103971
s3,224,266.693170
s3,225,193.504464
s3,226,205.962138
s3,227,182.501993
s3,228,151.859656
s3,229,165.423704
s3,230,142.800163
s3,231,120.527454
s3,232,148.540605
s3,233,159.465923
s3,234,176.913691
s3,235,172.237943
s3,236,220.650372
s3,237,242.196688
s3,238,231.072845
s3,239,255.809152
s3,240,278.736105
s3,241,280.342491
s3,242,321.648594
s3,243,296.020348
s3,244,270.020373
s3,245,261.996543
s3,246,257.710111
s3,247,275.984061
s3,248,214.842787
s3,249,197.370110
s3,250,181.807848
s3,251,153.193537
s3,252,173.824421
s3,253,116.598338
s3,254,129.783167
s3,255,118.613197
s3,256,129.577973
s3,257,109.483725
s3,258,169.660168
s3,259,155.887662
s3,260,177.023080
s3,261,180.977309
s3,262,203.117316
s3,263,240.692245
s3,264,261.094801
s3,265,266.762945
s3,266,278.478403
s3,267,269.625771
s3,268,252.322065
s3,269,253.885132
s3,270,234.286857
s3,271,204.114435
s3,272,196.143580
s3,273,183.138795
s3,274,145.024985
s3,275,116.321754
s3,276,117.559970
s3,277,124.826021
s3,278,84.446577
s3,279,85.178847
s3,280,88.777145
s3,281,119.950139
s3,282,84.837276
s3,283,137.375900
s3,284,170.107947
s3,285,158.378628
s3,286,215.006808
s3,287,217.588007
s3,288,214.884462
s3,289,237.365193
s3,290,215.029772
s3,291,230.677607
s3,292,263.741787
s3,293,209.980631
s3,294,239.241945
s3,295,190.537930
s3,296,187.759780
s3,297,151.805772
s3,298,95.176981
s3,299,103.874825
s3,300,101.374388
s3,301,69.546156
s3,302,61.083637
s3,303,88.628409
s3,304,77.974932
s3,305,71.950751
s3,306,103.286605
s3,307,146.592049
s3,308,146.045721
s3,309,190.235485
s3,310,220.792895
s3,311,215.996431
s3,312,213.317960
s3,313,222.257705
s3,314,249.392742
s3,315,265.287851
s3,316,251.496814
s3,317,246.918142
s3,318,217.695737
s3,319,212.869093
s3,320,181.659583
s3,321,164.360867
s3,322,129.917975
s3,323,108.493751
s3,324,112.267191
s3,325,92.881114
s3,326,90.911549
s3,327,118.050365
s3,328,112.097020
s3,329,172.019729
s3,330,156.191838
s3,331,150.617398
s3,332,194.753101
s3,333,210.378375
s3,334,215.445981
s3,335,263.805967
s3,336,250.260895
s3,337,225.963163
s3,338,294.829119
s3,339,274.077665
s3,340,304.137769
s3,341,261.295233
s3,342,239.727967
s3,343,266.943284
s3,344,206.315559
s3,345,207.317370
s3,346,208.403195
s3,347,170.167543
s3,348,153.399838
s3,349,146.927905
s3,350,154.289979
s3,351,128.897057
s3,352,157.903580
s3,353,168.732490
s3,354,212.534187
s3,355,188.891952
s3,356,200.836306
s3,357,249.203355
s3,358,252.373640
s3,359,282.604823
s3,360,296.060636
s3,361,324.279830
s3,362,301.675030
s3,363,311.867727
s3,364,268.206692
s3,365,285.376317
s3,366,310.348973
s3,367,257.573532
s3,368,237.744646
s3,369,209.120727
s3,370,218.094179
s3,371,193.824780
s3,372,157.341094
s3,373,176.580250
s3,374,164.580048
s3,375,172.337791
s3,376,155.225001
s3,377,203.526645
s3,378,196.829084
s3,379,206.286660
s3,380,219.853478
s3,381,244.979342
s3,382,282.699986
s3,383,282.659287
s3,384,318.913571
s3,385,321.329467
s3,386,338.901714
s3,387,330.256232
s3,388,310.627400
s3,389,270.366575
s3,390,290.544681
s3,391,279.804968
s3,392,248.980618
s3,393,233.623784
s3,394,196.097548
s3,395,178.436174
s3,396,153.528882
s3,397,178.707660
s3,398,152.721504
s3,399,140.929262
s3,400,131.497791
s3,401,159.385056
s3,402,198.292894
s3,403,199.328418
s3,404,199.207132
s3,405,253.301294
s3,406,272.262244
s3,407,282.043259
s3,408,292.642572
s3,409,307.887725
s3,410,302.440665
s3,411,305.086407
s3,412,273.709280
s3,413,298.599210
s3,414,262.328518
s3,415,271.638989
s3,416,185.019049
s3,417,206.617029
s3,418,189.286507
s3,419,148.348630
s3,420,144.572956
s3,421,137.075959
s3,422,127.114021
s3,423,107.411641
s3,424,117.367826
s3,425,144.614644
s3,426,161.807487
s3,427,159.415732
s3,428,177.708987
s3,429,199.144871
s3,430,231.395084
s3,431,214.799799
s3,432,224.045750
s3,433,256.699910
s3,434,241.430419
s3,435,248.800197
s3,436,253.247408
s3,437,248.220795
s3,438,207.635736
s3,439,218.549327
s3,440,156.146982
s3,441,171.294294
s3,442,116.028136
s3,443,101.622261
s3,444,116.336139
s3,445,87.912678
s3,446,75.086637
s3,447,79.539372
s3,448,98.400027
s3,449,99.517112
s3,450,113.762323
s3,451,148.398796
s3,452,139.569475
s3,453,163.841820
s3,454,182.824290
s3,455,227.725817
s3,456,239.531527
s3,457,254.692181
s3,458,239.041636
s3,459,237.217902
s3,460,248.155694
s3,461,217.970909
s3,462,223.019459
s3,463,203.431792
s3,464,160.672085
s3,465,149.772305
s3,466,129.132670
s3,467,140.770692
s3,468,139.741904
s3,469,86.362516
s3,470,82.867244
s3,471,46.264084
s3,472,91.750089
s3,473,98.971459
s3,474,97.066947
s3,475,145.389756
s3,476,128.573597
s3,477,171.841476
s3,478,198.578239
s3,479,195.492185
s3,480,245.100745
s3,481,259.971734
s3,482,227.630070
s3,483,228.665543
s3,484,256.828721
s3,485,237.674075
s3,486,205.406755
s3,487,203.338701
s3,488,187.480256
s3,489,167.282002
s3,490,163.833737
s3,491,139.796331
s3,492,148.289919
s3,493,132.592472
s3,494,117.107060
s3,495,124.546876
s3,496,134.991429
s3,497,136.689632
s3,498,121.758489
s3,499,174.499074
s3,500,183.461345
s3,501,230.570489
s3,502,227.912465
s3,503,254.580327
s3,504,267.940391
s3,505,301.796871
s3,506,284.959000
s3,507,279.641172
s3,508,285.306638
s3,509,264.657856
s3,510,261.222263
s3,511,242.048345
s3,512,227.869494
s3,513,234.835615
s3,514,178.716510
s3,515,168.927157
s3,516,151.497329
s3,517,156.050915
s3,518,121.959927
s3,519,130.722380
s3,520,147.501490
s3,521,168.237649
s3,522,174.470295
s3,523,186.271780
s3,524,201.604346
s3,525,245.620405
s3,526,281.803334
s3,527,283.144972
s3,528,296.949572
s3,529,312.687495
s3,530,297.101983
s3,531,308.357401
s3,532,304.753672
s3,533,304.341987
s3,534,285.255141
s3,535,249.015225
s3,536,266.971940
s3,537,255.685777
s3,538,204.605677
s3,539,197.358392
s3,540,180.605549
s3,541,178.455662
s3,542,136.741824
s3,543,186.081412
s3,544,158.003036
s3,545,195.946123
s3,546,191.561941
s3,547,201.924002
s3,548,225.907583
s3,549,263.251347
s3,550,255.146897
s3,551,280.959908
s3,552,293.948386
s3,553,284.591474
s3,554,338.164596
s3,555,326.492786
s3,556,311.293388
s3,557,319.534617
s3,558,270.464675
s3,559,266.004555
s3,560,273.980787
s3,561,240.395539
s3,562,168.036263
s3,563,131.210515
s3,564,152.000645
s3,565,173.897787
s3,566,142.628063
s3,567,145.325135
s3,568,162.539774
s3,569,147.674736
s3,570,178.616841
s3,571,204.611243
s3,572,218.271688
s3,573,236.764502
s3,574,239.773344
s3,575,274.579435
s3,576,273.179421
s3,577,310.276447
s3,578,334.870004
s3,579,280.847900
s3,580,251.397652
s3,581,267.799247
s3,582,264.659157
s3,583,256.053701
s3,584,234.959264
s3,585,182.787266
s3,586,160.891357
s3,587,174.112367
s3,588,119.855644
s3,589,142.546439
s3,590,114.245710
s3,591,128.308647
s3,592,130.937466
s3,593,140.736452
s3,594,154.497192
s3,595,142.001847
s3,596,181.236805
s3,597,196.160648
s3,598,219.726969
s3,599,251.396389
s3,600,240.973071
s3,601,243.319343
s3,602,247.485031
s3,603,253.220854
s3,604,263.908445
s3,605,227.463666
s3,606,243.337332
s3,607,210.370863
s3,608,180.908641
s3,609,141.261221
s3,610,145.190775
s3,611,133.084545
s3,612,77.808335
s3,613,113.485827
s3,614,114.179522
s3,615,92.071837
s3,616,98.828000
s3,617,139.000981
s3,618,133.942699
s3,619,117.158259
s3,620,150.765402
s3,621,168.881861
s3,622,188.769141
s3,623,171.194777
s3,624,235.781114
s3,625,223.911178
s3,626,242.200069
s3,627,237.548514
s3,628,248.448852
s3,629,219.548556
s3,630,197.001948
s3,631,200.361867
s3,632,194.323345
s3,633,145.986449
s3,634,152.959854
s3,635,117.232176
s3,636,89.813059
s3,637,112.363876
s3,638,69.544187
s3,639,98.994206
s3,640,80.394596
s3,641,106.287484
s3,642,94.486075
s3,643,119.418766
s3,644,170.666495
s3,645,178.288993
s3,646,196.969219
s3,647,208.439252
s3,648,238.536584
s3,649,220.726438
s3,650,231.893840
s3,651,248.666314
s3,652,233.844072
s3,653,226.952527
s3,654,223.645153
s3,655,205.861987
s3,656,185.640416
s3,657,196.215035
s3,658,166.771131
s3,659,153.324912
s3,660,119.527906
s3,661,102.527755
s3,662,82.989093
s3,663,101.743408
s3,664,80.435026
s3,665,116.053854
s3,666,153.598188
s3,667,186.692884
s3,668,197.754695
s3,669,190.883906
s3,670,234.298774
s3,671,233.537823
s3,672,275.833733
s3,673,273.115484
s3,674,295.855285
s3,675,325.120140
s3,676,295.121558
s3,677,309.009187
s3,678,261.468712
s3,679,236.892414
s3,680,244.862803
s3,681,231.652776
s3,682,176.327326
s3,683,169.561697
s3,684,131.736724
s3,685,142.088396
s3,686,155.078437
s3,687,140.423894
s3,688,139.025802
s3,689,136.983445
s3,690,181.102867
s3,691,207.037011
s3,692,225.017595
s3,693,241.517414
s3,694,238.343111
s3,695,306.167903
s3,696,293.034830
s3,697,303.268783
s3,698,323.911287
s3,699,278.733220
s3,700,308.009019
s3,701,297.429506
s3,702,291.724082
s3,703,290.032184
s3,704,256.523478
s3,705,199.293667
s3,706,203.391603
s3,707,194.265445
s3,708,178.685640
s3,709,145.400837
s3,710,133.798217
s3,711,169.057431
s3,712,170.985235
s3,713,175.377688
s3,714,162.664451
s3,715,236.541698
s3,716,181.751086
s3,717,243.071024
s3,718,302.417737
s3,719,284.443941
s3,720,305.376393
s3,721,293.172305
s3,722,339.096032
s3,723,296.548598
s3,724,315.705135
s3,725,303.074504
s3,726,268.955959
s3,727,281.371422
s3,728,223.719013
s3,729,213.785124
s3,730,203.184234
s3,731,177.923853
s3,732,176.092013
s3,733,171.702131
s3,734,145.486816
s3,735,140.145584
s3,736,144.535780
s3,737,155.988470
s3,738,188.165177
s3,739,188.456311
s3,740,217.321709
s3,741,228.970930
s3,742,235.894639
s3,743,280.170356
s3,744,263.412842
s3,745,289.496461
s3,746,317.540902
s3,747,275.196681
s3,748,285.306669
s3,749,249.249788
s3,750,250.478974
s3,751,215.338006
s3,752,211.909621
s3,753,186.717728
s3,754,175.694668
s3,755,179.184367
s3,756,141.861599
s3,757,135.633528
s3,758,117.064686
s3,759,112.133812
s3,760,106.295122
s3,761,99.496303
s3,762,142.468291
s3,763,183.898079
s3,764,184.097265
s3,765,187.393106
s3,766,241.182939
s3,767,224.742439
s3,768,235.409368
s3,769,235.307761
s3,770,243.742064
s3,771,254.252143
s3,772,283.851007
s3,773,237.201897
s3,774,208.284945
s3,775,196.036941
s3,776,180.960628
s3,777,135.179606
s3,778,143.297899
s3,779,133.231731
s3,780,111.193584
s3,781,104.026196
s3,782,67.182817
s3,783,59.478330
s3,784,111.528699
s3,785,117.891162
s3,786,89.588217
s3,787,134.824480
s3,788,151.440170
s3,789,180.110939
s3,790,194.520549
s3,791,200.988952
s3,792,226.793142
s3,793,236.611706
s3,794,238.803604
s3,795,210.088045
s3,796,186.588110
s3,797,211.638475
s3,798,183.572453
s3,799,195.884100
s3,800,183.302721
s3,801,155.313267
s3,802,125.128239
s3,803,114.164939
s3,804,117.014187
s3,805,76.300423
s3,806,97.398925
s3,807,94.091297
s3,808,92.552520
s3,809,122.314869
s3,810,102.747350
s3,811,147.900345
s3,812,138.762433
s3,813,163.006618
s3,814,179.401153
s3,815,222.609490
s3,816,216.356733
s3,817,243.917305
s3,818,231.625414
s3,819,268.251082
s3,820,276.571345
s3,821,241.779253
s3,822,251.083052
s3,823,217.032947
s3,824,223.909483
s3,825,171.166054
s3,826,125.467141
s3,827,157.498504
s3,828,117.956623
s3,829,94.029183
s3,830,95.751226
s3,831,81.292298
s3,832,111.127086
s3,833,108.253495
s3,834,165.117254
s3,835,171.380272
s3,836,155.738488
s3,837,180.519555
s3,838,217.345265
s3,839,215.363791
s3,840,260.909260
s3,841,274.202093
s3,842,269.759181
s3,843,275.209900
s3,844,288.342814
s3,845,294.436942
s3,846,282.560406
s3,847,242.716839
s3,848,237.217118
s3,849,192.249385
s3,850,191.798820
s3,851,152.980834
s3,852,166.362371
s3,853,125.474711
s3,854,125.423792
s3,855,141.672537
s3,856,157.045151
s3,857,136.488491
s3,858,166.624577
s3,859,196.438777
s3,860,219.138325
s3,861,224.011575
s3,862,260.278277
s3,863,273.703172
s3,864,316.400679
s3,865,314.495899
s3,866,290.998904
s3,867,278.119286
s3,868,310.638603
s3,869,318.531492
s3,870,288.547393
s3,871,282.590683
s3,872,241.213501
s3,873,206.784513
s3,874,220.794330
s3,875,192.560014
s3,876,187.269891
s3,877,143.795989
s3,878,163.323209
s3,879,150.265241
s3,880,178.394095
s3,881,166.427507
s3,882,180.552884
s3,883,198.785366
s3,884,248.374299
s3,885,249.358407
s3,886,256.799360
s3,887,270.601408
s3,888,284.957310
s3,889,335.440689
s3,890,288.321399
s3,891,303.624844
s3,892,321.840674
s3,893,319.771945
s3,894,283.395114
s3,895,279.748009
s3,896,258.528218
s3,897,240.499870
s3,898,204.386110
s3,899,211.003305
s3,900,172.065112
s3,901,181.688455
s3,902,132.862581
s3,903,164.178849
s3,904,133.046841
s3,905,138.228639
s3,906,183.618780
s3,907,179.141760
s3,908,218.431377
s3,909,213.801261
s3,910,275.652089
s3,911,267.077449
s3,912,262.513122
s3,913,292.847842
s3,914,308.533799
s3,915,281.056217
s3,916,295.177680
s3,917,308.099849
s3,918,273.277407
s3,919,239.879568
s3,920,209.382607
s3,921,205.396696
s3,922,150.152631
s3,923,106.051904
s3,924,127.519495
s3,925,108.647277
s3,926,146.673353
s3,927,119.180374
s3,928,104.784382
s3,929,110.626688
s3,930,150.300628
s3,931,145.492726
s3,932,168.119652
s3,933,195.451013
s3,934,217.198248
s3,935,234.233143
s3,936,248.181556
s3,937,276.596175
s3,938,287.433742
s3,939,232.835318
s3,940,294.207206
s3,941,243.686803
s3,942,245.826970
s3,943,195.032172
s3,944,190.883416
s3,945,167.167740
s3,946,144.249936
s3,947,136.832463
s3,948,117.352354
s3,949,79.511831
s3,950,87.120815
s3,951,99.511205
s3,952,103.150160
s3,953,96.206353
s3,954,110.942683
s3,955,130.262998
s3,956,134.566294
s3,957,151.997079
s3,958,217.497125
s3,959,203.905800
s3,960,226.399973
s3,961,223.335472
s3,962,261.546101
s3,963,268.968890
s3,964,232.197964
s3,965,233.717413
s3,966,198.854307
s3,967,221.288670
s3,968,187.863445
s3,969,138.869521
s3,970,152.211460
s3,971,120.001322
s3,972,106.156026
s3,973,94.877300
s3,974,73.133849
s3,975,75.344906
s3,976,99.504914
s3,977,99.460043
s3,978,100.219473
s3,979,166.473834
s3,980,151.415817
s3,981,167.464589
s3,982,186.321623
s3,983,227.643200
s3,984,248.107544
s3,985,248.129067
s3,986,264.827606
s3,987,228.308627
s3,988,242.342405
s3,989,231.724069
s3,990,225.952032
s3,991,216.947466
s3,992,157.625376
s3,993,220.630965
s3,994,137.751425
s3,995,140.186565
s3,996,134.229156
s3,997,125.214580
s3,998,111.075952
s3,999,61.696986
s3,1000,97.339623
s3,1001,138.434429
s3,1002,127.494326
s3,1003,144.693967
s3,1004,145.425699
s3,1005,224.934614
s3,1006,235.321318
s3,1007,232.580855
s3,1008,261.211159
s3,1009,273.920789
s3,1010,264.857401
s3,1011,280.128301
s3,1012,284.957127
s3,1013,281.030160
s3,1014,279.360267
s3,1015,243.080669
s3,1016,216.551512
s3,1017,210.910188
s3,1018,175.520224
s3,1019,148.681156
s3,1020,173.342275
s3,1021,139.534529
s3,1022,143.135338
s3,1023,152.527724
s3,1024,130.733290
s3,1025,170.076413
s3,1026,182.730920
s3,1027,193.017237
s3,1028,222.094841
s3,1029,225.631158
s3,1030,223.742111
s3,1031,273.748226
s3,1032,279.657558
s3,1033,319.777651
s3,1034,316.709875
s3,1035,305.158412
s3,1036,310.090016
s3,1037,321.555505
s3,1038,304.216614
s3,1039,274.668062
s3,1040,256.144698
s3,1041,224.440713
s3,1042,207.011019
s3,1043,200.683648
s3,1044,174.696009
s3,1045,170.959199
s3,1046,142.835574
s3,1047,133.836086
s3,1048,138.565614
s3,1049,168.978252
s3,1050,211.779853
s3,1051,227.350425
s3,1052,212.451952
s3,1053,224.243669
s3,1054,281.901679
s3,1055,294.626527
s3,1056,280.010985
s3,1057,329.215654
s3,1058,320.401734
s3,1059,338.661795
s3,1060,317.361990
s3,1061,315.411041
s3,1062,291.157064
s3,1063,252.177405
s3,1064,242.888095
s3,1065,214.112575
s3,1066,217.167506
s3,1067,168.815583
s3,1068,144.296182
s3,1069,168.066223
s3,1070,168.762096
s3,1071,172.167586
s3,1072,170.516223
s3,1073,137.926052
s3,1074,164.270607
s3,1075,183.369589
s3,1076,210.639112
s3,1077,196.157832
s3,1078,249.445551
s3,1079,270.971656
s3,1080,264.996926
s3,1081,291.471406
s3,1082,312.997206
s3,1083,293.607049
s3,1084,303.283924
s3,1085,291.013258
s3,1086,265.376008
s3,1087,245.570527
s3,1088,211.927427
s3,1089,215.369635
s3,1090,166.227233
s3,1091,142.858763
s3,1092,148.811019
s3,1093,113.666662
s3,1094,124.873730
s3,1095,133.144196
s3,1096,121.116527
s3,1097,130.190272
s3,1098,156.261905
s3,1099,170.092687
s3,1100,152.037384
s3,1101,175.174468
s3,1102,236.311389
s3,1103,238.130401
s3,1104,212.235535
s3,1105,233.364140
s3,1106,259.776389
s3,1107,242.760056
s3,1108,259.630237
s3,1109,242.023620
s3,1110,232.915263
s3,1111,187.313343
s3,1112,194.755765
s3,1113,194.220898
s3,1114,128.858017
s3,1115,143.362206
s3,1116,122.094468
s3,1117,105.054316
s3,1118,87.102304
s3,1119,68.406665
s3,1120,77.260781
s3,1121,112.959894
s3,1122,130.258159
s3,1123,151.452877
s3,1124,166.768004
s3,1125,186.216844
s3,1126,184.602993
s3,1127,190.072524
s3,1128,227.313202
s3,1129,242.483996
s3,1130,241.336889
s3,1131,215.784203
s3,1132,226.571415
s3,1133,201.032869
s3,1134,212.448565
s3,1135,175.429476
s3,1136,169.565551
s3,1137,156.659634
s3,1138,133.634362
s3,1139,135.334996
s3,1140,81.061144
s3,1141,53.432365
s3,1142,98.176509
s3,1143,105.625822
s3,1144,111.706136
s3,1145,104.073584
s3,1146,123.301102
s3,1147,135.230716
s3,1148,133.359078
s3,1149,166.601388
s3,1150,204.768173
s3,1151,206.711809
s3,1152,262.388749
s3,1153,218.907060
s3,1154,243.352212
s3,1155,269.439449
s3,1156,237.956157
s3,1157,220.530428
s3,1158,203.530286
s3,1159,196.923358
s3,1160,213.855878
s3,1161,176.611423
s3,1162,159.359154
s3,1163,125.845450
s3,1164,133.995613
s3,1165,112.824208
s3,1166,92.029846
s3,1167,100.594741
s3,1168,117.571678
s3,1169,144.649241
s3,1170,140.965808
s3,1171,169.277356
s3,1172,215.150605
s3,1173,192.423810
s3,1174,207.102095
s3,1175,262.435846
s3,1176,270.220317
s3,1177,273.870051
s3,1178,286.895295
s3,1179,279.229882
s3,1180,289.167906
s3,1181,266.870359
s3,1182,271.984254
s3,1183,223.995841
s3,1184,211.017061
s3,1185,206.487639
s3,1186,178.255143
s3,1187,180.033128
s3,1188,154.585579
s3,1189,137.187276
s3,1190,144.800566
s3,1191,133.942606
s3,1192,123.800052
s3,1193,141.915800
s3,1194,162.984908
s3,1195,187.362706
s3,1196,217.651294
s3,1197,252.632181
s3,1198,268.189650
s3,1199,307.108857
s3,1200,314.996852
s3,1201,303.240397
s3,1202,339.281871
s3,1203,332.931388
s3,1204,302.484634
s3,1205,305.305187
s3,1206,303.989676
s3,1207,273.063643
s3,1208,265.951376
s3,1209,235.662860
s3,1210,220.805644
s3,1211,186.621694
s3,1212,183.134996
s3,1213,160.823331
s3,1214,171.980078
s3,1215,134.000289
s3,1216,171.596462
s3,1217,196.475755
s3,1218,200.310374
s3,1219,208.503111
s3,1220,237.533211
s3,1221,236.121414
s3,1222,256.410412
s3,1223,281.975816
s3,1224,300.052805
s3,1225,328.249642
s3,1226,303.805798
s3,1227,333.994998
s3,1228,287.221077
s3,1229,289.075329
s3,1230,285.929029
s3,1231,286.452634
s3,1232,237.304094
s3,1233,191.171214
s3,1234,211.109667
s3,1235,184.804378
s3,1236,152.037117
s3,1237,140.959600
s3,1238,139.800045
s3,1239,151.123035
s3,1240,164.164262
s3,1241,138.924262
s3,1242,212.570986
s3,1243,192.068905
s3,1244,205.568208
s3,1245,241.927712
s3,1246,251.878331
s3,1247,304.459436
s3,1248,298.285445
s3,1249,284.224850
s3,1250,288.220738
s3,1251,285.437372
s3,1252,281.439865
s3,1253,286.085035
s3,1254,249.006182
s3,1255,265.768818
s3,1256,217.089364
s3,1257,193.703588
s3,1258,189.466818
s3,1259,122.865154
s3,1260,123.054561
s3,1261,135.377350
s3,1262,118.749322
s3,1263,116.540656
s3,1264,126.675039
s3,1265,119.376155
s3,1266,139.317379
s3,1267,136.732295
s3,1268,147.146949
s3,1269,216.844503
s3,1270,200.533872
s3,1271,220.869698
s3,1272,268.313551
s3,1273,272.319378
s3,1274,251.363443
s3,1275,250.346269
s3,1276,251.199148
s3,1277,225.860461
s3,1278,234.197783
s3,1279,208.677238
s3,1280,187.229859
s3,1281,175.249421
s3,1282,153.396759
s3,1283,152.117453
s3,1284,130.951114
s3,1285,67.675558
s3,1286,102.801707
s3,1287,69.377601
s3,1288,68.727609
s3,1289,112.377285
s3,1290,103.612509
s3,1291,127.083003
s3,1292,168.767469
s3,1293,161.393590
s3,1294,177.473683
s3,1295,214.866412
s3,1296,243.854630
s3,1297,243.174039
s3,1298,215.337891
s3,1299,229.924273
s3,1300,232.692089
s3,1301,255.780627
s3,1302,224.636957
s3,1303,206.081060
s3,1304,191.706647
s3,1305,146.773122
s3,1306,139.331021
s3,1307,121.497922
s3,1308,83.321632
s3,1309,88.308596
s3,1310,92.284260
s3,1311,66.109270
s3,1312,101.911879
s3,1313,111.839339
s3,1314,131.387769
s3,1315,121.038352
s3,1316,155.956963
s3,1317,199.145648
s3,1318,209.652548
s3,1319,203.475791
s3,1320,235.605737
s3,1321,266.419211
s3,1322,249.199210
s3,1323,257.890369
s3,1324,288.891445
s3,1325,238.168633
s3,1326,223.655552
s3,1327,192.556624
s3,1328,179.239575
s3,1329,193.908284
s3,1330,148.927685
s3,1331,115.215268
s3,1332,105.615648
s3,1333,111.228089
s3,1334,119.016075
s3,1335,95.916345
s3,1336,125.720162
s3,1337,118.060665
s3,1338,147.527192
s3,1339,169.502188
s3,1340,192.445274
s3,1341,198.161764
s3,1342,224.089047
s3,1343,254.618817
s3,1344,242.294304
s3,1345,277.954727
s3,1346,290.616768
s3,1347,300.901779
s3,1348,279.986884
s3,1349,268.937902
s3,1350,261.069518
s3,1351,230.595694
s3,1352,220.313191
s3,1353,210.718837
s3,1354,189.805838
s3,1355,151.706957
s3,1356,149.526660
s3,1357,111.501049
s3,1358,153.692363
s3,1359,133.287226
s3,1360,151.930652
s3,1361,141.864483
s3,1362,173.785968
s3,1363,201.311522
s3,1364,231.054899
s3,1365,215.516291
s3,1366,272.050138
s3,1367,275.166445
s3,1368,281.341041
s3,1369,312.998185
s3,1370,307.251940
s3,1371,308.368148
s3,1372,297.537567
s3,1373,302.929491
s3,1374,286.085093
s3,1375,265.419473
s3,1376,233.398289
s3,1377,220.126870
s3,1378,214.953515
s3,1379,211.124877
s3,1380,175.593790
s3,1381,188.199507
s3,1382,159.932107
s3,1383,142.518482
s3,1384,175.268956
s3,1385,159.956766
s3,1386,196.384400
s3,1387,224.955897
s3,1388,222.911511
s3,1389,247.168241
s3,1390,308.098676
s3,1391,290.474658
s3,1392,305.576873
s3,1393,324.216269
s3,1394,315.481303
s3,1395,315.515471
s3,1396,317.425628
s3,1397,262.381110
s3,1398,308.096189
s3,1399,249.824727
s3,1400,228.847501
s3,1401,233.043904
s3,1402,203.784527
s3,1403,164.259396
s3,1404,171.706161
s3,1405,138.411263
s3,1406,138.773268
s3,1407,124.507330
s3,1408,139.310801
s3,1409,167.902220
s3,1410,176.893141
s3,1411,196.595050
s3,1412,225.243406
s3,1413,229.459678
s3,1414,238.576502
s3,1415,261.595388
s3,1416,306.059695
s3,1417,289.645370
s3,1418,298.561949
s3,1419,290.861366
s3,1420,289.817275
s3,1421,281.206092
s3,1422,258.194866
s3,1423,236.487006
s3,1424,204.922508
s3,1425,181.528809
s3,1426,179.791023
s3,1427,165.494971
s3,1428,151.782393
s3,1429,125.671878
s3,1430,104.411664
s3,1431,125.815003
s3,1432,129.177207
s3,1433,104.024341
s3,1434,153.896014
s3,1435,166.840922
s3,1436,202.789996
s3,1437,177.656094
s3,1438,194.071865
s3,1439,243.935572
s3,1440,216.368902
s3,1441,242.774700
s3,1442,241.440466
s3,1443,241.765563
s3,1444,221.180717
s3,1445,236.452850
s3,1446,240.103040
s3,1447,212.528460
s3,1448,191.400860
s3,1449,156.637077
s3,1450,164.129350
s3,1451,130.229145
s3,1452,122.623868
s3,1453,69.494132
s3,1454,93.135175
s3,1455,68.247226
s3,1456,96.364809
s3,1457,103.396288
s3,1458,96.120715
s3,1459,134.212061
s3,1460,169.429860
s3,1461,179.290129
s3,1462,200.526152
s3,1463,195.192714
s3,1464,212.775616
s3,1465,216.311096
s3,1466,241.642281
s3,1467,258.649818
s3,1468,241.420815
s3,1469,224.226698
s3,1470,191.863569
s3,1471,198.910872
s3,1472,168.041221
s3,1473,120.741156
s3,1474,103.492067
s3,1475,107.633084
s3,1476,84.085428
s3,1477,114.297798
s3,1478,83.216785
s3,1479,66.248896
s3,1480,80.614150
s3,1481,124.492593
s3,1482,99.161419
s3,1483,145.133140
s3,1484,160.647524
s3,1485,198.723329
s3,1486,204.866717
s3,1487,209.120694
s3,1488,239.850385
s3,1489,244.207805
s3,1490,265.401583
s3,1491,250.282063
s3,1492,278.794437
s3,1493,236.643603
s3,1494,231.904364
s3,1495,197.725593
s3,1496,191.340378
s3,1497,170.150569
s3,1498,153.460790
s3,1499,148.162181
s3,1500,111.594713
s3,1501,97.298412
s3,1502,124.092986
s3,1503,102.953883
s3,1504,103.355216
s3,1505,143.978112
s3,1506,153.970429
s3,1507,118.857202
s3,1508,176.515188
s3,1509,217.410388
s3,1510,239.951785
s3,1511,238.251796
s3,1512,287.831409
s3,1513,262.558126
s3,1514,278.731812
s3,1515,286.293901
s3,1516,280.587414
s3,1517,284.848313
s3,1518,275.209563
s3,1519,241.798174
s3,1520,246.130535
s3,1521,193.514051
s3,1522,182.176491
s3,1523,196.094586
s3,1524,156.629889
s3,1525,162.682047
s3,1526,134.419242
s3,1527,138.008320
s3,1528,146.882322
s3,1529,162.675160
s3,1530,170.281876
s3,1531,195.009301
s3,1532,226.608608
s3,1533,257.105916
s3,1534,260.955394
s3,1535,288.807369
s3,1536,308.964434
s3,1537,288.962471
s3,1538,287.664154
s3,1539,339.596601
s3,1540,330.569057
s3,1541,301.063627
s3,1542,291.891253
s3,1543,254.017661
s3,1544,227.485002
s3,1545,234.168678
s3,1546,185.691122
s3,1547,206.044292
s3,1548,166.029856
s3,1549,171.048424
s3,1550,191.734546
s3,1551,190.837804
s3,1552,161.670083
s3,1553,193.219175
s3,1554,174.359669
s3,1555,199.329428
s3,1556,234.543441
s3,1557,271.467425
s3,1558,260.298158
s3,1559,296.064692
s3,1560,303.753122
s3,1561,292.384680
s3,1562,315.680181
s3,1563,341.567955
s3,1564,310.613754
s3,1565,309.360351
s3,1566,299.414103
s3,1567,255.884259
s3,1568,266.426250
s3,1569,249.107663
s3,1570,229.528486
s3,1571,205.876005
s3,1572,161.616327
s3,1573,147.990612
s3,1574,138.071544
s3,1575,134.744561
s3,1576,140.517444
s3,1577,178.035189
s3,1578,198.906355
s3,1579,182.091640
s3,1580,224.090121
s3,1581,210.603310
s3,1582,244.546542
s3,1583,250.798838
s3,1584,254.368611
s3,1585,290.567528
s3,1586,295.293216
s3,1587,286.470989
s3,1588,278.114713
s3,1589,259.137690
s3,1590,256.763772
s3,1591,229.905914
s3,1592,221.764048
s3,1593,176.302388
s3,1594,177.417807
s3,1595,162.198290
s3,1596,157.372125
s3,1597,142.067551
s3,1598,121.099028
s3,1599,105.311574
s3,1600,90.569269
s3,1601,128.353082
s3,1602,164.102500
s3,1603,184.473080
s3,1604,136.007494
s3,1605,183.980451
s3,1606,209.319820
s3,1607,215.153903
s3,1608,248.411471
s3,1609,255.446810
s3,1610,250.987249
s3,1611,257.734669
s3,1612,226.529253
s3,1613,225.080600
s3,1614,210.576521
s3,1615,220.169687
s3,1616,158.619791
s3,1617,159.264388
s3,1618,153.810155
s3,1619,121.254090
s3,1620,119.129834
s3,1621,84.076099
s3,1622,94.875327
s3,1623,101.210707
s3,1624,126.761384
s3,1625,112.123057
s3,1626,137.180930
s3,1627,131.833919
s3,1628,152.745347
s3,1629,196.631141
s3,1630,200.670030
s3,1631,231.880710
s3,1632,235.201155
s3,1633,268.223828
s3,1634,277.898495
s3,1635,226.576441
s3,1636,264.482560
s3,1637,231.482940
s3,1638,217.627639
s3,1639,190.282171
s3,1640,183.641404
s3,1641,133.636361
s3,1642,119.740550
s3,1643,101.150521
s3,1644,103.326532
s3,1645,103.072973
s3,1646,94.818137
s3,1647,89.067734
s3,1648,79.299420
s3,1649,71.351471
s3,1650,121.127395
s3,1651,135.598213
s3,1652,159.794620
s3,1653,198.575372
s3,1654,193.904346
s3,1655,212.710590
s3,1656,194.805332
s3,1657,252.500099
s3,1658,249.503484
s3,1659,239.838934
s3,1660,253.837582
s3,1661,221.928033
s3,1662,216.591356
s3,1663,239.933642
s3,1664,201.698020
s3,1665,184.848020
s3,1666,163.036282
s3,1667,144.384112
s3,1668,123.524304
s3,1669,147.610243
s3,1670,105.504588
s3,1671,119.505151
s3,1672,110.728206
s3,1673,120.179839
s3,1674,102.759805
s3,1675,130.357694
s3,1676,207.453779
s3,1677,228.860656
s3,1678,219.785077
s3,1679,245.993625
s3,1680,272.807015
s3,1681,259.312084
s3,1682,310.751407
s3,1683,267.617357
s3,1684,269.130140
s3,1685,227.760525
s3,1686,283.142662
s3,1687,243.365222
s3,1688,249.753927
s3,1689,188.286029
s3,1690,190.868745
s3,1691,169.776512
s3,1692,158.116023
s3,1693,178.725749
s3,1694,177.357634
s3,1695,164.100980
s3,1696,141.938142
s3,1697,174.010669
s3,1698,196.951015
s3,1699,203.417542
s3,1700,224.790850
s3,1701,245.345987
s3,1702,244.504386
s3,1703,282.095411
s3,1704,319.787303
s3,1705,289.837784
s3,1706,313.673493
s3,1707,326.881410
s3,1708,287.377817
s3,1709,297.581292
s3,1710,258.775722
s3,1711,258.932708
s3,1712,226.599548
s3,1713,214.403853
s3,1714,201.101313
s3,1715,186.659173
s3,1716,173.156136
s3,1717,127.482525
s3,1718,185.907424
s3,1719,155.930237
s3,1720,147.995003
s3,1721,165.690927
s3,1722,195.255114
s3,1723,192.138359
s3,1724,221.538210
s3,1725,241.378971
s3,1726,277.595154
s3,1727,274.985317
s3,1728,308.919097
s3,1729,317.623766
s3,1730,314.982850
s3,1731,337.088224
s3,1732,311.961462
s3,1733,282.074022
s3,1734,290.532634
s3,1735,269.150776
s3,1736,245.726296
s3,1737,228.438099
s3,1738,241.236320
s3,1739,188.260120
s3,1740,175.931823
s3,1741,152.973977
s3,1742,171.153381
s3,1743,147.904070
s3,1744,139.973698
s3,1745,142.275687
s3,1746,183.644265
s3,1747,203.845446
s3,1748,185.382648
s3,1749,218.849949
s3,1750,259.668271
s3,1751,282.784698
s3,1752,258.881885
s3,1753,282.857907
s3,1754,307.056822
s3,1755,284.128086
s3,1756,278.961919
s3,1757,265.937526
s3,1758,237.698177
s3,1759,239.978156
s3,1760,222.541817
s3,1761,172.873106
s3,1762,175.158891
s3,1763,171.532482
s3,1764,140.624591
s3,1765,140.228881
s3,1766,109.054880
s3,1767,137.921488
s3,1768,107.028647
s3,1769,158.444145
s3,1770,134.152703
s3,1771,146.299646
s3,1772,162.156770
s3,1773,189.296210
s3,1774,206.863205
s3,1775,220.596054
s3,1776,240.002243
s3,1777,265.303496
s3,1778,273.210441
s3,1779,252.753482
s3,1780,271.581021
s3,1781,224.489932
s3,1782,208.288735
s3,1783,187.582753
s3,1784,194.104462
s3,1785,137.706178
s3,1786,118.874489
s3,1787,142.422532
s3,1788,133.402784
s3,1789,115.840278
s3,1790,63.873574
s3,1791,86.760429
s3,1792,104.178061
s3,1793,101.833483
s3,1794,88.244815
s3,1795,125.942825
s3,1796,123.749495
s3,1797,151.561700
s3,1798,225.505602
s3,1799,219.774043
s3,1800,200.067927
s3,1801,209.961065
s3,1802,246.751652
s3,1803,229.839494
s3,1804,243.610311
s3,1805,213.780042
s3,1806,206.381829
s3,1807,195.509317
s3,1808,155.163825
s3,1809,120.220315
s3,1810,111.768643
s3,1811,101.695766
s3,1812,94.895477
s3,1813,86.830331
s3,1814,81.374806
s3,1815,90.800687
s3,1816,73.885000
s3,1817,121.198167
s3,1818,146.046008
s3,1819,138.453231
s3,1820,156.408719
s3,1821,195.011565
s3,1822,206.496576
s3,1823,218.243209
s3,1824,228.468184
s3,1825,231.017486
s3,1826,230.862612
s3,1827,261.590184
s3,1828,265.948317
s3,1829,221.000452
s3,1830,223.383209
s3,1831,211.296341
s3,1832,182.136873
s3,1833,157.132194
s3,1834,144.054306
s3,1835,101.863979
s3,1836,118.742214
s3,1837,105.632333
s3,1838,139.855716
s3,1839,122.029944
s3,1840,108.012935
s3,1841,124.993975
s3,1842,168.553352
s3,1843,186.169120
s3,1844,184.983600
s3,1845,202.337587
s3,1846,203.019807
s3,1847,240.652679
s3,1848,259.685006
s3,1849,262.846074
s3,1850,309.525478
s3,1851,253.665511
s3,1852,277.911096
s3,1853,277.922373
s3,1854,265.337661
s3,1855,268.873625
s3,1856,200.865153
s3,1857,191.813867
s3,1858,186.477963
s3,1859,170.170225
s3,1860,148.234550
s3,1861,132.778760
s3,1862,157.749252
s3,1863,124.722778
s3,1864,138.646273
s3,1865,182.211917
s3,1866,202.666993
s3,1867,207.937132
s3,1868,201.421260
s3,1869,223.496519
s3,1870,244.052687
s3,1871,259.539298
s3,1872,286.994211
s3,1873,325.625017
s3,1874,315.448937
s3,1875,300.951071
s3,1876,296.287573
s3,1877,280.494923
s3,1878,304.753449
s3,1879,235.829556
s3,1880,252.995968
s3,1881,205.210471
s3,1882,191.492645
s3,1883,166.770323
s3,1884,191.338773
s3,1885,164.175716
s3,1886,203.877991
s3,1887,143.233634
s3,1888,147.515093
s3,1889,184.694635
s3,1890,198.787864
s3,1891,203.152851
s3,1892,195.309468
s3,1893,271.482263
s3,1894,277.508911
s3,1895,292.778865
s3,1896,291.586479
s3,1897,321.693885
s3,1898,307.769960
s3,1899,317.275082
s3,1900,307.949448
s3,1901,320.361526
s3,1902,277.539885
s3,1903,260.933330
s3,1904,263.323846
s3,1905,227.598666
s3,1906,202.562658
s3,1907,179.883638
s3,1908,183.023920
s3,1909,145.698206
s3,1910,156.903144
s3,1911,180.465579
s3,1912,158.351941
s3,1913,148.408550
s3,1914,155.097542
s3,1915,193.399958
s3,1916,190.251395
s3,1917,204.000570
s3,1918,236.320332
s3,1919,247.872699
s3,1920,293.066649
s3,1921,265.190381
s3,1922,318.079494
s3,1923,279.643422
s3,1924,287.064293
s3,1925,284.328014
s3,1926,261.157720
s3,1927,249.735547
s3,1928,200.825165
s3,1929,157.873222
s3,1930,169.251246
s3,1931,125.789239
s3,1932,126.893549
s3,1933,139.055603
s3,1934,113.533839
s3,1935,105.355306
s3,1936,100.345766
s3,1937,122.411265
s3,1938,137.357296
s3,1939,131.255756
s3,1940,179.928230
s3,1941,177.447446
s3,1942,217.007110
s3,1943,223.143083
s3,1944,259.862598
s3,1945,267.122832
s3,1946,257.984177
s3,1947,255.162988
s3,1948,257.604828
s3,1949,261.392272
s3,1950,240.643862
s3,1951,207.141171
s3,1952,188.514656
s3,1953,186.817797
s3,1954,114.143579
s3,1955,129.779407
s3,1956,90.752895
s3,1957,115.277167
s3,1958,79.117771
s3,1959,84.125963
s3,1960,72.868865
s3,1961,99.995138
s3,1962,126.344121
s3,1963,157.754982
s3,1964,130.304315
s3,1965,163.873755
s3,1966,253.366454
s3,1967,223.770837
s3,1968,223.258770
s3,1969,242.212266
s3,1970,196.671221
s3,1971,265.383059
s3,1972,236.871560
s3,1973,201.151464
s3,1974,228.322740
s3,1975,181.650388
s3,1976,155.297914
s3,1977,159.416127
s3,1978,137.420043
s3,1979,105.642439
s3,1980,97.123728
s3,1981,66.414269
s3,1982,59.468260
s3,1983,97.156007
s3,1984,109.442114
s3,1985,105.984550
s3,1986,120.210682
s3,1987,126.482687
s3,1988,151.542568
s3,1989,160.281925
s3,1990,224.488865
s3,1991,206.387501
s3,1992,237.962532
s3,1993,243.085414
s3,1994,227.408309
s3,1995,282.218056
s3,1996,241.179290
s3,1997,225.862413
s3,1998,226.623830
s3,1999,193.689583
s3,2000,189.674609
s3,2001,154.206075
s3,2002,159.639280
s3,2003,134.539703
s3,2004,98.085915
s3,2005,127.205875
s3,2006,109.360646
s3,2007,89.667080
s3,2008,119.592752
s3,2009,132.323028
s3,2010,171.222055
s3,2011,146.984270
s3,2012,196.083002
s3,2013,203.249418
s3,2014,236.389392
s3,2015,242.074677
s3,2016,261.858210
s3,2017,282.989447
s3,2018,263.177999
s3,2019,250.376570
s3,2020,280.358520
s3,2021,264.701532
s3,2022,260.199572
s3,2023,252.662364
s3,2024,220.269383
s3,2025,223.443363
s3,2026,184.822747
s3,2027,170.451972
s3,2028,168.370716
s3,2029,155.074687
s3,2030,139.831569
s3,2031,144.229699
s3,2032,136.413201
s3,2033,150.082640
s3,2034,177.311957
s3,2035,207.816425
s3,2036,208.978483
s3,2037,251.408976
s3,2038,290.399139
s3,2039,312.983374
s3,2040,294.956571
s3,2041,323.120156
s3,2042,322.630124
s3,2043,326.635206
s3,2044,323.186966
s3,2045,308.739615
s3,2046,299.774580
s3,2047,272.328537
s3,2048,245.610740
s3,2049,233.499373
s3,2050,217.570036
s3,2051,211.464552
s3,2052,183.151877
s3,2053,178.684930
s3,2054,184.151887
s3,2055,146.195556
s3,2056,162.170793
s3,2057,185.268232
s3,2058,191.575131
s3,2059,192.788275
s3,2060,244.899171
s3,2061,248.640592
s3,2062,253.783837
s3,2063,318.212151
s3,2064,281.946407
s3,2065,312.656689
s3,2066,307.426237
s3,2067,319.809312
s3,2068,321.493422
s3,2069,288.617867
s3,2070,284.892869
s3,2071,265.867256
s3,2072,231.062204
s3,2073,244.190095
s3,2074,207.166156
s3,2075,180.649394
s3,2076,158.670572
s3,2077,152.292552
s3,2078,153.200965
s3,2079,142.128529
s3,2080,173.559235
s3,2081,121.751609
s3,2082,141.564543
s3,2083,188.531801
s3,2084,181.926683
s3,2085,230.042661
s3,2086,239.554670
s3,2087,276.363631
s3,2088,287.362402
s3,2089,311.079864
s3,2090,309.215656
s3,2091,313.503103
s3,2092,295.397152
s3,2093,292.444346
s3,2094,267.387397
s3,2095,230.503508
s3,2096,198.368573
s3,2097,176.647096
s3,2098,182.046879
s3,2099,116.324249
s3,2100,140.872332
s3,2101,113.765184
s3,2102,130.380106
s3,2103,119.967778
s3,2104,108.335656
s3,2105,129.254076
s3,2106,105.636538
s3,2107,162.876223
s3,2108,184.672008
s3,2109,167.190887
s3,2110,229.277178
s3,2111,230.487596
s3,2112,248.817094
s3,2113,232.690277
s3,2114,269.585687
s3,2115,268.277193
s3,2116,252.402415
s3,2117,225.506679
s3,2118,237.803101
s3,2119,226.511734
s3,2120,191.768667
s3,2121,179.460894
s3,2122,132.780432
s3,2123,125.417733
s3,2124,113.035828
s3,2125,97.722079
s3,2126,133.999975
s3,2127,94.448086
s3,2128,83.076208
s3,2129,114.789626
s3,2130,98.013216
s3,2131,138.634994
s3,2132,164.612235
s3,2133,164.792790
s3,2134,187.370587
s3,2135,195.337891
s3,2136,227.154783
s3,2137,224.688065
s3,2138,268.803862
s3,2139,251.564571
s3,2140,232.431843
s3,2141,203.125467
s3,2142,243.871801
s3,2143,214.284268
s3,2144,181.022442
s3,2145,155.889158
s3,2146,135.433563
s3,2147,107.188796
s3,2148,130.114810
s3,2149,92.910572
s3,2150,61.267528
s3,2151,73.918347
s3,2152,48.695783
s3,2153,111.308135
s3,2154,128.137477
s3,2155,162.846349
s3,2156,188.896678
s3,2157,164.419505
s3,2158,205.209988
s3,2159,233.077894
s3,2160,245.730157
s3,2161,236.555880
s3,2162,264.290362
s3,2163,260.722275
s3,2164,270.584858
s3,2165,239.271916
s3,2166,222.515971
s3,2167,201.425077
s3,2168,184.659752
s3,2169,158.796455
s3,2170,146.615508
s3,2171,143.145026
s3,2172,128.768447
s3,2173,133.139094
s3,2174,125.169425
s3,2175,118.710521
s3,2176,96.709481
s3,2177,135.838519
s3,2178,161.311229
s3,2179,141.146773
s3,2180,165.668796
s3,2181,190.598320
s3,2182,210.943341
s3,2183,242.663826
s3,2184,248.784888
s3,2185,282.168659
s3,2186,263.747385
s3,2187,282.922172
s3,2188,273.351485
s3,2189,257.132294
s3,2190,276.146403
s3,2191,243.555964
s3,2192,233.127386
s3,2193,199.651201
s3,2194,197.385984
s3,2195,179.089364
s3,2196,153.163246
s3,2197,117.802566
s3,2198,154.909763
s3,2199,153.801582
s3,2200,151.942268
s3,2201,164.297896
s3,2202,178.107348
s3,2203,198.276655
s3,2204,200.308694
s3,2205,237.459867
s3,2206,264.740195
s3,2207,269.102653
s3,2208,279.331677
s3,2209,336.263796
s3,2210,322.827518
s3,2211,309.364231
s3,2212,302.090472
s3,2213,258.257407
s3,2214,263.886228
s3,2215,265.416676
s3,2216,270.516180
s3,2217,196.610027
s3,2218,198.549607
s3,2219,222.546456
s3,2220,187.988384
s3,2221,173.478158
s3,2222,180.482219
s3,2223,159.298263
s3,2224,163.596870
s3,2225,188.108671
s3,2226,204.848248
s3,2227,192.040674
s3,2228,253.565001
s3,2229,221.956542
s3,2230,258.803990
s3,2231,337.133659
s3,2232,294.453576
s3,2233,323.516445
s3,2234,302.309487
s3,2235,313.089491
s3,2236,301.100617
s3,2237,295.530895
s3,2238,297.267477
s3,2239,296.170638
s3,2240,261.359846
s3,2241,250.645903
s3,2242,196.543961
s3,2243,208.994573
s3,2244,178.644516
s3,2245,179.879489
s3,2246,144.498014
s3,2247,146.082456
s3,2248,175.665376
s3,2249,172.573234
s3,2250,177.873723
s3,2251,181.909803
s3,2252,210.097671
s3,2253,239.067665
s3,2254,261.808018
s3,2255,258.290739
s3,2256,275.356810
s3,2257,297.014618
s3,2258,276.733008
s3,2259,308.362174
s3,2260,286.668758
s3,2261,272.966052
s3,2262,220.448444
s3,2263,214.076273
s3,2264,201.349328
s3,2265,186.186625
s3,2266,156.158290
s3,2267,159.887149
s3,2268,139.514470
s3,2269,120.842152
s3,2270,85.326201
s3,2271,138.411749
s3,2272,115.178189
s3,2273,137.757542
s3,2274,130.631660
s3,2275,157.785054
s3,2276,187.586659
s3,2277,199.669027
s3,2278,230.139861
s3,2279,228.713767
s3,2280,277.124668
s3,2281,224.351160
s3,2282,250.233115
s3,2283,273.785191
s3,2284,247.754583
s3,2285,233.305299
s3,2286,196.274775
s3,2287,224.775245
s3,2288,154.019741
s3,2289,170.534606
s3,2290,144.220730
s3,2291,135.841212
s3,2292,129.212546
s3,2293,82.960242
s3,2294,74.633887
s3,2295,81.333317
s3,2296,63.198950
s3,2297,113.231966
s3,2298,107.563754
s3,2299,133.734912
s3,2300,132.596900
s3,2301,171.158402
s3,2302,180.812748
s3,2303,207.366446
s3,2304,205.709050
s3,2305,250.006421
s3,2306,228.661957
s3,2307,198.323097
s3,2308,244.270574
s3,2309,218.904355
s3,2310,194.987860
s3,2311,231.317833
s3,2312,170.383920
s3,2313,129.045436
s3,2314,120.548064
s3,2315,118.455144
s3,2316,94.048389
s3,2317,107.146981
s3,2318,98.988649
s3,2319,69.426689
s3,2320,88.292245
s3,2321,108.669052
s3,2322,106.947534
s3,2323,124.718622
s3,2324,167.019016
s3,2325,181.814500
s3,2326,173.238973
s3,2327,206.017473
s3,2328,224.102465
s3,2329,240.516367
s3,2330,237.654408
s3,2331,271.992075
s3,2332,231.003782
s3,2333,220.117838
s3,2334,227.491686
s3,2335,171.340789
s3,2336,172.038927
s3,2337,178.928818
s3,2338,128.738132
s3,2339,119.488604
s3,2340,136.720413
s3,2341,117.285956
s3,2342,106.555338
s3,2343,110.621589
s3,2344,102.398132
s3,2345,129.780824
s3,2346,137.576530
s3,2347,200.215484
s3,2348,190.414423
s3,2349,198.766768
s3,2350,225.090988
s3,2351,246.556517
s3,2352,240.128505
s3,2353,261.268213
s3,2354,306.121194
s3,2355,261.061358
s3,2356,270.650732
s3,2357,287.664973
s3,2358,282.421702
s3,2359,225.411859
s3,2360,246.565454
s3,2361,197.910612
s3,2362,211.382567
s3,2363,176.039009
s3,2364,149.866167
s3,2365,156.669831
s3,2366,149.561580
s3,2367,129.178484
s3,2368,182.261307
s3,2369,153.749485
s3,2370,193.423506
s3,2371,186.279899
s3,2372,186.010498
s3,2373,219.247626
s3,2374,256.898562
s3,2375,288.683641
s3,2376,321.910151
s3,2377,306.676341
s3,2378,307.453531
s3,2379,293.447155
s3,2380,308.087002
s3,2381,304.206008
s3,2382,250.123164
s3,2383,289.139050
s3,2384,266.949649
s3,2385,264.824329
s3,2386,194.012775
s3,2387,191.365083
s3,2388,176.331239
s3,2389,144.407292
s3,2390,146.538814
s3,2391,144.227297
s3,2392,173.448289
s3,2393,182.338295
s3,2394,211.573719
s3,2395,201.401445
s3,2396,205.462040
s3,2397,255.612464
s3,2398,274.562725
s3,2399,297.306361
s3,2400,321.293918
s3,2401,302.332520
s3,2402,329.811886
s3,2403,300.806074
s3,2404,313.803724
s3,2405,311.627105
s3,2406,283.572031
s3,2407,270.321097
s3,2408,223.709026
s3,2409,213.954739
s3,2410,205.688584
s3,2411,164.894924
s3,2412,154.566261
s3,2413,195.516410
s3,2414,153.925894
s3,2415,135.178151
s3,2416,135.805479
s3,2417,183.436697
s3,2418,129.728623
s3,2419,185.414195
s3,2420,219.496754
s3,2421,219.938905
s3,2422,256.207506
s3,2423,247.895876
s3,2424,278.062690
s3,2425,288.286392
s3,2426,292.128994
s3,2427,293.154342
s3,2428,284.905114
s3,2429,290.626762
s3,2430,252.463327
s3,2431,227.845170
s3,2432,211.181122
s3,2433,188.437252
s3,2434,147.141250
s3,2435,121.163769
s3,2436,113.590845
s3,2437,127.554654
s3,2438,105.083935
s3,2439,107.335034
s3,2440,163.442008
s3,2441,144.200070
s3,2442,135.880905
s3,2443,145.590543
s3,2444,196.377480
s3,2445,181.290059
s3,2446,232.460702
s3,2447,238.943099
s3,2448,265.355058
s3,2449,240.963175
s3,2450,271.467460
s3,2451,227.023543
s3,2452,246.930607
s3,2453,255.624724
s3,2454,233.762289
s3,2455,174.145307
s3,2456,193.317166
s3,2457,167.651807
s3,2458,138.034176
s3,2459,108.224090
s3,2460,99.332032
s3,2461,82.993335
s3,2462,100.746049
s3,2463,91.887104
s3,2464,105.842593
s3,2465,109.190948
s3,2466,91.472415
s3,2467,131.464004
s3,2468,183.113327
s3,2469,151.373434
s3,2470,193.436736
s3,2471,194.278090
s3,2472,207.181432
s3,2473,235.237444
s3,2474,252.043953
s3,2475,249.773446
s3,2476,239.661811
s3,2477,237.243444
s3,2478,181.380239
s3,2479,202.667915
s3,2480,176.047920
s3,2481,145.890236
s3,2482,128.595654
s3,2483,97.094738
s3,2484,114.705406
s3,2485,73.610157
s3,2486,56.722401
s3,2487,80.376832
s3,2488,76.794515
s3,2489,95.670893
s3,2490,136.170561
s3,2491,128.333585
s3,2492,153.331234
s3,2493,209.322089
s3,2494,171.608442
s3,2495,219.118031
s3,2496,247.873471
s3,2497,265.147140
s3,2498,283.608792
s3,2499,238.442598
s3,2500,254.792151
s3,2501,234.470358
s3,2502,215.354939
s3,2503,194.279262
s3,2504,163.592969
s3,2505,172.802881
s3,2506,160.558986
s3,2507,114.475971
s3,2508,130.091562
s3,2509,99.613324
s3,2510,87.865591
s3,2511,63.066950
s3,2512,129.457042
s3,2513,134.833923
s3,2514,134.275524
s3,2515,152.458703
s3,2516,159.323741
s3,2517,210.938585
s3,2518,223.359120
s3,2519,252.838624
s3,2520,263.524207
s3,2521,250.260514
s3,2522,255.098965
s3,2523,288.751987
s3,2524,251.219129
s3,2525,274.205257
s3,2526,271.381611
s3,2527,219.680151
s3,2528,232.635259
s3,2529,203.084665
s3,2530,192.194121
s3,2531,156.573620
s3,2532,152.951920
s3,2533,150.737537
s3,2534,168.967705
s3,2535,152.342864
s3,2536,154.918228
s3,2537,137.412258
s3,2538,179.434064
s3,2539,182.196072
s3,2540,213.296909
s3,2541,240.747428
s3,2542,273.382270
s3,2543,286.607141
s3,2544,296.088875
s3,2545,303.795978
s3,2546,333.204022
s3,2547,298.264166
s3,2548,308.894515
s3,2549,321.038224
s3,2550,281.903910
s3,2551,281.129531
s3,2552,262.615915
s3,2553,259.807740
s3,2554,226.350222
s3,2555,163.683545
s3,2556,175.623715
s3,2557,169.890536
s3,2558,172.985998
s3,2559,165.715224
s3,2560,195.045138
s3,2561,192.598259
s3,2562,170.302104
s3,2563,196.947226
s3,2564,193.818565
s3,2565,275.677006
s3,2566,265.701133
s3,2567,283.339299
s3,2568,274.714659
s3,2569,303.364056
s3,2570,322.555310
s3,2571,308.848598
s3,2572,303.322980
s3,2573,288.855994
s3,2574,315.642889
s3,2575,256.048070
s3,2576,220.558771
s3,2577,213.905932
s3,2578,195.426798
s3,2579,180.354142
s3,2580,161.910830
s3,2581,135.995780
s3,2582,144.058312
s3,2583,152.121769
s3,2584,127.111610
s3,2585,190.868838
s3,2586,199.725972
s3,2587,159.449358
s3,2588,201.760141
s3,2589,243.715091
s3,2590,268.099559
s3,2591,292.244379
s3,2592,246.962548
s3,2593,268.292590
s3,2594,282.332745
s3,2595,298.555106
s3,2596,265.699046
s3,2597,278.644148
s3,2598,263.035679
s3,2599,248.043526
s3,2600,193.896051
s3,2601,195.714789
s3,2602,172.001652
s3,2603,144.355126
s3,2604,155.884772
s3,2605,117.785097
s3,2606,138.926036
s3,2607,103.942115
s3,2608,144.984888
s3,2609,152.816041
s3,2610,125.776482
s3,2611,161.159499
s3,2612,179.488833
s3,2613,178.029566
s3,2614,225.593371
s3,2615,239.432360
s3,2616,229.309567
s3,2617,254.534627
s3,2618,271.887696
s3,2619,253.937103
s3,2620,238.627447
s3,2621,265.585182
s3,2622,207.316048
s3,2623,209.820632
s3,2624,201.398703
s3,2625,174.102515
s3,2626,110.121918
s3,2627,115.491007
s3,2628,102.754460
s3,2629,89.886451
s3,2630,96.980492
s3,2631,94.526414
s3,2632,92.251650
s3,2633,103.880068
s3,2634,129.933201
s3,2635,151.102646
s3,2636,119.592498
s3,2637,206.263477
s3,2638,181.650235
s3,2639,221.219294
s3,2640,196.748646
s3,2641,225.299650
s3,2642,218.745873
s3,2643,257.006673
s3,2644,248.578401
s3,2645,224.053358
s3,2646,206.662849
s3,2647,197.832980
s3,2648,156.296498
s3,2649,140.956973
s3,2650,118.335606
s3,2651,126.077900
s3,2652,98.494983
s3,2653,66.998197
s3,2654,87.986671
s3,2655,91.061461
s3,2656,110.653877
s3,2657,89.802688
s3,2658,120.562270
s3,2659,166.390530
s3,2660,148.095444
s3,2661,169.130191
s3,2662,204.386250
s3,2663,207.082486
s3,2664,231.160729
s3,2665,234.633962
s3,2666,236.808415
s3,2667,265.172329
s3,2668,240.802994
s3,2669,221.533667
s3,2670,219.805760
s3,2671,205.426702
s3,2672,193.719374
s3,2673,184.401204
s3,2674,178.970617
s3,2675,113.372703
s3,2676,115.568015
s3,2677,80.625544
s3,2678,109.354726
s3,2679,115.286134
s3,2680,102.663998
s3,2681,109.970678
s3,2682,124.646917
s3,2683,135.782980
s3,2684,191.822262
s3,2685,234.877484
s3,2686,207.166859
s3,2687,271.816408
s3,2688,259.957581
s3,2689,251.441584
s3,2690,290.316141
s3,2691,295.279269
s3,2692,285.741278
s3,2693,266.426137
s3,2694,284.628747
s3,2695,236.477174
s3,2696,232.712185
s3,2697,213.459993
s3,2698,169.528624
s3,2699,137.145117
s3,2700,125.407833
s3,2701,137.601628
s3,2702,145.374794
s3,2703,111.645332
s3,2704,135.116384
s3,2705,183.023795
s3,2706,144.715360
s3,2707,200.393360
s3,2708,219.777199
s3,2709,248.796310
s3,2710,233.415642
s3,2711,281.988318
s3,2712,269.890586
s3,2713,325.732219
s3,2714,296.646437
s3,2715,317.982341
s3,2716,294.523572
s3,2717,300.309870
s3,2718,259.304701
s3,2719,271.510876
s3,2720,257.173002
s3,2721,226.845820
s3,2722,233.444173
s3,2723,195.375311
s3,2724,187.489225
s3,2725,172.525874
s3,2726,189.275841
s3,2727,148.030867
s3,2728,159.532240
s3,2729,170.608085
s3,2730,198.763594
s3,2731,210.884325
s3,2732,240.216600
s3,2733,252.228885
s3,2734,259.128098
s3,2735,284.516312
s3,2736,307.356040
s3,2737,273.495067
s3,2738,338.597612
s3,2739,306.691590
s3,2740,304.566806
s3,2741,303.898802
s3,2742,280.475384
s3,2743,242.357599
s3,2744,241.499950
s3,2745,246.175534
s3,2746,219.616450
s3,2747,203.609940
s3,2748,158.635414
s3,2749,152.446779
s3,2750,166.426596
s3,2751,172.128426
s3,2752,152.503043
s3,2753,145.278123
s3,2754,142.984788
s3,2755,214.390046
s3,2756,185.304438
s3,2757,236.841144
s3,2758,263.385741
s3,2759,319.049348
s3,2760,282.674273
s3,2761,287.113391
s3,2762,300.911738
s3,2763,300.721319
s3,2764,307.888078
s3,2765,285.636706
s3,2766,245.873302
s3,2767,204.448235
s3,2768,222.387778
s3,2769,184.063645
s3,2770,196.610839
s3,2771,132.135898
s3,2772,140.542958
s3,2773,113.001333
s3,2774,103.379623
s3,2775,143.420595
s3,2776,122.385784
s3,2777,125.299535
s3,2778,153.540437
s3,2779,144.876766
s3,2780,170.401702
s3,2781,185.411138
s3,2782,247.468719
s3,2783,237.103375
s3,2784,255.680711
s3,2785,273.115172
s3,2786,256.056511
s3,2787,255.627580
s3,2788,224.814634
s3,2789,248.391178
s3,2790,229.039748
s3,2791,198.886268
s3,2792,204.398078
s3,2793,132.984171
s3,2794,148.165321
s3,2795,99.178260
s3,2796,87.084133
s3,2797,90.867396
s3,2798,109.805952
s3,2799,66.900310
s3,2800,74.344612
s3,2801,80.251850
s3,2802,147.499110
s3,2803,140.109367
s3,2804,157.676932
s3,2805,205.538928
s3,2806,195.247256
s3,2807,174.094077
s3,2808,215.220278
s3,2809,214.182892
s3,2810,273.105562
s3,2811,216.159055
s3,2812,239.471616
s3,2813,215.647566
s3,2814,202.321709
s3,2815,192.099910
s3,2816,169.518056
s3,2817,139.640184
s3,2818,110.413594
s3,2819,102.108920
s3,2820,80.880440
s3,2821,72.767912
s3,2822,84.480385
s3,2823,80.096573
s3,2824,96.171345
s3,2825,94.979440
s3,2826,146.038919
s3,2827,120.503169
s3,2828,136.834338
s3,2829,192.141686
s3,2830,184.443003
s3,2831,217.360362
s3,2832,247.477719
s3,2833,241.254005
s3,2834,243.709108
s3,2835,267.088576
s3,2836,252.508358
s3,2837,229.104255
s3,2838,204.644080
s3,2839,201.534439
s3,2840,161.392220
s3,2841,154.812169
s3,2842,132.120803
s3,2843,138.280644
s3,2844,132.392659
s3,2845,99.491636
s3,2846,98.635453
s3,2847,88.696485
s3,2848,90.516369
s3,2849,117.873824
s3,2850,150.404786
s3,2851,168.202277
s3,2852,191.747567
s3,2853,199.773526
s3,2854,180.646916
s3,2855,261.234425
s3,2856,284.293481
s3,2857,289.725562
s3,2858,296.824380
s3,2859,301.897012
s3,2860,324.676102
s3,2861,276.824569
s3,2862,284.307912
s3,2863,255.476857
s3,2864,234.677105
s3,2865,201.773595
s3,2866,179.403012
s3,2867,149.552871
s3,2868,164.362580
s3,2869,140.024461
s3,2870,120.847131
s3,2871,129.114817
s3,2872,128.335673
s3,2873,186.026573
s3,2874,171.069309
s3,2875,195.996524
s3,2876,195.262796
s3,2877,220.189045
s3,2878,276.093571
s3,2879,274.007507
s3,2880,297.567746
s3,2881,336.045039
s3,2882,346.879081
s3,2883,324.755916
s3,2884,317.104529
s3,2885,303.516073
s3,2886,280.996709
s3,2887,302.108515
s3,2888,228.747489
s3,2889,227.096129
s3,2890,176.822540
s3,2891,169.921556
s3,2892,183.018582
s3,2893,173.481774
s3,2894,166.010184
s3,2895,154.875073
s3,2896,153.720912
s3,2897,166.749866
s3,2898,183.894609
s3,2899,226.341749
s3,2900,252.395319
s3,2901,256.246534
s3,2902,259.999280
s3,2903,271.380579
s3,2904,306.720039
s3,2905,308.233898
s3,2906,287.021621
s3,2907,340.020026
s3,2908,311.497100
s3,2909,295.612637
s3,2910,271.293474
s3,2911,252.642134
s3,2912,261.320003
s3,2913,209.025845
s3,2914,205.234649
s3,2915,195.074496
s3,2916,199.269997
s3,2917,166.966420
s3,2918,149.618492
s3,2919,141.492851
s3,2920,167.037384
s3,2921,178.540468
s3,2922,168.128314
s3,2923,201.706421
s3,2924,208.500315
s3,2925,203.445035
s3,2926,232.663462
s3,2927,279.809194
s3,2928,303.999247
s3,2929,300.683308
s3,2930,290.386701
s3,2931,280.775088
s3,2932,295.113795
s3,2933,280.109513
s3,2934,231.730131
s3,2935,250.083696
s3,2936,205.936323
s3,2937,206.503996
s3,2938,182.515976
s3,2939,165.910314
s3,2940,155.158495
s3,2941,136.827994
s3,2942,100.433655
s3,2943,99.120183
s3,2944,136.935580
s3,2945,136.257226
s3,2946,115.253214
s3,2947,124.472683
s3,2948,191.357056
s3,2949,232.950880
s3,2950,228.585649
s3,2951,227.756624
s3,2952,249.798905
s3,2953,209.458818
s3,2954,242.580288
s3,2955,275.097419
s3,2956,266.237177
s3,2957,205.175834
s3,2958,244.505702
s3,2959,214.670342
s3,2960,200.156852
s3,2961,159.256515
s3,2962,141.393478
s3,2963,104.149895
s3,2964,111.447969
s3,2965,109.372779
s3,2966,72.227790
s3,2967,92.802769
s3,2968,82.171458
s3,2969,117.777754
s3,2970,130.590966
s3,2971,92.317886
s3,2972,158.617684
s3,2973,188.330947
s3,2974,181.919620
s3,2975,205.481219
s3,2976,221.199160
s3,2977,215.095086
s3,2978,237.695015
s3,2979,265.646985
s3,2980,242.499241
s3,2981,249.669529
s3,2982,226.289849
s3,2983,211.872496
s3,2984,173.939772
s3,2985,164.062523
s3,2986,164.644234
s3,2987,137.593129
s3,2988,103.778630
s3,2989,76.413422
s3,2990,67.362396
s3,2991,86.829481
s3,2992,95.727603
s3,2993,68.610678
s3,2994,117.948035
s3,2995,138.662374
s3,2996,158.720210
s3,2997,166.209395
s3,2998,234.728747
s3,2999,230.048821
s3,3000,208.627549
s3,3001,231.233313
s3,3002,263.155244
s3,3003,259.717906
s3,3004,249.302692
s3,3005,237.612446
s3,3006,221.168920
s3,3007,200.520289
s3,3008,172.035364
s3,3009,178.977913
s3,3010,104.216085
s3,3011,121.264915
s3,3012,140.258421
s3,3013,97.221485
s3,3014,86.039297
s3,3015,138.341549
s3,3016,130.622731
s3,3017,122.425853
s3,3018,131.138488
s3,3019,156.347918
s3,3020,175.955504
s3,3021,200.052835
s3,3022,213.536894
s3,3023,254.510835
s3,3024,252.760080
s3,3025,244.125035
s3,3026,259.947260
s3,3027,283.210973
s3,3028,262.664347
s3,3029,229.812925
s3,3030,282.649791
s3,3031,249.506623
s3,3032,214.718299
s3,3033,194.436047
s3,3034,192.710956
s3,3035,190.075548
s3,3036,143.316873
s3,3037,151.037976
s3,3038,129.424665
s3,3039,146.101660
s3,3040,128.148232
s3,3041,128.039052
s3,3042,175.492634
s3,3043,192.043392
s3,3044,226.276178
s3,3045,225.179138
s3,3046,280.293432
s3,3047,278.377582
s3,3048,318.324540
s3,3049,298.753464
s3,3050,335.993885
s3,3051,311.091498
s3,3052,310.203177
s3,3053,314.422916
s3,3054,255.273710
s3,3055,249.633892
s3,3056,278.188910
s3,3057,202.455912
s3,3058,199.382310
s3,3059,198.817689
s3,3060,199.390503
s3,3061,156.352472
s3,3062,161.425902
s3,3063,140.409344
s3,3064,157.994600
s3,3065,191.587254
s3,3066,194.585312
s3,3067,206.548609
s3,3068,234.135148
s3,3069,250.131589
s3,3070,270.740701
s3,3071,280.107811
s3,3072,284.462492
s3,3073,322.250223
s3,3074,297.313410
s3,3075,333.156306
s3,3076,345.920286
s3,3077,325.087932
s3,3078,323.233947
s3,3079,249.074833
s3,3080,249.559277
s3,3081,210.202302
s3,3082,190.608527
s3,3083,155.350374
s3,3084,147.765519
s3,3085,170.354747
s3,3086,161.056011
s3,3087,168.065252
s3,3088,170.823026
s3,3089,174.210755
s3,3090,161.377754
s3,3091,189.534718
s3,3092,222.464602
s3,3093,250.633575
s3,3094,242.815759
s3,3095,257.824918
s3,3096,272.460569
s3,3097,315.418804
s3,3098,302.806205
s3,3099,287.208214
s3,3100,273.285116
s3,3101,281.599049
s3,3102,230.707070
s3,3103,235.325332
s3,3104,208.140367
s3,3105,185.551182
s3,3106,176.806548
s3,3107,160.583135
s3,3108,187.404822
s3,3109,126.759314
s3,3110,129.351119
s3,3111,102.779399
s3,3112,92.360052
s3,3113,147.187760
s3,3114,173.788963
s3,3115,141.477975
s3,3116,175.405069
s3,3117,214.407830
s3,3118,216.520614
s3,3119,192.380210
s3,3120,262.164469
s3,3121,252.579998
s3,3122,271.317287
s3,3123,242.540838
s3,3124,266.646743
s3,3125,257.855576
s3,3126,213.147651
s3,3127,214.091616
s3,3128,174.311830
s3,3129,154.521253
s3,3130,126.584205
s3,3131,115.143308
s3,3132,95.162318
s3,3133,113.959287
s3,3134,84.350674
s3,3135,68.377320
s3,3136,113.762148
s3,3137,109.584049
s3,3138,130.792547
s3,3139,130.758388
s3,3140,162.813485
s3,3141,170.104920
s3,3142,175.824605
s3,3143,211.131787
s3,3144,226.416966
s3,3145,236.721555
s3,3146,253.818171
s3,3147,211.657890
s3,3148,239.808771
s3,3149,211.616573
s3,3150,205.583790
s3,3151,199.664745
s3,3152,173.434670
s3,3153,140.617391
s3,3154,144.047930
s3,3155,112.719152
s3,3156,114.323402
s3,3157,108.884429
s3,3158,77.489933
s3,3159,65.487459
s3,3160,90.452996
s3,3161,113.224810
s3,3162,120.261762
s3,3163,114.473051
s3,3164,126.657335
s3,3165,160.695518
s3,3166,181.638525
s3,3167,226.532134
s3,3168,233.290872
s3,3169,258.289719
s3,3170,249.320984
s3,3171,279.511679
s3,3172,248.323914
s3,3173,248.184723
s3,3174,219.064243
s3,3175,216.376788
s3,3176,207.993181
s3,3177,183.279463
s3,3178,172.524942
s3,3179,124.813817
s3,3180,128.516778
s3,3181,139.609098
s3,3182,111.492804
s3,3183,105.762065
s3,3184,111.182319
s3,3185,117.955121
s3,3186,144.879347
s3,3187,184.593012
s3,3188,190.841377
s3,3189,205.408279
s3,3190,214.609412
s3,3191,228.757846
s3,3192,302.683457
s3,3193,268.364212
s3,3194,284.847706
s3,3195,277.140684
s3,3196,284.166830
s3,3197,265.771438
s3,3198,261.385293
s3,3199,266.772744
s3,3200,212.471150
s3,3201,213.606462
s3,3202,185.015098
s3,3203,180.928791
s3,3204,144.478185
s3,3205,152.717039
s3,3206,125.693782
s3,3207,112.898720
s3,3208,127.417767
s3,3209,144.630590
s3,3210,157.471375
s3,3211,189.435572
s3,3212,233.754495
s3,3213,219.279226
s3,3214,266.267551
s3,3215,280.656255
s4,0,569.060462
s4,1,599.418514
s4,2,665.023704
s4,3,621.009521
s4,4,521.558000
s4,5,548.632021
s4,6,491.025910
s4,7,477.063725
s4,8,374.618534
s4,9,398.254728
s4,10,362.592401
s4,11,380.658565
s4,12,318.551574
s4,13,317.421986
s4,14,252.159907
s4,15,396.637473
s4,16,278.990736
s4,17,418.137904
s4,18,410.791463
s4,19,437.993669
s4,20,493.113542
s4,21,538.087469
s4,22,615.057392
s4,23,631.416489
s4,24,710.010164
s4,25,608.488847
s4,26,672.330400
s4,27,630.857727
s4,28,666.671310
s4,29,535.969209
s4,30,559.136698
s4,31,535.867708
s4,32,433.709185
s4,33,476.760756
s4,34,411.503651
s4,35,409.831860
s4,36,387.326310
s4,37,310.453455
s4,38,318.254447
s4,39,351.761071
s4,40,408.198721
s4,41,444.434649
s4,42,430.146721
s4,43,477.324428
s4,44,515.555504
s4,45,565.812115
s4,46,615.792827
s4,47,650.021516
s4,48,746.490237
s4,49,668.003657
s4,50,673.629668
s4,51,685.788274
s4,52,612.661354
s4,53,599.070017
s4,54,571.443271
s4,55,552.512210
s4,56,433.920590
s4,57,481.702375
s4,58,382.048018
s4,59,367.061662
s4,60,366.821688
s4,61,347.653152
s4,62,360.225601
s4,63,340.041523
s4,64,354.418835
s4,65,396.105612
s4,66,387.840311
s4,67,505.166041
s4,68,478.937950
s4,69,502.723166
s4,70,652.754484
s4,71,605.454897
s4,72,588.273732
s4,73,700.530067
s4,74,621.352131
s4,75,653.712616
s4,76,562.102422
s4,77,546.518670
s4,78,454.312081
s4,79,399.854319
s4,80,383.838513
s4,81,368.416760
s4,82,356.941834
s4,83,378.739994
s4,84,234.676248
s4,85,291.115273
s4,86,233.268117
s4,87,258.227977
s4,88,232.577254
s4,89,261.980442
s4,90,322.422295
s4,91,348.705959
s4,92,431.597050
s4,93,447.636911
s4,94,550.408003
s4,95,540.703380
s4,96,559.833276
s4,97,601.159398
s4,98,576.004636
s4,99,541.503224
s4,100,513.621688
s4,101,477.446919
s4,102,476.725939
s4,103,420.417189
s4,104,358.651104
s4,105,328.057829
s4,106,241.051382
s4,107,244.179002
s4,108,154.184866
s4,109,236.658534
s4,110,192.441322
s4,111,206.487866
s4,112,242.508943
s4,113,252.458417
s4,114,282.030364
s4,115,374.164042
s4,116,380.890572
s4,117,387.403471
s4,118,471.582663
s4,119,427.872200
s4,120,564.579713
s4,121,511.644846
s4,122,517.600308
s4,123,580.831244
s4,124,553.530611
s4,125,450.664849
s4,126,428.703380
s4,127,401.098322
s4,128,376.697525
s4,129,271.303614
s4,130,242.442152
s4,131,249.422881
s4,132,195.520467
s4,133,202.322332
s4,134,199.214043
s4,135,152.671715
s4,136,186.650632
s4,137,158.947456
s4,138,281.823096
s4,139,382.098220
s4,140,344.253581
s4,141,469.877750
s4,142,502.031628
s4,143,498.661698
s4,144,523.889750
s4,145,539.754225
s4,146,508.378521
s4,147,517.970448
s4,148,505.073834
s4,149,497.671667
s4,150,466.904850
s4,151,372.859143
s4,152,384.570742
s4,153,288.794959
s4,154,274.083052
s4,155,264.352794
s4,156,232.073699
s4,157,220.716855
s4,158,238.344134
s4,159,225.616516
s4,160,248.580160
s4,161,299.643512
s4,162,382.392513
s4,163,392.611998
s4,164,509.927400
s4,165,498.052551
s4,166,429.809010
s4,167,551.516184
s4,168,648.923641
s4,169,605.659933
s4,170,592.581004
s4,171,568.172183
s4,172,623.771108
s4,173,583.379702
s4,174,535.682983
s4,175,486.697337
s4,176,479.723718
s4,177,418.228228
s4,178,312.086201
s4,179,352.834214
s4,180,313.483700
s4,181,296.020127
s4,182,329.943783
s4,183,319.962258
s4,184,243.902430
s4,185,433.842398
s4,186,457.934771
s4,187,464.124628
s4,188,502.899446
s4,189,569.065245
s4,190,557.677629
s4,191,645.772414
s4,192,650.969407
s4,193,659.390492
s4,194,640.615826
s4,195,638.214504
s4,196,678.061361
s4,197,655.000211
s4,198,588.317479
s4,199,527.053155
s4,200,454.611172
s4,201,467.541088
s4,202,460.873738
s4,203,319.471052
s4,204,394.740131
s4,205,269.577276
s4,206,334.034791
s4,207,372.028514
s4,208,335.363426
s4,209,362.808875
s4,210,461.010588
s4,211,528.476299
s4,212,526.667901
s4,213,632.276606
s4,214,597.109614
s4,215,715.039475
s4,216,679.695541
s4,217,693.571004
s4,218,704.779694
s4,219,681.046764
s4,220,709.140537
s4,221,687.836526
s4,222,589.809373
s4,223,520.114659
s4,224,438.743565
s4,225,408.422496
s4,226,394.516354
s4,227,357.728469
s4,228,336.116275
s4,229,325.049014
s4,230,340.794594
s4,231,287.511751
s4,232,319.745802
s4,233,423.869979
s4,234,451.060315
s4,235,444.842943
s4,236,550.317654
s4,237,522.849124
s4,238,573.188596
s4,239,547.232554
s4,240,658.120406
s4,241,636.378902
s4,242,669.594086
s4,243,641.550879
s4,244,594.124553
s4,245,560.816774
s4,246,553.953790
s4,247,460.320763
s4,248,412.592660
s4,249,373.870980
s4,250,357.657127
s4,251,327.445977
s4,252,336.929517
s4,253,254.300905
s4,254,298.514961
s4,255,241.912766
s4,256,305.525003
s4,257,318.466375
s4,258,410.336314
s4,259,412.182470
s4,260,417.674562
s4,261,493.242115
s4,262,520.733673
s4,263,526.043909
s4,264,545.552153
s4,265,531.006675
s4,266,654.812811
s4,267,549.094912
s4,268,552.000841
s4,269,443.112402
s4,270,403.868573
s4,271,389.842837
s4,272,342.615580
s4,273,329.897671
s4,274,226.946103
s4,275,246.904401
s4,276,256.835479
s4,277,160.446133
s4,278,222.445319
s4,279,168.800944
s4,280,235.531286
s4,281,267.070496
s4,282,352.433698
s4,283,311.095555
s4,284,384.457485
s4,285,456.703452
s4,286,417.780884
s4,287,488.086085
s4,288,479.265740
s4,289,495.088926
s4,290,541.266530
s4,291,528.890442
s4,292,569.951369
s4,293,495.878634
s4,294,453.333887
s4,295,359.493821
s4,296,310.067275
s4,297,282.235117
s4,298,161.021179
s4,299,265.973543
s4,300,164.697537
s4,301,141.320634
s4,302,163.895752
s4,303,223.399061
s4,304,260.500672
s4,305,238.334323
s4,306,307.095507
s4,307,335.201949
s4,308,349.322548
s4,309,434.333681
s4,310,469.614733
s4,311,448.599127
s4,312,563.097137
s4,313,483.704748
s4,314,547.067341
s4,315,492.421128
s4,316,479.502169
s4,317,453.226436
s4,318,464.747678
s4,319,356.039694
s4,320,350.326854
s4,321,369.873477
s4,322,256.652597
s4,323,251.229869
s4,324,256.438961
s4,325,205.662059
s4,326,246.075140
s4,327,222.506285
s4,328,295.802270
s4,329,309.417323
s4,330,317.558838
s4,331,445.259678
s4,332,441.568024
s4,333,481.576287
s4,334,501.010445
s4,335,551.011071
s4,336,588.743986
s4,337,611.897655
s4,338,646.052976
s4,339,553.364277
s4,340,566.594421
s4,341,590.537264
s4,342,519.266785
s4,343,486.486963
s4,344,485.437358
s4,345,402.018963
s4,346,371.011838
s4,347,325.389733
s4,348,369.017486
s4,349,336.458035
s4,350,279.192957
s4,351,338.302480
s4,352,305.844405
s4,353,418.017888
s4,354,445.675095
s4,355,463.173943
s4,356,502.192294
s4,357,499.658968
s4,358,628.528557
s4,359,631.402339
s4,360,648.367616
s4,361,696.668638
s4,362,649.677256
s4,363,641.508210
s4,364,616.090269
s4,365,562.403866
s4,366,654.084433
s4,367,521.932108
s4,368,472.790721
s4,369,473.811164
s4,370,296.726531
s4,371,373.977593
s4,372,354.579881
s4,373,310.574303
s4,374,361.376047
s4,375,288.618955
s4,376,382.103565
s4,377,444.779412
s4,378,376.880925
s4,379,446.839941
s4,380,535.730339
s4,381,582.969841
s4,382,598.864499
s4,383,663.780756
s4,384,680.299316
s4,385,635.011628
s4,386,675.849527
s4,387,621.416645
s4,388,569.069137
s4,389,523.513537
s4,390,601.084777
s4,391,515.888468
s4,392,541.098314
s4,393,378.206983
s4,394,376.088950
s4,395,366.968157
s4,396,326.730790
s4,397,336.215102
s4,398,322.858062
s4,399,307.054444
s4,400,268.999294
s4,401,346.768596
s4,402,475.920835
s4,403,484.280476
s4,404,547.837616
s4,405,520.779733
s4,406,570.212566
s4,407,575.006236
s4,408,637.619554
s4,409,634.146528
s4,410,643.762352
s4,411,673.373837
s4,412,557.455028
s4,413,576.174476
s4,414,459.843730
s4,415,499.438572
s4,416,398.020805
s4,417,364.394179
s4,418,329.932748
s4,419,347.674352
s4,420,264.967265
s4,421,234.979727
s4,422,209.076370
s4,423,268.807943
s4,424,249.967199
s4,425,291.413689
s4,426,344.181583
s4,427,408.798247
s4,428,402.867406
s4,429,490.772778
s4,430,564.146935
s4,431,479.874095
s4,432,596.926961
s4,433,632.029344
s4,434,533.601235
s4,435,559.809450
s4,436,465.234883
s4,437,489.203724
s4,438,424.248320
s4,439,399.803614
s4,440,310.227834
s4,441,267.960736
s4,442,240.114625
s4,443,197.657317
s4,444,177.069392
s4,445,178.677016
s4,446,146.388789
s4,447,190.385215
s4,448,233.631246
s4,449,168.140072
s4,450,292.642894
s4,451,302.392143
s4,452,333.148422
s4,453,367.354421
s4,454,421.735372
s4,455,455.461194
s4,456,513.831572
s4,457,468.361452
s4,458,546.290443
s4,459,469.116964
s4,460,497.318317
s4,461,478.647874
s4,462,359.579218
s4,463,395.201437
s4,464,389.173394
s4,465,256.112214
s4,466,253.858021
s4,467,199.124332
s4,468,185.762442
s4,469,166.836215
s4,470,158.187627
s4,471,214.380610
s4,472,244.541900
s4,473,248.079559
s4,474,341.291393
s4,475,371.984858
s4,476,405.394511
s4,477,401.387537
s4,478,532.084351
s4,479,545.168689
s4,480,449.204666
s4,481,497.905819
s4,482,520.883310
s4,483,559.428476
s4,484,549.025543
s4,485,466.134338
s4,486,447.672191
s4,487,422.136225
s4,488,311.859321
s4,489,335.740818
s4,490,269.144911
s4,491,257.831642
s4,492,231.064489
s4,493,184.289230
s4,494,194.680628
s4,495,246.060636
s4,496,275.513612
s4,497,297.574321
s4,498,385.878797
s4,499,383.748870
s4,500,402.308218
s4,501,478.750589
s4,502,526.295073
s4,503,562.147459
s4,504,631.636381
s4,505,623.049057
s4,506,644.032850
s4,507,619.813199
s4,508,572.489009
s4,509,584.627030
s4,510,503.600052
s4,511,480.589056
s4,512,395.635040
s4,513,393.530895
s4,514,343.431021
s4,515,339.328437
s4,516,370.440542
s4,517,381.775831
s4,518,338.984368
s4,519,318.225310
s4,520,373.749199
s4,521,388.347353
s4,522,401.501640
s4,523,466.474626
s4,524,507.412576
s4,525,540.726374
s4,526,649.850972
s4,527,616.896864
s4,528,642.086884
s4,529,696.129638
s4,530,648.822241
s4,531,622.299527
s4,532,610.919646
s4,533,625.939003
s4,534,584.312216
s4,535,539.294844
s4,536,469.239497
s4,537,411.701021
s4,538,437.004441
s4,539,325.687526
s4,540,347.363762
s4,541,298.976286
s4,542,332.209761
s4,543,353.977641
s4,544,425.234399
s4,545,316.758213
s4,546,502.254355
s4,547,468.330839
s4,548,553.839402
s4,549,614.368952
s4,550,598.313497
s4,551,652.242667
s4,552,693.279221
s4,553,681.962800
s4,554,658.993916
s4,555,677.315267
s4,556,650.159392
s4,557,561.004951
s4,558,618.754558
s4,559,534.586993
s4,560,396.791743
s4,561,406.834132
s4,562,454.554784
s4,563,417.053864
s4,564,348.069617
s4,565,267.944114
s4,566,316.690079
s4,567,371.787115
s4,568,369.891138
s4,569,374.961262
s4,570,398.046290
s4,571,493.065920
s4,572,499.666883
s4,573,558.664909
s4,574,600.198933
s4,575,668.075791
s4,576,636.651345
s4,577,647.024283
s4,578,572.513760
s4,579,656.870721
s4,580,622.775490
s4,581,556.036886
s4,582,435.603208
s4,583,447.654811
s4,584,421.532396
s4,585,444.873180
s4,586,351.220735
s4,587,323.897064
s4,588,299.950595
s4,589,303.793727
s4,590,216.331805
s4,591,235.469334
s4,592,244.219704
s4,593,304.442416
s4,594,338.309235
s4,595,394.611744
s4,596,397.550510
s4,597,476.242148
s4,598,478.993946
s4,599,609.572287
s4,600,536.999638
s4,601,651.055945
s4,602,615.666121
s4,603,502.551816
s4,604,550.887484
s4,605,503.658935
s4,606,387.687493
s4,607,415.484912
s4,608,343.954324
s4,609,313.584303
s4,610,231.399101
s4,611,225.444886
s4,612,218.122254
s4,613,184.940196
s4,614,169.331841
s4,615,195.679182
s4,616,188.983467
s4,617,265.562204
s4,618,203.359090
s4,619,386.124954
s4,620,380.028196
s4,621,436.263898
s4,622,486.853308
s4,623,444.673376
s4,624,587.057069
s4,625,479.789719
s4,626,533.050285
s4,627,515.132410
s4,628,525.578412
s4,629,447.213376
s4,630,359.306577
s4,631,375.543380
s4,632,234.345295
s4,633,269.652281
s4,634,222.630500
s4,635,261.798453
s4,636,177.237111
s4,637,161.414102
s4,638,152.666847
s4,639,162.832051
s4,640,197.703983
s4,641,271.212688
s4,642,245.750918
s4,643,329.186919
s4,644,332.379433
s4,645,421.980662
s4,646,473.579249
s4,647,458.272458
s4,648,504.654579
s4,649,540.748571
s4,650,564.886990
s4,651,560.729595
s4,652,502.947949
s4,653,442.136052
s4,654,383.524584
s4,655,425.430809
s4,656,404.331114
s4,657,328.258360
s4,658,333.990821
s4,659,235.926145
s4,660,219.291598
s4,661,279.340774
s4,662,194.144481
s4,663,265.548441
s4,664,284.395616
s4,665,311.950302
s4,666,409.111762
s4,667,365.680323
s4,668,429.426451
s4,669,418.315690
s4,670,496.033788
s4,671,548.865657
s4,672,578.062198
s4,673,598.363041
s4,674,617.981379
s4,675,575.130375
s4,676,509.550337
s4,677,554.044854
s4,678,527.060328
s4,679,431.682530
s4,680,402.760225
s4,681,450.865377
s4,682,390.010193
s4,683,364.006908
s4,684,330.797091
s4,685,304.860903
s4,686,285.911477
s4,687,338.767656
s4,688,338.105509
s4,689,364.855940
s4,690,421.731877
s4,691,465.516146
s4,692,546.509573
s4,693,527.954639
s4,694,688.294960
s4,695,600.238064
s4,696,644.052458
s4,697,704.220950
s4,698,643.378918
s4,699,644.861498
s4,700,640.858650
s4,701,506.072305
s4,702,553.356827
s4,703,495.129573
s4,704,476.276924
s4,705,460.083931
s4,706,427.510631
s4,707,427.227514
s4,708,404.317589
s4,709,380.104145
s4,710,344.409958
s4,711,395.005366
s4,712,347.915854
s4,713,411.800342
s4,714,504.635105
s4,715,525.782556
s4,716,494.611688
s4,717,565.476310
s4,718,655.537646
s4,719,676.115968
s4,720,713.144407
s4,721,624.258180
s4,722,639.802163
s4,723,661.528276
s4,724,611.924882
s4,725,611.021202
s4,726,571.790254
s4,727,538.283401
s4,728,475.206278
s4,729,454.460607
s4,730,421.815853
s4,731,367.144855
s4,732,295.791908
s4,733,370.355579
s4,734,331.927715
s4,735,349.465308
s4,736,361.748739
s4,737,329.958010
s4,738,442.960017
s4,739,441.241843
s4,740,463.986653
s4,741,591.486536
s4,742,571.932581
s4,743,620.847490
s4,744,660.535254
s4,745,693.524987
s4,746,570.434541
s4,747,591.930417
s4,748,614.799084
s4,749,532.512848
s4,750,399.901307
s4,751,471.262548
s4,752,425.920500
s4,753,399.276593
s4,754,338.015073
s4,755,280.400499
s4,756,278.277131
s4,757,255.734489
s4,758,237.165263
s4,759,272.986385
s4,760,296.590138
s4,761,278.389477
s4,762,385.504576
s4,763,419.190559
s4,764,459.649168
s4,765,377.144070
s4,766,511.968458
s4,767,531.717174
s4,768,519.965794
s4,769,582.680773
s4,770,506.488740
s4,771,586.079487
s4,772,530.687727
s4,773,464.601986
s4,774,489.558500
s4,775,409.953133
s4,776,358.148762
s4,777,255.815195
s4,778,278.584188
s4,779,275.911868
s4,780,241.578406
s4,781,145.849996
s4,782,237.984398
s4,783,256.176626
s4,784,251.540841
s4,785,239.722559
s4,786,238.847356
s4,787,301.726989
s4,788,356.864969
s4,789,428.459370
s4,790,475.517554
s4,791,460.728445
s4,792,450.436726
s4,793,502.870121
s4,794,469.449959
s4,795,548.738636
s4,796,435.966565
s4,797,462.586431
s4,798,434.973589
s4,799,328.502201
s4,800,352.544517
s4,801,269.747721
s4,802,209.004533
s4,803,172.997806
s4,804,188.629839
s4,805,212.140799
s4,806,110.671489
s4,807,211.534960
s4,808,209.372017
s4,809,222.039325
s4,810,285.446009
s4,811,333.878254
s4,812,378.756153
s4,813,453.856641
s4,814,434.549537
s4,815,567.498267
s4,816,553.647768
s4,817,514.639673
s4,818,469.554957
s4,819,525.522943
s4,820,491.113813
s4,821,501.106180
s4,822,463.522523
s4,823,463.870502
s4,824,350.553483
s4,825,342.153718
s4,826,264.288390
s4,827,237.828405
s4,828,285.426873
s4,829,219.637778
s4,830,224.694631
s4,831,231.814949
s4,832,281.931508
s4,833,326.968991
s4,834,344.749409
s4,835,356.008801
s4,836,455.873479
s4,837,461.890900
s4,838,519.820407
s4,839,574.102382
s4,840,600.184865
s4,841,524.740262
s4,842,666.912448
s4,843,626.141317
s4,844,645.563594
s4,845,636.513386
s4,846,479.823687
s4,847,452.225166
s4,848,438.479578
s4,849,422.230970
s4,850,336.319007
s4,851,314.919961
s4,852,344.465037
s4,853,268.372641
s4,854,310.330440
s4,855,355.931067
s4,856,335.028593
s4,857,406.240601
s4,858,417.043711
s4,859,411.933770
s4,860,495.449035
s4,861,552.658353
s4,862,588.557322
s4,863,634.230184
s4,864,670.668422
s4,865,679.432467
s4,866,676.320425
s4,867,644.087755
s4,868,629.630409
s4,869,593.185249
s4,870,547.585621
s4,871,573.229943
s4,872,415.643881
s4,873,447.467043
s4,874,344.919655
s4,875,350.489213
s4,876,377.995594
s4,877,330.156924
s4,878,389.906539
s4,879,321.285466
s4,880,367.386363
s4,881,388.179082
s4,882,449.859574
s4,883,481.999288
s4,884,524.326382
s4,885,583.185940
s4,886,656.335471
s4,887,653.602801
s4,888,671.093788
s4,889,668.726469
s4,890,652.186867
s4,891,612.784226
s4,892,601.940380
s4,893,605.432951
s4,894,497.057151
s4,895,540.687466
s4,896,456.740953
s4,897,393.828613
s4,898,367.094866
s4,899,375.730136
s4,900,342.093875
s4,901,325.812103
s4,902,376.786642
s4,903,407.631436
s4,904,303.684802
s4,905,409.181210
s4,906,389.564124
s4,907,409.890613
s4,908,482.121463
s4,909,576.537712
s4,910,566.774455
s4,911,589.749897
s4,912,674.256498
s4,913,651.415062
s4,914,627.522676
s4,915,677.933187
s4,916,606.021037
s4,917,528.713066
s4,918,473.940394
s4,919,450.449920
s4,920,422.989781
s4,921,403.560700
s4,922,358.734372
s4,923,299.234234
s4,924,229.849666
s4,925,288.826566
s4,926,257.550539
s4,927,225.790048
s4,928,240.876329
s4,929,320.570319
s4,930,361.080212
s4,931,417.754279
s4,932,389.029726
s4,933,537.916712
s4,934,443.676610
s4,935,533.415899
s4,936,599.969406
s4,937,597.355246
s4,938,524.090947
s4,939,563.069927
s4,940,558.530163
s4,941,506.215091
s4,942,404.365923
s4,943,450.179211
s4,944,288.216465
s4,945,300.603984
s4,946,221.110852
s4,947,210.025591
s4,948,189.579361
s4,949,205.633811
s4,950,143.434045
s4,951,205.694461
s4,952,264.805099
s4,953,253.403055
s4,954,307.492296
s4,955,345.882058
s4,956,348.747843
s4,957,403.828833
s4,958,455.809285
s4,959,500.921732
s4,960,575.792359
s4,961,571.943962
s4,962,497.466442
s4,963,485.601688
s4,964,441.699315
s4,965,363.824057
s4,966,450.293117
s4,967,379.551086
s4,968,248.535243
s4,969,273.885338
s4,970,317.439452
s4,971,221.909525
s4,972,201.595875
s4,973,181.268548
s4,974,149.394735
s4,975,148.916446
s4,976,185.249728
s4,977,253.136946
s4,978,280.461607
s4,979,358.348638
s4,980,442.007024
s4,981,446.407941
s4,982,495.239139
s4,983,486.759773
s4,984,477.534806
s4,985,611.035506
s4,986,562.063594
s4,987,567.727073
s4,988,492.325394
s4,989,416.141476
s4,990,484.495306
s4,991,322.073557
s4,992,349.103305
s4,993,295.732214
s4,994,286.463874
s4,995,278.745997
s4,996,260.354406
s4,997,150.513476
s4,998,262.440934
s4,999,176.904390
s4,1000,293.415241
s4,1001,290.081994
s4,1002,308.277662
s4,1003,376.322650
s4,1004,396.826286
s4,1005,488.996652
s4,1006,564.021363
s4,1007,593.478321
s4,1008,591.871589
s4,1009,642.752263
s4,1010,624.174824
s4,1011,672.625654
s4,1012,595.153498
s4,1013,526.867276
s4,1014,501.265101
s4,1015,444.255981
s4,1016,418.742034
s4,1017,383.752190
s4,1018,377.384196
s4,1019,352.573498
s4,1020,308.379301
s4,1021,313.588367
s4,1022,276.685707
s4,1023,298.637438
s4,1024,257.568899
s4,1025,351.780607
s4,1026,403.555889
s4,1027,557.217800
s4,1028,467.125056
s4,1029,562.360484
s4,1030,589.106199
s4,1031,578.687246
s4,1032,666.858962
s4,1033,670.784984
s4,1034,620.027507
s4,1035,578.666594
s4,1036,636.687936
s4,1037,557.620430
s4,1038,593.427846
s4,1039,517.810841
s4,1040,502.484450
s4,1041,431.098784
s4,1042,458.496829
s4,1043,398.514869
s4,1044,407.022430
s4,1045,347.719618
s4,1046,309.318948
s4,1047,308.540508
s4,1048,364.352301
s4,1049,424.936047
s4,1050,432.219972
s4,1051,584.157592
s4,1052,540.654895
s4,1053,602.030422
s4,1054,626.974659
s4,1055,610.529896
s4,1056,712.938353
s4,1057,708.532216
s4,1058,714.352894
s4,1059,637.644048
s4,1060,646.723936
s4,1061,611.014435
s4,1062,612.812498
s4,1063,477.999191
s4,1064,503.785311
s4,1065,479.982835
s4,1066,380.458421
s4,1067,333.689916
s4,1068,385.412943
s4,1069,334.707452
s4,1070,364.770829
s4,1071,361.989157
s4,1072,394.219278
s4,1073,380.324026
s4,1074,349.009370
s4,1075,485.905572
s4,1076,483.197366
s4,1077,569.622295
s4,1078,565.035387
s4,1079,669.329880
s4,1080,622.035502
s4,1081,667.759489
s4,1082,673.727337
s4,1083,616.187823
s4,1084,604.100319
s4,1085,556.412230
s4,1086,481.735973
s4,1087,519.491539
s4,1088,387.026013
s4,1089,317.627561
s4,1090,313.283009
s4,1091,301.327034
s4,1092,274.208387
s4,1093,245.885596
s4,1094,239.590984
s4,1095,189.259095
s4,1096,307.095887
s4,1097,375.600673
s4,1098,324.772864
s4,1099,327.418470
s4,1100,459.327283
s4,1101,466.965112
s4,1102,367.449079
s4,1103,509.922683
s4,1104,503.722511
s4,1105,521.474769
s4,1106,629.932539
s4,1107,579.085647
s4,1108,512.488960
s4,1109,483.632421
s4,1110,497.022459
s4,1111,356.075068
s4,1112,374.017859
s4,1113,279.577666
s4,1114,291.318799
s4,1115,236.293493
s4,1116,178.230207
s4,1117,229.937442
s4,1118,210.608806
s4,1119,267.540563
s4,1120,209.386323
s4,1121,259.711871
s4,1122,268.228925
s4,1123,378.545000
s4,1124,351.904017
s4,1125,420.342750
s4,1126,504.809730
s4,1127,507.412974
s4,1128,519.725314
s4,1129,528.886483
s4,1130,529.946816
s4,1131,527.885970
s4,1132,470.308211
s4,1133,377.587104
s4,1134,456.450482
s4,1135,327.457384
s4,1136,386.013083
s4,1137,287.676506
s4,1138,352.734053
s4,1139,250.878266
s4,1140,202.955375
s4,1141,210.767598
s4,1142,129.974423
s4,1143,199.612168
s4,1144,204.748384
s4,1145,252.022292
s4,1146,218.965665
s4,1147,258.699362
s4,1148,409.227615
s4,1149,429.962054
s4,1150,452.539624
s4,1151,497.908717
s4,1152,501.463813
s4,1153,520.250306
s4,1154,562.958197
s4,1155,519.694163
s4,1156,531.991653
s4,1157,451.535847
s4,1158,375.053438
s4,1159,375.022588
s4,1160,351.035435
s4,1161,275.516240
s4,1162,265.903515
s4,1163,233.401198
s4,1164,265.796490
s4,1165,254.933307
s4,1166,267.937473
s4,1167,216.910776
s4,1168,282.839444
s4,1169,352.382159
s4,1170,355.214964
s4,1171,393.172107
s4,1172,416.413376
s4,1173,520.097323
s4,1174,538.205652
s4,1175,602.024248
s4,1176,585.691236
s4,1177,678.791676
s4,1178,606.309524
s4,1179,553.911285
s4,1180,585.007910
s4,1181,565.644808
s4,1182,558.012803
s4,1183,454.468149
s4,1184,410.203821
s4,1185,379.830861
s4,1186,339.960218
s4,1187,250.121696
s4,1188,332.831183
s4,1189,344.088932
s4,1190,275.931321
s4,1191,283.275559
s4,1192,339.493600
s4,1193,350.577392
s4,1194,450.029353
s4,1195,445.789638
s4,1196,537.320450
s4,1197,516.648164
s4,1198,551.271253
s4,1199,579.542073
s4,1200,608.024153
s4,1201,686.709005
s4,1202,702.480787
s4,1203,666.679986
s4,1204,647.464727
s4,1205,530.125776
s4,1206,610.617393
s4,1207,484.472253
s4,1208,531.278739
s4,1209,528.933074
s4,1210,407.520822
s4,1211,397.291000
s4,1212,376.319914
s4,1213,297.359574
s4,1214,305.470428
s4,1215,334.180494
s4,1216,387.822526
s4,1217,445.028684
s4,1218,458.716719
s4,1219,537.484280
s4,1220,524.939097
s4,1221,535.632893
s4,1222,625.050999
s4,1223,652.611265
s4,1224,625.066083
s4,1225,722.076542
s4,1226,649.651726
s4,1227,644.300391
s4,1228,653.494153
s4,1229,573.615950
s4,1230,593.105559
s4,1231,539.751854
s4,1232,495.589128
s4,1233,434.517160
s4,1234,377.512553
s4,1235,334.449176
s4,1236,348.819790
s4,1237,373.784821
s4,1238,352.056268
s4,1239,347.740182
s4,1240,391.265104
s4,1241,433.115916
s4,1242,378.396634
s4,1243,462.700694
s4,1244,549.951168
s4,1245,524.123351
s4,1246,566.373827
s4,1247,633.141644
s4,1248,622.295358
s4,1249,680.790067
s4,1250,622.995780
s4,1251,639.670110
s4,1252,681.205264
s4,1253,597.312339
s4,1254,465.967264
s4,1255,430.229748
s4,1256,383.266782
s4,1257,370.814845
s4,1258,281.213399
s4,1259,316.293278
s4,1260,332.709553
s4,1261,313.108218
s4,1262,228.489073
s4,1263,254.854051
s4,1264,274.201213
s4,1265,284.846907
s4,1266,410.464254
s4,1267,366.555213
s4,1268,393.253895
s4,1269,485.567103
s4,1270,520.029392
s4,1271,590.288691
s4,1272,609.297084
s4,1273,556.233250
s4,1274,484.749979
s4,1275,567.358064
s4,1276,545.896956
s4,1277,545.646103
s4,1278,384.480808
s4,1279,352.620827
s4,1280,401.348832
s4,1281,358.252857
s4,1282,305.916569
s4,1283,225.891707
s4,1284,248.489401
s4,1285,170.604051
s4,1286,145.236360
s4,1287,197.759986
s4,1288,225.206487
s4,1289,280.890792
s4,1290,328.958084
s4,1291,270.412052
s4,1292,386.288635
s4,1293,435.500071
s4,1294,411.055008
s4,1295,476.485564
s4,1296,508.616851
s4,1297,532.346356
s4,1298,484.707631
s4,1299,480.773895
s4,1300,439.396078
s4,1301,457.569708
s4,1302,394.279461
s4,1303,341.592542
s4,1304,340.095693
s4,1305,268.596140
s4,1306,194.248700
s4,1307,245.958591
s4,1308,219.256992
s4,1309,191.185512
s4,1310,140.330587
s4,1311,229.511735
s4,1312,194.208401
s4,1313,182.779379
s4,1314,284.933885
s4,1315,397.981634
s4,1316,365.303677
s4,1317,446.582492
s4,1318,514.313605
s4,1319,505.650498
s4,1320,511.748206
s4,1321,535.931143
s4,1322,557.048015
s4,1323,508.404910
s4,1324,517.482264
s4,1325,494.672929
s4,1326,425.042184
s4,1327,422.242901
s4,1328,374.354164
s4,1329,302.869095
s4,1330,272.070702
s4,1331,254.163974
s4,1332,226.289106
s4,1333,216.438301
s4,1334,192.017809
s4,1335,247.080205
s4,1336,295.394760
s4,1337,327.668433
s4,1338,319.316041
s4,1339,414.377521
s4,1340,464.244935
s4,1341,457.341803
s4,1342,549.257262
s4,1343,559.419164
s4,1344,577.407616
s4,1345,612.317804
s4,1346,599.203619
s4,1347,519.780755
s4,1348,584.236892
s4,1349,508.823204
s4,1350,508.075753
s4,1351,494.285625
s4,1352,420.664361
s4,1353,373.146212
s4,1354,357.855747
s4,1355,342.118126
s4,1356,277.344011
s4,1357,276.595506
s4,1358,319.458330
s4,1359,372.791145
s4,1360,343.545985
s4,1361,408.971959
s4,1362,395.133401
s4,1363,467.155554
s4,1364,516.687630
s4,1365,515.309326
s4,1366,599.720543
s4,1367,627.121213
s4,1368,569.259251
s4,1369,666.647743
s4,1370,680.611712
s4,1371,667.836156
s4,1372,648.741367
s4,1373,568.406394
s4,1374,543.260914
s4,1375,519.515856
s4,1376,452.468932
s4,1377,424.072390
s4,1378,444.624673
s4,1379,342.085483
s4,1380,339.797339
s4,1381,404.429304
s4,1382,338.538091
s4,1383,321.828675
s4,1384,388.799448
s4,1385,418.937670
s4,1386,457.135675
s4,1387,439.293236
s4,1388,550.804354
s4,1389,597.124965
s4,1390,692.887152
s4,1391,676.492965
s4,1392,659.559658
s4,1393,695.320553
s4,1394,705.765942
s4,1395,664.437314
s4,1396,643.675108
s4,1397,658.288066
s4,1398,587.645730
s4,1399,543.571611
s4,1400,446.655620
s4,1401,449.579527
s4,1402,330.011043
s4,1403,404.104540
s4,1404,322.889514
s4,1405,347.767633
s4,1406,372.748039
s4,1407,298.573357
s4,1408,396.279470
s4,1409,394.731115
s4,1410,463.385294
s4,1411,452.979672
s4,1412,484.240557
s4,1413,592.515548
s4,1414,598.527855
s4,1415,614.233515
s4,1416,592.305600
s4,1417,684.140810
s4,1418,623.825510
s4,1419,612.127886
s4,1420,569.630372
s4,1421,557.953626
s4,1422,535.193072
s4,1423,465.979293
s4,1424,416.878417
s4,1425,354.648197
s4,1426,382.423752
s4,1427,352.530802
s4,1428,262.460079
s4,1429,228.498544
s4,1430,265.087629
s4,1431,210.509882
s4,1432,293.943043
s4,1433,324.066480
s4,1434,356.661558
s4,1435,445.777354
s4,1436,495.870625
s4,1437,488.923511
s4,1438,496.965397
s4,1439,572.241268
s4,1440,594.715650
s4,1441,523.190250
s4,1442,535.195252
s4,1443,535.809414
s4,1444,462.120381
s4,1445,445.602516
s4,1446,496.908073
s4,1447,352.424392
s4,1448,376.466850
s4,1449,274.975130
s4,1450,295.297564
s4,1451,239.312375
s4,1452,235.199352
s4,1453,144.958733
s4,1454,200.996375
s4,1455,182.734080
s4,1456,249.633857
s4,1457,278.890183
s4,1458,298.421978
s4,1459,330.670427
s4,1460,378.325317
s4,1461,429.288200
s4,1462,440.944886
s4,1463,473.612384
s4,1464,487.452493
s4,1465,483.582032
s4,1466,553.081306
s4,1467,459.962990
s4,1468,525.079856
s4,1469,472.352757
s4,1470,350.928289
s4,1471,303.100165
s4,1472,321.144979
s4,1473,241.321665
s4,1474,244.087273
s4,1475,240.967708
s4,1476,199.917070
s4,1477,170.589919
s4,1478,173.601245
s4,1479,243.269210
s4,1480,205.687089
s4,1481,310.524418
s4,1482,361.823579
s4,1483,325.547635
s4,1484,394.621524
s4,1485,487.648034
s4,1486,446.338614
s4,1487,517.574437
s4,1488,562.354329
s4,1489,504.414293
s4,1490,553.374913
s4,1491,534.943179
s4,1492,491.737511
s4,1493,531.789657
s4,1494,438.020872
s4,1495,478.779615
s4,1496,383.486436
s4,1497,294.954478
s4,1498,292.073683
s4,1499,228.956552
s4,1500,263.858223
s4,1501,250.745230
s4,1502,192.147526
s4,1503,233.995421
s4,1504,290.446922
s4,1505,312.017905
s4,1506,319.489533
s4,1507,436.278381
s4,1508,493.618671
s4,1509,443.681441
s4,1510,585.248782
s4,1511,500.631522
s4,1512,589.709664
s4,1513,585.649295
s4,1514,591.578380
s4,1515,606.940715
s4,1516,541.252077
s4,1517,547.730886
s4,1518,571.727684
s4,1519,489.626809
s4,1520,482.650019
s4,1521,421.451940
s4,1522,301.964773
s4,1523,388.633430
s4,1524,338.810824
s4,1525,324.366972
s4,1526,293.277631
s4,1527,303.726917
s4,1528,311.982947
s4,1529,377.425364
s4,1530,428.391210
s4,1531,465.437637
s4,1532,512.951326
s4,1533,498.019485
s4,1534,578.796065
s4,1535,610.810731
s4,1536,671.170707
s4,1537,658.456484
s4,1538,659.312666
s4,1539,666.630691
s4,1540,625.936308
s4,1541,601.374977
s4,1542,609.774652
s4,1543,524.994029
s4,1544,456.194739
s4,1545,464.716438
s4,1546,434.086643
s4,1547,398.008054
s4,1548,311.708285
s4,1549,377.692087
s4,1550,349.093477
s4,1551,364.985206
s4,1552,387.193313
s4,1553,432.400841
s4,1554,472.910175
s4,1555,549.621220
s4,1556,553.320978
s4,1557,585.156528
s4,1558,647.650742
s4,1559,653.141474
s4,1560,714.253628
s4,1561,692.857072
s4,1562,710.692932
s4,1563,654.972059
s4,1564,680.940507
s4,1565,634.939120
s4,1566,544.957165
s4,1567,515.542796
s4,1568,484.421839
s4,1569,392.632066
s4,1570,360.107796
s4,1571,379.662845
s4,1572,356.617293
s4,1573,371.879597
s4,1574,282.929682
s4,1575,323.917582
s4,1576,289.485961
s4,1577,445.543821
s4,1578,380.018755
s4,1579,457.021106
s4,1580,571.811557
s4,1581,595.632756
s4,1582,554.812750
s4,1583,687.154048
s4,1584,645.657417
s4,1585,604.005134
s4,1586,643.030654
s4,1587,639.958076
s4,1588,613.133813
s4,1589,485.603358
s4,1590,575.153802
s4,1591,413.397622
s4,1592,411.540217
s4,1593,420.083279
s4,1594,343.709960
s4,1595,295.038533
s4,1596,251.131658
s4,1597,276.683120
s4,1598,301.306216
s4,1599,246.280024
s4,1600,298.958259
s4,1601,301.733544
s4,1602,336.519771
s4,1603,321.874465
s4,1604,441.676776
s4,1605,504.598606
s4,1606,503.824105
s4,1607,572.021651
s4,1608,561.745568
s4,1609,604.714892
s4,1610,565.133355
s4,1611,532.722859
s4,1612,502.369821
s4,1613,486.945367
s4,1614,451.635105
s4,1615,369.665746
s4,1616,343.380219
s4,1617,258.470974
s4,1618,217.499844
s4,1619,250.504367
s4,1620,217.474055
s4,1621,222.223507
s4,1622,196.598372
s4,1623,210.984155
s4,1624,285.521343
s4,1625,227.571284
s4,1626,302.956689
s4,1627,388.028735
s4,1628,447.029747
s4,1629,440.270809
s4,1630,455.326210
s4,1631,454.175227
s4,1632,504.729309
s4,1633,524.960605
s4,1634,518.946741
s4,1635,522.048270
s4,1636,500.447528
s4,1637,433.298965
s4,1638,379.765498
s4,1639,356.001139
s4,1640,335.228963
s4,1641,331.964645
s4,1642,185.782310
s4,1643,244.607620
s4,1644,178.687466
s4,1645,214.462313
s4,1646,242.338821
s4,1647,210.112925
s4,1648,180.233454
s4,1649,237.872399
s4,1650,304.411136
s4,1651,326.644411
s4,1652,381.782011
s4,1653,403.294048
s4,1654,461.740284
s4,1655,481.411636
s4,1656,553.911578
s4,1657,548.418331
s4,1658,563.863260
s4,1659,475.246358
s4,1660,493.160131
s4,1661,453.416141
s4,1662,426.715368
s4,1663,370.868140
s4,1664,333.556101
s4,1665,368.856888
s4,1666,272.302256
s4,1667,211.495284
s4,1668,224.383054
s4,1669,300.446876
s4,1670,253.578039
s4,1671,215.297564
s4,1672,264.038882
s4,1673,305.475914
s4,1674,351.566501
s4,1675,336.261260
s4,1676,414.192165
s4,1677,486.170578
s4,1678,476.659787
s4,1679,561.651092
s4,1680,594.876270
s4,1681,631.939337
s4,1682,643.609567
s4,1683,593.168549
s4,1684,586.542279
s4,1685,572.083670
s4,1686,546.850649
s4,1687,475.381424
s4,1688,406.331254
s4,1689,410.418215
s4,1690,383.543449
s4,1691,332.222608
s4,1692,327.521256
s4,1693,353.263892
s4,1694,288.143042
s4,1695,296.995434
s4,1696,310.442408
s4,1697,392.785376
s4,1698,454.482434
s4,1699,452.877003
s4,1700,576.490880
s4,1701,543.354505
s4,1702,612.101411
s4,1703,632.738160
s4,1704,705.764563
s4,1705,652.190202
s4,1706,728.020927
s4,1707,657.263191
s4,1708,597.240086
s4,1709,591.662967
s4,1710,567.108720
s4,1711,585.311041
s4,1712,470.528711
s4,1713,443.893316
s4,1714,475.006885
s4,1715,381.630360
s4,1716,334.871227
s4,1717,321.177962
s4,1718,295.653043
s4,1719,371.603816
s4,1720,423.350010
s4,1721,404.165896
s4,1722,420.818662
s4,1723,508.149539
s4,1724,544.069446
s4,1725,582.022307
s4,1726,639.354722
s4,1727,656.107371
s4,1728,663.933040
s4,1729,718.715071
s4,1730,622.775554
s4,1731,632.955589
s4,1732,636.420669
s4,1733,567.184938
s4,1734,620.550149
s4,1735,453.492009
s4,1736,502.190530
s4,1737,452.811032
s4,1738,405.079957
s4,1739,374.833186
s4,1740,318.382994
s4,1741,300.642473
s4,1742,369.951775
s4,1743,328.663027
s4,1744,306.212326
s4,1745,343.786331
s4,1746,370.719619
s4,1747,471.511303
s4,1748,542.771338
s4,1749,535.199289
s4,1750,585.930009
s4,1751,592.883159
s4,1752,657.776308
s4,1753,665.304871
s4,1754,663.073686
s4,1755,676.403447
s4,1756,550.139660
s4,1757,581.765157
s4,1758,461.617023
s4,1759,489.979744
s4,1760,445.033714
s4,1761,395.830317
s4,1762,356.904456
s4,1763,291.932001
s4,1764,250.622987
s4,1765,282.957586
s4,1766,234.950108
s4,1767,288.403561
s4,1768,257.370582
s4,1769,325.780838
s4,1770,360.479707
s4,1771,364.150821
s4,1772,423.041935
s4,1773,503.799115
s4,1774,510.250258
s4,1775,554.466693
s4,1776,538.115074
s4,1777,567.677024
s4,1778,511.943655
s4,1779,519.483597
s4,1780,559.717830
s4,1781,501.539949
s4,1782,442.105228
s4,1783,399.988381
s4,1784,303.998720
s4,1785,316.199185
s4,1786,221.613483
s4,1787,204.496837
s4,1788,227.364791
s4,1789,167.718226
s4,1790,174.068151
s4,1791,198.742031
s4,1792,226.456874
s4,1793,297.926973
s4,1794,236.102339
s4,1795,320.817602
s4,1796,397.081496
s4,1797,403.813200
s4,1798,444.281217
s4,1799,460.707289
s4,1800,498.015824
s4,1801,539.263216
s4,1802,557.146071
s4,1803,514.916299
s4,1804,524.830020
s4,1805,450.448821
s4,1806,353.459914
s4,1807,388.618466
s4,1808,253.257985
s4,1809,274.295990
s4,1810,238.114845
s4,1811,170.496065
s4,1812,179.850062
s4,1813,158.847220
s4,1814,183.094784
s4,1815,182.221278
s4,1816,236.463865
s4,1817,237.933502
s4,1818,310.945878
s4,1819,336.251804
s4,1820,390.795454
s4,1821,431.575237
s4,1822,452.403807
s4,1823,537.290684
s4,1824,543.509966
s4,1825,463.359648
s4,1826,498.663788
s4,1827,583.493209
s4,1828,498.014823
s4,1829,568.381424
s4,1830,454.104836
s4,1831,413.599559
s4,1832,341.427541
s4,1833,308.808562
s4,1834,285.472039
s4,1835,281.598183
s4,1836,236.342608
s4,1837,223.960852
s4,1838,197.208858
s4,1839,229.581942
s4,1840,257.224008
s4,1841,302.250964
s4,1842,325.079066
s4,1843,360.129966
s4,1844,433.503158
s4,1845,409.862056
s4,1846,482.205024
s4,1847,538.529416
s4,1848,602.534264
s4,1849,580.852237
s4,1850,570.029871
s4,1851,617.673445
s4,1852,571.143176
s4,1853,589.968843
s4,1854,502.411161
s4,1855,445.679256
s4,1856,414.586562
s4,1857,443.714413
s4,1858,400.613036
s4,1859,327.597639
s4,1860,337.428351
s4,1861,250.858469
s4,1862,340.211982
s4,1863,325.953598
s4,1864,338.046831
s4,1865,376.677195
s4,1866,425.959187
s4,1867,449.245031
s4,1868,498.720215
s4,1869,517.098543
s4,1870,647.389082
s4,1871,600.927287
s4,1872,648.130999
s4,1873,698.847051
s4,1874,705.682340
s4,1875,701.445570
s4,1876,614.080278
s4,1877,587.567848
s4,1878,561.448421
s4,1879,461.246757
s4,1880,505.414472
s4,1881,381.899003
s4,1882,392.785323
s4,1883,395.915785
s4,1884,372.792211
s4,1885,321.171044
s4,1886,366.402136
s4,1887,384.691336
s4,1888,318.791823
s4,1889,397.532390
s4,1890,466.824476
s4,1891,503.172743
s4,1892,527.033712
s4,1893,573.284611
s4,1894,689.667589
s4,1895,633.657928
s4,1896,700.785437
s4,1897,637.948026
s4,1898,691.810090
s4,1899,694.893744
s4,1900,623.581776
s4,1901,583.503626
s4,1902,623.147865
s4,1903,512.023914
s4,1904,505.380442
s4,1905,380.908349
s4,1906,442.999094
s4,1907,290.975669
s4,1908,302.126605
s4,1909,300.307239
s4,1910,316.928214
s4,1911,335.770410
s4,1912,402.698710
s4,1913,448.860902
s4,1914,479.499734
s4,1915,486.746855
s4,1916,509.420192
s4,1917,476.170321
s4,1918,576.328471
s4,1919,588.651979
s4,1920,646.670686
s4,1921,601.436734
s4,1922,603.245736
s4,1923,590.606896
s4,1924,609.343872
s4,1925,558.364561
s4,1926,477.021538
s4,1927,407.361859
s4,1928,396.780119
s4,1929,348.131618
s4,1930,309.379351
s4,1931,295.529001
s4,1932,291.653131
s4,1933,279.617506
s4,1934,230.125281
s4,1935,236.612648
s4,1936,330.818260
s4,1937,303.273336
s4,1938,370.911179
s4,1939,394.380002
s4,1940,442.618491
s4,1941,522.320988
s4,1942,498.391076
s4,1943,570.212302
s4,1944,570.493232
s4,1945,556.362687
s4,1946,542.297889
s4,1947,524.986796
s4,1948,553.800339
s4,1949,513.439151
s4,1950,411.637749
s4,1951,406.122527
s4,1952,286.655195
s4,1953,302.089582
s4,1954,326.439223
s4,1955,187.515708
s4,1956,212.593573
s4,1957,169.985053
s4,1958,192.027458
s4,1959,165.485300
s4,1960,227.836106
s4,1961,176.561782
s4,1962,282.137582
s4,1963,322.517630
s4,1964,373.514044
s4,1965,484.522316
s4,1966,418.085548
s4,1967,463.523487
s4,1968,462.250531
s4,1969,533.145664
s4,1970,515.659991
s4,1971,463.648499
s4,1972,508.904403
s4,1973,454.605379
s4,1974,452.885606
s4,1975,387.244445
s4,1976,320.280617
s4,1977,248.962004
s4,1978,165.915026
s4,1979,186.094406
s4,1980,221.747455
s4,1981,166.903379
s4,1982,148.750378
s4,1983,198.041462
s4,1984,238.525764
s4,1985,339.434400
s4,1986,256.390292
s4,1987,322.426601
s4,1988,343.023690
s4,1989,401.182517
s4,1990,495.308067
s4,1991,494.630504
s4,1992,473.722575
s4,1993,578.344170
s4,1994,593.753328
s4,1995,551.243597
s4,1996,471.369378
s4,1997,438.739824
s4,1998,479.276331
s4,1999,362.320072
s4,2000,334.694073
s4,2001,264.718036
s4,2002,340.048592
s4,2003,226.562114
s4,2004,224.256067
s4,2005,197.398351
s4,2006,203.521719
s4,2007,202.966564
s4,2008,304.306685
s4,2009,280.752807
s4,2010,393.861142
s4,2011,350.197781
s4,2012,456.443855
s4,2013,518.857883
s4,2014,490.394378
s4,2015,570.848569
s4,2016,568.745228
s4,2017,565.017169
s4,2018,589.498049
s4,2019,531.983024
s4,2020,564.066023
s4,2021,493.287652
s4,2022,529.907877
s4,2023,517.815720
s4,2024,472.074571
s4,2025,361.112813
s4,2026,345.466085
s4,2027,387.490585
s4,2028,345.598201
s4,2029,316.440637
s4,2030,228.526134
s4,2031,303.574086
s4,2032,414.492765
s4,2033,391.496429
s4,2034,403.216068
s4,2035,467.080736
s4,2036,591.696083
s4,2037,600.292204
s4,2038,555.149547
s4,2039,593.267898
s4,2040,656.319034
s4,2041,710.936077
s4,2042,643.119680
s4,2043,638.519690
s4,2044,550.234369
s4,2045,583.865031
s4,2046,586.756675
s4,2047,544.441011
s4,2048,430.968207
s4,2049,464.541823
s4,2050,372.328247
s4,2051,322.031158
s4,2052,365.540061
s4,2053,283.362684
s4,2054,323.790084
s4,2055,322.942915
s4,2056,370.755504
s4,2057,415.634773
s4,2058,432.654508
s4,2059,462.867470
s4,2060,518.567775
s4,2061,497.913834
s4,2062,612.703656
s4,2063,717.139684
s4,2064,681.239753
s4,2065,718.586483
s4,2066,678.516884
s4,2067,665.577222
s4,2068,656.013020
s4,2069,630.042852
s4,2070,588.267838
s4,2071,493.397869
s4,2072,475.967392
s4,2073,379.938042
s4,2074,425.426912
s4,2075,356.323574
s4,2076,324.261398
s4,2077,278.233710
s4,2078,335.918147
s4,2079,364.332536
s4,2080,368.793625
s4,2081,419.161154
s4,2082,392.644407
s4,2083,491.404012
s4,2084,502.537565
s4,2085,452.567135
s4,2086,588.374735
s4,2087,573.461766
s4,2088,621.186794
s4,2089,611.577607
s4,2090,600.475380
s4,2091,650.616729
s4,2092,569.809798
s4,2093,559.153716
s4,2094,534.344198
s4,2095,450.948317
s4,2096,373.786504
s4,2097,371.995489
s4,2098,325.048206
s4,2099,263.436031
s4,2100,273.317265
s4,2101,299.087743
s4,2102,286.597759
s4,2103,316.037063
s4,2104,330.760343
s4,2105,319.840785
s4,2106,350.087105
s4,2107,353.183619
s4,2108,472.506426
s4,2109,452.996385
s4,2110,527.462508
s4,2111,592.658938
s4,2112,558.931878
s4,2113,511.955109
s4,2114,523.413542
s4,2115,531.385246
s4,2116,562.768989
s4,2117,471.002263
s4,2118,435.349679
s4,2119,357.109718
s4,2120,358.210047
s4,2121,304.196924
s4,2122,287.460142
s4,2123,194.357652
s4,2124,223.628728
s4,2125,141.702955
s4,2126,166.058866
s4,2127,180.909620
s4,2128,214.378340
s4,2129,265.681445
s4,2130,210.336090
s4,2131,329.299259
s4,2132,362.341041
s4,2133,372.373453
s4,2134,444.749267
s4,2135,500.772123
s4,2136,490.834447
s4,2137,499.665084
s4,2138,538.208631
s4,2139,476.223193
s4,2140,514.447151
s4,2141,458.981237
s4,2142,421.145653
s4,2143,383.200584
s4,2144,360.965175
s4,2145,250.986462
s4,2146,276.730199
s4,2147,176.774967
s4,2148,198.742104
s4,2149,196.929442
s4,2150,183.261645
s4,2151,153.819387
s4,2152,174.748749
s4,2153,212.297564
s4,2154,289.322427
s4,2155,342.012726
s4,2156,401.757417
s4,2157,375.371756
s4,2158,478.596174
s4,2159,535.728976
s4,2160,530.066535
s4,2161,536.905308
s4,2162,566.368201
s4,2163,582.259862
s4,2164,558.033384
s4,2165,529.684962
s4,2166,397.131592
s4,2167,448.835644
s4,2168,346.675614
s4,2169,345.727935
s4,2170,260.779067
s4,2171,265.689301
s4,2172,214.736049
s4,2173,216.805934
s4,2174,296.391354
s4,2175,205.413676
s4,2176,306.168141
s4,2177,310.588735
s4,2178,313.199239
s4,2179,442.686570
s4,2180,447.216632
s4,2181,473.547582
s4,2182,545.696047
s4,2183,541.276915
s4,2184,650.456066
s4,2185,556.771414
s4,2186,592.263512
s4,2187,532.003583
s4,2188,588.657992
s4,2189,578.874618
s4,2190,546.280281
s4,2191,526.922596
s4,2192,432.102793
s4,2193,376.802784
s4,2194,388.437490
s4,2195,308.410395
s4,2196,321.844466
s4,2197,286.521435
s4,2198,281.670225
s4,2199,320.051610
s4,2200,386.127531
s4,2201,414.166903
s4,2202,430.025001
s4,2203,382.083500
s4,2204,519.397573
s4,2205,577.675856
s4,2206,624.022538
s4,2207,614.307664
s4,2208,696.879815
s4,2209,686.491263
s4,2210,611.309459
s4,2211,690.911354
s4,2212,699.579345
s4,2213,621.918935
s4,2214,547.906590
s4,2215,594.606832
s4,2216,523.188134
s4,2217,384.239802
s4,2218,445.353473
s4,2219,392.838235
s4,2220,367.834659
s4,2221,287.711383
s4,2222,291.912376
s4,2223,368.146270
s4,2224,451.503168
s4,2225,424.194985
s4,2226,460.863415
s4,2227,480.142849
s4,2228,532.349937
s4,2229,623.887176
s4,2230,599.987962
s4,2231,721.135135
s4,2232,693.906353
s4,2233,698.019698
s4,2234,680.687111
s4,2235,646.392951
s4,2236,637.780676
s4,2237,562.528787
s4,2238,573.556247
s4,2239,460.595030
s4,2240,554.353374
s4,2241,431.444946
s4,2242,340.613896
s4,2243,368.501958
s4,2244,339.851712
s4,2245,303.865368
s4,2246,330.239036
s4,2247,304.085799
s4,2248,348.062207
s4,2249,376.316812
s4,2250,436.233954
s4,2251,441.603711
s4,2252,512.761112
s4,2253,446.708789
s4,2254,616.084778
s4,2255,613.840239
s4,2256,645.232214
s4,2257,625.923149
s4,2258,660.749379
s4,2259,613.684041
s4,2260,595.788737
s4,2261,555.995374
s4,2262,492.359441
s4,2263,432.881174
s4,2264,434.376938
s4,2265,391.431563
s4,2266,326.506054
s4,2267,337.045963
s4,2268,273.976137
s4,2269,272.411142
s4,2270,291.158818
s4,2271,287.452475
s4,2272,276.922041
s4,2273,275.195839
s4,2274,322.706328
s4,2275,353.405137
s4,2276,458.513513
s4,2277,349.317763
s4,2278,575.914696
s4,2279,504.589514
s4,2280,590.879282
s4,2281,572.136640
s4,2282,576.458417
s4,2283,498.075677
s4,2284,552.203107
s4,2285,478.386531
s4,2286,461.103788
s4,2287,361.351761
s4,2288,345.003755
s4,2289,276.480890
s4,2290,270.829294
s4,2291,250.333828
s4,2292,195.439847
s4,2293,205.707912
s4,2294,207.253192
s4,2295,198.319036
s4,2296,212.816814
s4,2297,186.812733
s4,2298,327.409974
s4,2299,339.319602
s4,2300,368.714440
s4,2301,426.524903
s4,2302,438.897864
s4,2303,476.312907
s4,2304,524.899941
s4,2305,466.124812
s4,2306,505.865170
s4,2307,511.718086
s4,2308,426.236840
s4,2309,410.005235
s4,2310,450.668240
s4,2311,439.118810
s4,2312,329.901933
s4,2313,299.685224
s4,2314,209.390745
s4,2315,254.576109
s4,2316,185.633424
s4,2317,180.863995
s4,2318,193.478002
s4,2319,173.761692
s4,2320,193.747385
s4,2321,250.474304
s4,2322,255.940454
s4,2323,317.326422
s4,2324,295.385657
s4,2325,393.964814
s4,2326,484.427038
s4,2327,539.388042
s4,2328,545.866169
s4,2329,509.195069
s4,2330,541.556752
s4,2331,496.115922
s4,2332,470.951054
s4,2333,511.030310
s4,2334,427.543495
s4,2335,388.028272
s4,2336,363.269332
s4,2337,348.225631
s4,2338,285.093591
s4,2339,244.406499
s4,2340,245.558842
s4,2341,223.745929
s4,2342,220.033750
s4,2343,171.006326
s4,2344,243.152976
s4,2345,304.322690
s4,2346,316.696009
s4,2347,461.778691
s4,2348,525.216751
s4,2349,551.840826
s4,2350,505.000590
s4,2351,586.935102
s4,2352,609.416728
s4,2353,621.266018
s4,2354,557.474145
s4,2355,634.007868
s4,2356,640.180323
s4,2357,581.032315
s4,2358,589.283903
s4,2359,466.489603
s4,2360,458.422590
s4,2361,439.043134
s4,2362,328.185465
s4,2363,327.449689
s4,2364,287.487792
s4,2365,335.231867
s4,2366,270.572056
s4,2367,335.100341
s4,2368,332.569050
s4,2369,416.277791
s4,2370,410.295182
s4,2371,468.705996
s4,2372,530.005531
s4,2373,541.265225
s4,2374,592.772430
s4,2375,632.501616
s4,2376,647.284155
s4,2377,685.673795
s4,2378,651.525730
s4,2379,669.309993
s4,2380,633.987308
s4,2381,591.395950
s4,2382,537.073476
s4,2383,467.874699
s4,2384,463.680512
s4,2385,463.692542
s4,2386,395.629025
s4,2387,427.726287
s4,2388,322.300988
s4,2389,332.086741
s4,2390,292.617302
s4,2391,397.590995
s4,2392,336.933534
s4,2393,430.052985
s4,2394,464.237645
s4,2395,586.233107
s4,2396,588.094826
s4,2397,612.647368
s4,2398,628.844992
s4,2399,718.408610
s4,2400,663.626382
s4,2401,643.964486
s4,2402,713.836984
s4,2403,668.456001
s4,2404,622.372319
s4,2405,623.995555
s4,2406,588.910813
s4,2407,473.934242
s4,2408,512.956040
s4,2409,502.689119
s4,2410,381.749073
s4,2411,311.052460
s4,2412,347.416141
s4,2413,321.637501
s4,2414,351.119554
s4,2415,366.446261
s4,2416,351.971926
s4,2417,438.026679
s4,2418,357.753024
s4,2419,440.495279
s4,2420,513.027340
s4,2421,560.830825
s4,2422,579.910205
s4,2423,626.804433
s4,2424,586.133734
s4,2425,559.335043
s4,2426,662.248712
s4,2427,664.181019
s4,2428,592.395737
s4,2429,517.002536
s4,2430,490.313961
s4,2431,488.108101
s4,2432,426.641228
s4,2433,417.967912
s4,2434,387.762539
s4,2435,339.382082
s4,2436,264.583600
s4,2437,294.275342
s4,2438,273.556636
s4,2439,272.842673
s4,2440,291.839620
s4,2441,311.892438
s4,2442,316.423922
s4,2443,404.178064
s4,2444,407.056976
s4,2445,471.700268
s4,2446,536.003649
s4,2447,563.351280
s4,2448,492.214389
s4,2449,539.897443
s4,2450,521.724063
s4,2451,553.012170
s4,2452,492.287240
s4,2453,514.302636
s4,2454,424.704223
s4,2455,409.786391
s4,2456,313.191916
s4,2457,275.585107
s4,2458,250.555843
s4,2459,241.576295
s4,2460,132.604899
s4,2461,192.768859
s4,2462,139.552496
s4,2463,205.678771
s4,2464,160.169888
s4,2465,237.436618
s4,2466,330.927741
s4,2467,381.827005
s4,2468,341.386468
s4,2469,475.847121
s4,2470,440.696080
s4,2471,486.558889
s4,2472,523.430741
s4,2473,519.708851
s4,2474,526.644940
s4,2475,507.854713
s4,2476,507.143683
s4,2477,452.369953
s4,2478,390.383306
s4,2479,327.226603
s4,2480,281.008994
s4,2481,270.695202
s4,2482,259.727576
s4,2483,215.622369
s4,2484,173.325597
s4,2485,188.405411
s4,2486,156.298410
s4,2487,193.181820
s4,2488,229.075095
s4,2489,234.582506
s4,2490,333.439045
s4,2491,371.321550
s4,2492,369.893948
s4,2493,445.861075
s4,2494,471.493856
s4,2495,509.049710
s4,2496,532.581852
s4,2497,579.224573
s4,2498,547.030235
s4,2499,536.034097
s4,2500,536.689641
s4,2501,505.496695
s4,2502,496.608757
s4,2503,369.960317
s4,2504,377.972843
s4,2505,252.968593
s4,2506,280.472183
s4,2507,207.844186
s4,2508,188.041831
s4,2509,220.630315
s4,2510,192.541086
s4,2511,234.490011
s4,2512,178.975122
s4,2513,352.617324
s4,2514,258.498220
s4,2515,373.106861
s4,2516,501.059709
s4,2517,444.127742
s4,2518,589.470498
s4,2519,603.692230
s4,2520,588.575571
s4,2521,593.033627
s4,2522,597.877888
s4,2523,607.571695
s4,2524,611.089462
s4,2525,593.625747
s4,2526,441.297585
s4,2527,501.493603
s4,2528,451.108570
s4,2529,348.564098
s4,2530,384.864333
s4,2531,357.997816
s4,2532,338.769087
s4,2533,297.809060
s4,2534,330.598250
s4,2535,360.355282
s4,2536,323.095141
s4,2537,363.542839
s4,2538,402.557862
s4,2539,508.533748
s4,2540,516.695306
s4,2541,536.763210
s4,2542,567.366572
s4,2543,592.188550
s4,2544,666.593414
s4,2545,700.115487
s4,2546,715.558119
s4,2547,627.817200
s4,2548,607.152030
s4,2549,576.627817
s4,2550,541.607674
s4,2551,477.169856
s4,2552,536.205484
s4,2553,457.874764
s4,2554,387.362670
s4,2555,287.671244
s4,2556,399.296855
s4,2557,369.236753
s4,2558,348.698570
s4,2559,381.626805
s4,2560,357.895713
s4,2561,435.512632
s4,2562,434.663120
s4,2563,512.258828
s4,2564,536.408148
s4,2565,540.088346
s4,2566,586.092199
s4,2567,689.522746
s4,2568,707.780584
s4,2569,677.660546
s4,2570,658.110864
s4,2571,652.953773
s4,2572,656.712542
s4,2573,563.444876
s4,2574,601.993037
s4,2575,496.449389
s4,2576,439.337215
s4,2577,431.643298
s4,2578,457.322320
s4,2579,335.718245
s4,2580,323.077772
s4,2581,283.621821
s4,2582,330.480772
s4,2583,341.612574
s4,2584,352.989308
s4,2585,370.247716
s4,2586,432.889726
s4,2587,488.743660
s4,2588,488.655561
s4,2589,535.855116
s4,2590,558.180473
s4,2591,589.224575
s4,2592,667.446157
s4,2593,600.462041
s4,2594,636.475146
s4,2595,649.970806
s4,2596,571.152147
s4,2597,572.260414
s4,2598,535.051890
s4,2599,413.709866
s4,2600,447.939967
s4,2601,334.070684
s4,2602,330.904053
s4,2603,240.443106
s4,2604,212.435446
s4,2605,244.916215
s4,2606,306.136501
s4,2607,347.731409
s4,2608,374.448269
s4,2609,356.871586
s4,2610,387.499639
s4,2611,414.057428
s4,2612,452.704806
s4,2613,457.930650
s4,2614,490.307314
s4,2615,548.429706
s4,2616,568.682508
s4,2617,539.503249
s4,2618,516.215613
s4,2619,516.478716
s4,2620,629.569353
s4,2621,456.376936
s4,2622,487.760855
s4,2623,433.951945
s4,2624,381.687599
s4,2625,278.533030
s4,2626,327.792408
s4,2627,235.599653
s4,2628,181.408831
s4,2629,164.745112
s4,2630,183.500078
s4,2631,271.548787
s4,2632,176.560991
s4,2633,228.653719
s4,2634,290.089629
s4,2635,348.845174
s4,2636,339.266395
s4,2637,383.731418
s4,2638,436.111948
s4,2639,508.217947
s4,2640,500.303076
s4,2641,508.305978
s4,2642,521.287534
s4,2643,505.314465
s4,2644,510.224379
s4,2645,420.154795
s4,2646,405.764282
s4,2647,339.952391
s4,2648,342.087272
s4,2649,302.611014
s4,2650,228.039482
s4,2651,246.275014
s4,2652,178.355811
s4,2653,222.861934
s4,2654,163.695453
s4,2655,175.474398
s4,2656,164.120143
s4,2657,214.040047
s4,2658,276.241940
s4,2659,262.111098
s4,2660,380.341919
s4,2661,455.175456
s4,2662,484.602507
s4,2663,505.804753
s4,2664,545.728365
s4,2665,516.044093
s4,2666,520.266926
s4,2667,554.897794
s4,2668,500.582267
s4,2669,509.105651
s4,2670,421.870689
s4,2671,420.353428
s4,2672,397.284532
s4,2673,311.382700
s4,2674,336.806955
s4,2675,303.851574
s4,2676,148.572705
s4,2677,314.797295
s4,2678,172.440723
s4,2679,327.944220
s4,2680,239.174726
s4,2681,232.875916
s4,2682,301.457833
s4,2683,410.627564
s4,2684,408.019597
s4,2685,469.758536
s4,2686,572.582544
s4,2687,530.597461
s4,2688,607.086089
s4,2689,647.771560
s4,2690,542.534124
s4,2691,556.532033
s4,2692,584.217436
s4,2693,547.244045
s4,2694,521.042910
s4,2695,401.606013
s4,2696,399.635985
s4,2697,402.294592
s4,2698,373.592004
s4,2699,368.920864
s4,2700,293.303170
s4,2701,273.761190
s4,2702,268.926253
s4,2703,285.901955
s4,2704,273.358305
s4,2705,437.259735
s4,2706,405.481059
s4,2707,442.518071
s4,2708,492.233042
s4,2709,578.765757
s4,2710,603.678014
s4,2711,606.370387
s4,2712,691.578106
s4,2713,678.663419
s4,2714,663.726355
s4,2715,659.229765
s4,2716,678.387238
s4,2717,630.831584
s4,2718,565.339021
s4,2719,562.072028
s4,2720,407.929345
s4,2721,465.139727
s4,2722,373.853178
s4,2723,351.099905
s4,2724,343.590322
s4,2725,406.525951
s4,2726,337.748454
s4,2727,351.463002
s4,2728,400.655910
s4,2729,343.419194
s4,2730,444.261862
s4,2731,519.532630
s4,2732,506.341793
s4,2733,603.658844
s4,2734,595.467485
s4,2735,600.333148
s4,2736,703.748643
s4,2737,686.057544
s4,2738,707.696644
s4,2739,674.017144
s4,2740,606.599217
s4,2741,645.096223
s4,2742,584.034175
s4,2743,538.737301
s4,2744,464.737733
s4,2745,395.452274
s4,2746,442.906554
s4,2747,387.861598
s4,2748,343.656792
s4,2749,304.231889
s4,2750,369.703502
s4,2751,304.887080
s4,2752,328.714215
s4,2753,458.760161
s4,2754,443.194569
s4,2755,495.087973
s4,2756,530.604995
s4,2757,619.184567
s4,2758,596.228773
s4,2759,627.873392
s4,2760,599.410264
s4,2761,638.716931
s4,2762,580.641689
s4,2763,604.487769
s4,2764,590.489746
s4,2765,580.268804
s4,2766,559.508444
s4,2767,442.510795
s4,2768,380.936571
s4,2769,380.726927
s4,2770,299.664212
s4,2771,353.677308
s4,2772,313.903488
s4,2773,222.873442
s4,2774,262.035470
s4,2775,307.838718
s4,2776,252.390978
s4,2777,296.407593
s4,2778,346.808572
s4,2779,436.878746
s4,2780,448.060807
s4,2781,463.625255
s4,2782,518.471940
s4,2783,536.694269
s4,2784,560.066447
s4,2785,578.195413
s4,2786,566.014198
s4,2787,564.812467
s4,2788,516.627219
s4,2789,471.434476
s4,2790,428.525495
s4,2791,337.869406
s4,2792,328.463020
s4,2793,360.985873
s4,2794,256.794547
s4,2795,243.015780
s4,2796,230.991280
s4,2797,172.124768
s4,2798,176.168242
s4,2799,216.279140
s4,2800,188.388119
s4,2801,281.868352
s4,2802,312.246071
s4,2803,339.432160
s4,2804,383.742574
s4,2805,442.221410
s4,2806,458.283084
s4,2807,399.680630
s4,2808,523.328376
s4,2809,483.843156
s4,2810,497.515343
s4,2811,487.033719
s4,2812,463.588006
s4,2813,388.008108
s4,2814,340.777580
s4,2815,359.724099
s4,2816,319.237532
s4,2817,289.389726
s4,2818,193.583853
s4,2819,196.198836
s4,2820,212.741976
s4,2821,163.312119
s4,2822,157.833887
s4,2823,261.085803
s4,2824,159.256944
s4,2825,222.426066
s4,2826,253.187663
s4,2827,318.791338
s4,2828,490.895531
s4,2829,391.818638
s4,2830,458.245576
s4,2831,482.267905
s4,2832,497.956855
s4,2833,565.540724
s4,2834,522.860762
s4,2835,565.098566
s4,2836,556.078591
s4,2837,460.805992
s4,2838,488.918705
s4,2839,358.827909
s4,2840,368.754084
s4,2841,352.583349
s4,2842,246.466017
s4,2843,251.367697
s4,2844,251.292808
s4,2845,247.059910
s4,2846,243.081667
s4,2847,315.288781
s4,2848,268.386020
s4,2849,350.318400
s4,2850,424.571686
s4,2851,377.292135
s4,2852,432.235135
s4,2853,457.482605
s4,2854,559.202675
s4,2855,617.861520
s4,2856,533.985386
s4,2857,576.065154
s4,2858,589.109696
s4,2859,677.355934
s4,2860,568.014962
s4,2861,564.626804
s4,2862,473.785918
s4,2863,504.793755
s4,2864,396.747059
s4,2865,390.420405
s4,2866,321.769645
s4,2867,326.026878
s4,2868,305.456027
s4,2869,310.398058
s4,2870,313.735950
s4,2871,384.059203
s4,2872,322.735371
s4,2873,428.850834
s4,2874,436.056731
s4,2875,465.336017
s4,2876,529.363030
s4,2877,573.097657
s4,2878,634.201411
s4,2879,666.282542
s4,2880,683.140793
s4,2881,683.761302
s4,2882,621.215989
s4,2883,694.233170
s4,2884,681.452411
s4,2885,625.213283
s4,2886,584.811249
s4,2887,503.094149
s4,2888,497.789102
s4,2889,475.830337
s4,2890,363.761394
s4,2891,362.386854
s4,2892,339.296083
s4,2893,389.800455
s4,2894,333.241992
s4,2895,299.533843
s4,2896,390.084082
s4,2897,462.877490
s4,2898,451.468385
s4,2899,485.655067
s4,2900,552.712068
s4,2901,646.084104
s4,2902,617.423196
s4,2903,647.850629
s4,2904,692.012020
s4,2905,661.127691
s4,2906,627.827544
s4,2907,677.271202
s4,2908,635.366294
s4,2909,626.269443
s4,2910,577.807149
s4,2911,546.059484
s4,2912,444.487382
s4,2913,447.652086
s4,2914,365.162162
s4,2915,375.337593
s4,2916,324.936337
s4,2917,384.311000
s4,2918,295.368830
s4,2919,258.545242
s4,2920,361.266854
s4,2921,371.224012
s4,2922,392.346804
s4,2923,472.204446
s4,2924,563.340396
s4,2925,542.008429
s4,2926,559.295786
s4,2927,659.765516
s4,2928,668.489162
s4,2929,638.231337
s4,2930,615.010202
s4,2931,642.257307
s4,2932,567.652716
s4,2933,534.220667
s4,2934,485.094963
s4,2935,484.249013
s4,2936,469.068608
s4,2937,373.330834
s4,2938,389.906964
s4,2939,228.205451
s4,2940,269.193128
s4,2941,197.952532
s4,2942,284.195193
s4,2943,306.816064
s4,2944,222.352209
s4,2945,286.178619
s4,2946,350.292098
s4,2947,337.996319
s4,2948,400.446133
s4,2949,435.852756
s4,2950,507.547140
s4,2951,507.236280
s4,2952,512.296063
s4,2953,531.592801
s4,2954,550.816097
s4,2955,541.576209
s4,2956,506.225422
s4,2957,518.542598
s4,2958,423.005674
s4,2959,392.626930
s4,2960,362.244076
s4,2961,284.669891
s4,2962,301.118761
s4,2963,248.646969
s4,2964,225.860976
s4,2965,156.793457
s4,2966,181.184241
s4,2967,215.890715
s4,2968,254.181169
s4,2969,228.507274
s4,2970,270.347410
s4,2971,285.608245
s4,2972,323.348057
s4,2973,453.059587
s4,2974,453.550531
s4,2975,502.791087
s4,2976,541.865187
s4,2977,514.674974
s4,2978,517.993047
s4,2979,466.371955
s4,2980,457.449214
s4,2981,459.584169
s4,2982,452.686958
s4,2983,396.646176
s4,2984,294.317087
s4,2985,248.946565
s4,2986,260.356881
s4,2987,222.559711
s4,2988,203.715906
s4,2989,184.444308
s4,2990,220.573919
s4,2991,200.764641
s4,2992,264.685039
s4,2993,268.183187
s4,2994,291.598141
s4,2995,298.697342
s4,2996,393.591924
s4,2997,457.803832
s4,2998,474.055998
s4,2999,468.527073
s4,3000,462.486816
s4,3001,528.002344
s4,3002,597.704855
s4,3003,490.751103
s4,3004,491.577630
s4,3005,482.780915
s4,3006,472.530103
s4,3007,366.290086
s4,3008,358.120950
s4,3009,326.052369
s4,3010,241.273745
s4,3011,265.782989
s4,3012,199.058326
s4,3013,231.290782
s4,3014,250.537223
s4,3015,248.156596
s4,3016,230.101992
s4,3017,330.410803
s4,3018,373.931529
s4,3019,401.797996
s4,3020,472.253914
s4,3021,475.965946
s4,3022,505.253543
s4,3023,561.226850
s4,3024,608.214996
s4,3025,635.843176
s4,3026,585.075377
s4,3027,605.970861
s4,3028,584.165783
s4,3029,532.948955
s4,3030,445.573407
s4,3031,415.208182
s4,3032,461.534473
s4,3033,339.325149
s4,3034,294.360244
s4,3035,277.720506
s4,3036,295.760574
s4,3037,342.109262
s4,3038,315.445691
s4,3039,302.344012
s4,3040,333.839579
s4,3041,394.014595
s4,3042,423.112798
s4,3043,409.022135
s4,3044,555.742898
s4,3045,591.290491
s4,3046,565.833727
s4,3047,626.825785
s4,3048,673.061875
s4,3049,680.607685
s4,3050,661.103532
s4,3051,663.913990
s4,3052,700.422613
s4,3053,599.010318
s4,3054,604.036565
s4,3055,537.474568
s4,3056,446.942385
s4,3057,464.875610
s4,3058,418.000087
s4,3059,414.966334
s4,3060,408.761426
s4,3061,380.709349
s4,3062,357.829665
s4,3063,378.126204
s4,3064,412.077302
s4,3065,389.895278
s4,3066,422.746906
s4,3067,525.713407
s4,3068,507.269216
s4,3069,578.170463
s4,3070,685.115673
s4,3071,686.484920
s4,3072,718.492494
s4,3073,685.645003
s4,3074,723.441586
s4,3075,643.389787
s4,3076,619.859070
s4,3077,607.145675
s4,3078,548.554549
s4,3079,569.921247
s4,3080,474.619198
s4,3081,396.089020
s4,3082,424.613169
s4,3083,385.728065
s4,3084,377.712476
s4,3085,285.717331
s4,3086,295.566756
s4,3087,258.977536
s4,3088,367.780843
s4,3089,382.522983
s4,3090,403.000216
s4,3091,508.007936
s4,3092,479.961224
s4,3093,528.841581
s4,3094,551.798595
s4,3095,575.136239
s4,3096,626.263414
s4,3097,629.155941
s4,3098,619.356037
s4,3099,578.250978
s4,3100,543.938131
s4,3101,532.824941
s4,3102,508.124033
s4,3103,434.127812
s4,3104,400.658958
s4,3105,356.703614
s4,3106,295.422053
s4,3107,242.171946
s4,3108,262.522214
s4,3109,306.899108
s4,3110,267.811066
s4,3111,257.310278
s4,3112,258.144697
s4,3113,289.654241
s4,3114,383.186997
s4,3115,350.084579
s4,3116,490.362927
s4,3117,473.000560
s4,3118,517.451244
s4,3119,523.840368
s4,3120,586.787338
s4,3121,593.989228
s4,3122,534.416667
s4,3123,605.191807
s4,3124,524.319045
s4,3125,432.906367
s4,3126,457.527130
s4,3127,405.754629
s4,3128,353.792884
s4,3129,331.175579
s4,3130,298.032948
s4,3131,188.379222
s4,3132,197.573333
s4,3133,186.975394
s4,3134,192.337070
s4,3135,141.591843
s4,3136,231.849113
s4,3137,256.404381
s4,3138,356.896629
s4,3139,306.107303
s4,3140,362.038756
s4,3141,435.597436
s4,3142,457.610760
s4,3143,517.653915
s4,3144,549.791891
s4,3145,489.284807
s4,3146,521.158972
s4,3147,526.388597
s4,3148,455.576145
s4,3149,523.308904
s4,3150,418.803428
s4,3151,370.564498
s4,3152,269.037141
s4,3153,254.353423
s4,3154,171.972325
s4,3155,231.092522
s4,3156,160.525648
s4,3157,179.678761
s4,3158,191.689657
s4,3159,199.103132
s4,3160,203.074651
s4,3161,275.567887
s4,3162,253.452432
s4,3163,272.980594
s4,3164,332.740330
s4,3165,452.574340
s4,3166,514.788180
s4,3167,477.403250
s4,3168,505.066235
s4,3169,549.682035
s4,3170,491.906822
s4,3171,509.586179
s4,3172,456.741147
s4,3173,476.891511
s4,3174,339.022818
s4,3175,345.133930
s4,3176,294.826533
s4,3177,310.724325
s4,3178,293.718370
s4,3179,247.771333
s4,3180,299.972996
s4,3181,223.778657
s4,3182,193.895081
s4,3183,226.335508
s4,3184,291.021749
s4,3185,319.587824
s4,3186,419.766714
s4,3187,400.529025
s4,3188,410.076171
s4,3189,451.144589
s4,3190,557.133858
s4,3191,469.646779
s4,3192,602.431412
s4,3193,631.708941
s4,3194,590.151476
s4,3195,604.208546
s4,3196,620.239334
s4,3197,597.129749
s4,3198,557.339092
s4,3199,503.316396
s4,3200,422.559186
s4,3201,347.542261
s4,3202,280.614673
s4,3203,384.935125
s4,3204,341.086416
s4,3205,254.408684
s4,3206,339.031904
s4,3207,302.430484
s4,3208,325.432212
s4,3209,337.004756
s4,3210,490.876664
s4,3211,419.641368
s4,3212,475.255845
s4,3213,583.256764
s4,3214,628.497771
s4,3215,651.334368
s4,3216,622.009292
s4,3217,662.969818
s4,3218,641.210167
s4,3219,643.042001
s4,3220,700.325020
s4,3221,617.095016
s4,3222,596.690387
s4,3223,496.366414
s4,3224,465.063980
s4,3225,456.962550
s4,3226,445.500022
s4,3227,368.648927
s4,3228,404.535543
s4,3229,425.515922
s4,3230,283.378173
s4,3231,358.132371
s4,3232,404.156457
s4,3233,406.721751
s4,3234,511.054710
s4,3235,501.489348
s4,3236,553.867847
s4,3237,530.269147
s4,3238,657.152799
s4,3239,642.382399
s4,3240,689.510709
s4,3241,675.277870
s4,3242,658.582687
s4,3243,662.851201
s4,3244,600.547005
s4,3245,601.866015
s4,3246,607.573532
s4,3247,556.903797
s4,3248,444.579498
s4,3249,461.554178
s4,3250,379.422330
s4,3251,337.488676
s4,3252,356.368314
s4,3253,347.894716
s4,3254,300.563477
s4,3255,364.607314
s4,3256,353.176059
s4,3257,457.590583
s4,3258,369.574881
s4,3259,453.736772
s4,3260,494.457004
s4,3261,515.576859
s4,3262,533.782977
s4,3263,651.046224
s4,3264,637.487809
s4,3265,587.965515
s4,3266,612.458607
s4,3267,602.642896
s4,3268,600.621963
s4,3269,519.938950
s4,3270,562.151579
s4,3271,465.234180
s4,3272,465.638788
s4,3273,389.044633
s4,3274,319.608367
s4,3275,288.538098
s4,3276,283.270563
s4,3277,261.413989
s4,3278,262.722377
s4,3279,289.547064
s4,3280,325.646887
s4,3281,277.812688
s4,3282,292.889228
s4,3283,358.031481
s4,3284,473.525504
s4,3285,465.136562
s4,3286,485.286274
s4,3287,547.128697
s5,0,1239.158919
s5,1,1201.480135
s5,2,1257.654210
s5,3,1260.813531
s5,4,1248.304499
s5,5,1092.219574
s5,6,954.855848
s5,7,847.594834
s5,8,876.198094
s5,9,867.709543
s5,10,708.765739
s5,11,559.991817
s5,12,567.311267
s5,13,769.324348
s5,14,702.310225
s5,15,617.975510
s5,16,818.743996
s5,17,830.943660
s5,18,971.076113
s5,19,1083.675960
s5,20,1164.077422
s5,21,1344.035469
s5,22,1367.373504
s5,23,1376.248781
s5,24,1474.294231
s5,25,1503.906068
s5,26,1293.606839
s5,27,1346.940918
s5,28,1224.217546
s5,29,1200.843732
s5,30,1026.102262
s5,31,1029.532400
s5,32,935.882608
s5,33,837.623869
s5,34,720.268278
s5,35,727.254095
s5,36,657.881419
s5,37,645.525136
s5,38,794.694950
s5,39,749.944067
s5,40,992.428659
s5,41,1045.831765
s5,42,939.345981
s5,43,1204.555404
s5,44,1194.093603
s5,45,1358.605774
s5,46,1422.787788
s5,47,1314.050625
s5,48,1462.388052
s5,49,1453.232898
s5,50,1511.082653
s5,51,1296.305353
s5,52,1363.904129
s5,53,1138.111702
s5,54,1097.258031
s5,55,959.553526
s5,56,1034.246874
s5,57,884.385316
s5,58,954.674004
s5,59,774.396789
s5,60,765.832192
s5,61,766.904893
s5,62,685.462052
s5,63,773.917534
s5,64,946.942211
s5,65,898.736350
s5,66,1031.831735
s5,67,1107.486516
s5,68,1240.600376
s5,69,1243.333491
s5,70,1317.474152
s5,71,1384.050731
s5,72,1386.922148
s5,73,1302.899840
s5,74,1396.580453
s5,75,1173.689796
s5,76,1101.787749
s5,77,1002.363642
s5,78,1067.711038
s5,79,865.559891
s5,80,721.424172
s5,81,621.401522
s5,82,665.828074
s5,83,505.944111
s5,84,463.449415
s5,85,602.399773
s5,86,491.662640
s5,87,603.100541
s5,88,692.197860
s5,89,739.490333
s5,90,856.719788
s5,91,1050.183234
s5,92,997.655997
s5,93,1016.810865
s5,94,1031.720389
s5,95,1189.843002
s5,96,1191.997782
s5,97,1225.824366
s5,98,1134.915139
s5,99,1074.476012
s5,100,978.106987
s5,101,900.704228
s5,102,850.724379
s5,103,708.470560
s5,104,647.042950
s5,105,694.889418
s5,106,520.158834
s5,107,319.563416
s5,108,541.504533
s5,109,440.189303
s5,110,371.094417
s5,111,557.990818
s5,112,560.893573
s5,113,597.242892
s5,114,687.726238
s5,115,754.862084
s5,116,921.512901
s5,117,1075.786015
s5,118,1034.402421
s5,119,1131.210878
s5,120,1257.001758
s5,121,1020.263164
s5,122,1097.759395
s5,123,1001.547458
s5,124,872.453307
s5,125,787.836478
s5,126,767.785696
s5,127,704.510943
s5,128,541.243739
s5,129,504.524104
s5,130,490.723224
s5,131,416.937579
s5,132,441.424417
s5,133,418.672020
s5,134,453.238202
s5,135,608.245284
s5,136,593.822519
s5,137,646.523384
s5,138,787.498321
s5,139,766.404807
s5,140,904.899511
s5,141,1073.357684
s5,142,1129.400808
s5,143,1244.900669
s5,144,1154.334867
s5,145,1043.563919
s5,146,1270.736334
s5,147,1158.681453
s5,148,931.352939
s5,149,1030.625298
s5,150,841.231483
s5,151,612.860664
s5,152,630.061116
s5,153,548.407984
s5,154,645.991171
s5,155,431.762046
s5,156,458.529444
s5,157,468.944370
s5,158,498.436213
s5,159,518.629389
s5,160,681.917014
s5,161,838.996449
s5,162,907.077062
s5,163,895.413797
s5,164,977.705384
s5,165,1159.702525
s5,166,1169.608467
s5,167,1225.553719
s5,168,1173.971468
s5,169,1444.688294
s5,170,1344.171998
s5,171,1157.261349
s5,172,1231.384143
s5,173,1183.772552
s5,174,818.437248
s5,175,865.109262
s5,176,791.779179
s5,177,794.444583
s5,178,679.487770
s5,179,634.472409
s5,180,634.142260
s5,181,788.136270
s5,182,847.654934
s5,183,707.636777
s5,184,756.171828
s5,185,1117.294721
s5,186,945.049310
s5,187,1077.333976
s5,188,1219.768681
s5,189,1338.827070
s5,190,1448.480369
s5,191,1449.059230
s5,192,1379.084409
s5,193,1479.883211
s5,194,1434.186897
s5,195,1505.397269
s5,196,1295.939196
s5,197,1114.412322
s5,198,1044.252644
s5,199,1135.692047
s5,200,898.583137
s5,201,703.936585
s5,202,754.967073
s5,203,756.678458
s5,204,827.218431
s5,205,670.830381
s5,206,827.512661
s5,207,891.393631
s5,208,853.575758
s5,209,978.682653
s5,210,1219.123647
s5,211,1312.118164
s5,212,1339.448755
s5,213,1380.802902
s5,214,1504.084484
s5,215,1451.274743
s5,216,1472.661148
s5,217,1408.334244
s5,218,1440.052445
s5,219,1377.954999
s5,220,1515.078061
s5,221,1205.405798
s5,222,1216.239322
s5,223,1120.038906
s5,224,912.807315
s5,225,929.032506
s5,226,612.418382
s5,227,733.774406
s5,228,766.743330
s5,229,526.392751
s5,230,644.425976
s5,231,857.547978
s5,232,827.568000
s5,233,846.628171
s5,234,990.065219
s5,235,1068.767136
s5,236,1249.158041
s5,237,1304.141618
s5,238,1307.978096
s5,239,1316.638217
s5,240,1375.269992
s5,241,1465.550669
s5,242,1355.975320
s5,243,1317.573613
s5,244,1179.798669
s5,245,1001.671158
s5,246,943.107340
s5,247,940.704982
s5,248,801.203985
s5,249,638.644581
s5,250,514.400764
s5,251,592.502135
s5,252,532.705426
s5,253,530.769045
s5,254,556.069903
s5,255,648.130879
s5,256,714.567293
s5,257,844.016234
s5,258,929.686719
s5,259,1049.687110
s5,260,1095.928252
s5,261,1085.409770
s5,262,1164.096776
s5,263,1241.753136
s5,264,1195.114311
s5,265,1246.941580
s5,266,1255.065753
s5,267,1050.517427
s5,268,900.197487
s5,269,1027.951695
s5,270,840.144022
s5,271,789.347278
s5,272,540.639375
s5,273,682.398372
s5,274,539.430840
s5,275,427.249440
s5,276,386.622688
s5,277,422.817545
s5,278,428.626498
s5,279,469.931405
s5,280,476.434808
s5,281,736.715431
s5,282,731.834791
s5,283,834.182561
s5,284,924.839770
s5,285,821.275889
s5,286,1097.690935
s5,287,1075.513367
s5,288,1096.226440
s5,289,1115.648075
s5,290,1006.413080
s5,291,1086.939157
s5,292,899.440728
s5,293,796.910906
s5,294,704.889980
s5,295,684.079730
s5,296,636.108107
s5,297,456.292888
s5,298,324.933444
s5,299,473.819652
s5,300,297.813377
s5,301,473.140861
s5,302,412.963949
s5,303,420.726286
s5,304,500.009561
s5,305,671.208842
s5,306,800.823616
s5,307,819.946718
s5,308,1000.303780
s5,309,1169.439119
s5,310,1067.085061
s5,311,1044.546796
s5,312,1075.251597
s5,313,1048.910467
s5,314,1078.618196
s5,315,1023.765538
s5,316,911.571164
s5,317,967.823531
s5,318,644.892884
s5,319,649.483156
s5,320,810.942402
s5,321,663.274776
s5,322,566.671506
s5,323,524.543898
s5,324,608.883838
s5,325,529.276888
s5,326,532.342080
s5,327,495.155121
s5,328,660.175535
s5,329,704.524893
s5,330,808.292695
s5,331,911.251654
s5,332,1059.781218
s5,333,1126.380791
s5,334,1286.776329
s5,335,1173.863812
s5,336,1286.128918
s5,337,1437.930579
s5,338,1278.987617
s5,339,1318.604652
s5,340,1248.365172
s5,341,1181.853587
s5,342,1050.715166
s5,343,803.357471
s5,344,800.734513
s5,345,718.055909
s5,346,573.482059
s5,347,617.135126
s5,348,545.639530
s5,349,526.805376
s5,350,702.905374
s5,351,743.375910
s5,352,773.878865
s5,353,846.735430
s5,354,977.612558
s5,355,1090.650631
s5,356,1186.743458
s5,357,1299.024221
s5,358,1339.712999
s5,359,1448.761779
s5,360,1482.703532
s5,361,1468.853857
s5,362,1366.381000
s5,363,1320.222000
s5,364,1329.348528
s5,365,1199.069713
s5,366,1118.656809
s5,367,842.926742
s5,368,738.171849
s5,369,885.264093
s5,370,822.567793
s5,371,860.161142
s5,372,792.486903
s5,373,762.637810
s5,374,779.216308
s5,375,726.372929
s5,376,971.105555
s5,377,947.788511
s5,378,1125.031899
s5,379,1199.201816
s5,380,1296.120453
s5,381,1422.445667
s5,382,1383.167327
s5,383,1432.964017
s5,384,1416.162362
s5,385,1444.219899
s5,386,1563.361067
s5,387,1357.063985
s5,388,1397.143431
s5,389,1281.071465
s5,390,1176.021908
s5,391,1081.607877
s5,392,851.330559
s5,393,869.920980
s5,394,892.044459
s5,395,675.051020
s5,396,699.580023
s5,397,653.290530
s5,398,754.055307
s5,399,699.020731
s5,400,966.198561
s5,401,900.200566
s5,402,903.244047
s5,403,1242.056527
s5,404,1267.432948
s5,405,1308.941066
s5,406,1368.342210
s5,407,1339.478152
s5,408,1362.687949
s5,409,1420.906999
s5,410,1398.202552
s5,411,1339.382903
s5,412,1206.774290
s5,413,1062.971927
s5,414,981.632988
s5,415,974.745514
s5,416,900.474723
s5,417,680.420921
s5,418,599.105410
s5,419,676.932099
s5,420,611.662939
s5,421,608.583493
s5,422,483.075631
s5,423,599.289292
s5,424,654.453648
s5,425,788.003479
s5,426,735.604173
s5,427,1045.205914
s5,428,1058.332774
s5,429,1142.627197
s5,430,1080.186398
s5,431,1203.087924
s5,432,1317.276663
s5,433,1089.563172
s5,434,1192.100452
s5,435,1161.919341
s5,436,980.288061
s5,437,999.811507
s5,438,814.312359
s5,439,828.046747
s5,440,678.759478
s5,441,570.359577
s5,442,633.769915
s5,443,498.393533
s5,444,509.949611
s5,445,326.018839
s5,446,392.988325
s5,447,552.756594
s5,448,626.838018
s5,449,638.792799
s5,450,792.680764
s5,451,750.040627
s5,452,933.819888
s5,453,911.206374
s5,454,1083.835167
s5,455,1063.852435
s5,456,1070.102163
s5,457,1114.646320
s5,458,1213.608828
s5,459,949.166214
s5,460,906.430145
s5,461,943.311980
s5,462,737.464497
s5,463,803.685051
s5,464,597.248743
s5,465,507.215585
s5,466,463.592244
s5,467,524.222769
s5,468,425.582959
s5,469,422.780125
s5,470,435.700578
s5,471,356.555842
s5,472,481.797297
s5,473,747.069332
s5,474,795.811185
s5,475,872.247034
s5,476,977.291031
s5,477,974.078636
s5,478,1107.654227
s5,479,1063.013042
s5,480,1182.621771
s5,481,1099.128763
s5,482,1110.243800
s5,483,1111.190352
s5,484,985.711494
s5,485,976.542118
s5,486,872.692950
s5,487,774.268158
s5,488,759.636847
s5,489,476.743275
s5,490,409.297586
s5,491,536.350818
s5,492,547.232913
s5,493,638.893452
s5,494,582.744515
s5,495,648.169751
s5,496,600.064120
s5,497,814.920871
s5,498,910.780032
s5,499,885.880637
s5,500,996.531538
s5,501,1142.621125
s5,502,1243.490227
s5,503,1053.657497
s5,504,1303.935962
s5,505,1316.978720
s5,506,1262.966063
s5,507,1249.404851
s5,508,1197.793593
s5,509,1008.942457
s5,510,1026.806230
s5,511,887.213443
s5,512,750.346088
s5,513,761.833621
s5,514,798.988977
s5,515,543.149391
s5,516,515.708332
s5,517,527.725175
s5,518,834.088965
s5,519,727.929261
s5,520,820.541920
s5,521,858.915750
s5,522,947.967707
s5,523,969.392294
s5,524,1229.707235
s5,525,1322.214903
s5,526,1225.270476
s5,527,1342.553228
s5,528,1388.610384
s5,529,1440.345431
s5,530,1433.757018
s5,531,1449.614578
s5,532,1398.385063
s5,533,1293.052402
s5,534,1221.490670
s5,535,941.371392
s5,536,897.516644
s5,537,945.156304
s5,538,819.530518
s5,539,758.067713
s5,540,591.959030
s5,541,608.092825
s5,542,832.280954
s5,543,857.697723
s5,544,883.529281
s5,545,961.944561
s5,546,959.524941
s5,547,1211.914088
s5,548,1352.734749
s5,549,1478.107286
s5,550,1423.196690
s5,551,1446.557448
s5,552,1398.328592
s5,553,1563.073959
s5,554,1566.399623
s5,555,1338.508670
s5,556,1330.686459
s5,557,1226.461031
s5,558,1079.245961
s5,559,836.497476
s5,560,899.475157
s5,561,887.298826
s5,562,666.892932
s5,563,664.424728
s5,564,459.223447
s5,565,799.867217
s5,566,767.665549
s5,567,782.495708
s5,568,826.568192
s5,569,880.858256
s5,570,1011.957879
s5,571,1086.017016
s5,572,1176.912340
s5,573,1267.922595
s5,574,1338.120894
s5,575,1481.085707
s5,576,1271.628382
s5,577,1386.592616
s5,578,1283.671476
s5,579,1185.497999
s5,580,1015.115899
s5,581,1142.679536
s5,582,922.347503
s5,583,835.922225
s5,584,827.691683
s5,585,624.561396
s5,586,635.744191
s5,587,577.978618
s5,588,616.727422
s5,589,631.114341
s5,590,515.416871
s5,591,694.418482
s5,592,684.772497
s5,593,780.940310
s5,594,844.212032
s5,595,1007.611779
s5,596,945.276131
s5,597,1128.906455
s5,598,1254.704209
s5,599,1183.240524
s5,600,1368.009020
s5,601,1150.742266
s5,602,1184.520038
s5,603,1073.438520
s5,604,984.981398
s5,605,855.698549
s5,606,797.974157
s5,607,732.095553
s5,608,579.198589
s5,609,618.485787
s5,610,596.741966
s5,611,322.325621
s5,612,474.020568
s5,613,427.582726
s5,614,458.336532
s5,615,672.615810
s5,616,648.279394
s5,617,667.017363
s5,618,747.630440
s5,619,667.801818
s5,620,975.301261
s5,621,940.808342
s5,622,1071.593410
s5,623,1107.208777
s5,624,1189.027023
s5,625,1261.261401
s5,626,1151.682027
s5,627,1118.841195
s5,628,933.700958
s5,629,897.869664
s5,630,826.049450
s5,631,565.375301
s5,632,732.338526
s5,633,447.394776
s5,634,342.210802
s5,635,516.266315
s5,636,534.238995
s5,637,332.189837
s5,638,371.448533
s5,639,703.697061
s5,640,555.905955
s5,641,489.561243
s5,642,689.303648
s5,643,983.352109
s5,644,978.929425
s5,645,1070.303758
s5,646,1173.497442
s5,647,1180.097924
s5,648,1128.811512
s5,649,1033.762076
s5,650,1159.273139
s5,651,994.634504
s5,652,1005.803944
s5,653,1059.079902
s5,654,878.976696
s5,655,751.991012
s5,656,666.156634
s5,657,640.474573
s5,658,596.261976
s5,659,392.791632
s5,660,491.139143
s5,661,616.911380
s5,662,582.604290
s5,663,529.691087
s5,664,615.173595
s5,665,605.897555
s5,666,801.816485
s5,667,1083.636863
s5,668,1057.933714
s5,669,1087.369155
s5,670,1179.297107
s5,671,1264.128674
s5,672,1290.801998
s5,673,1273.546207
s5,674,1218.981768
s5,675,1276.864133
s5,676,1278.195443
s5,677,1041.892616
s5,678,955.700651
s5,679,994.204684
s5,680,711.886635
s5,681,702.381515
s5,682,660.428911
s5,683,664.045860
s5,684,618.058790
s5,685,584.654285
s5,686,710.302959
s5,687,658.407420
s5,688,695.551219
s5,689,766.701725
s5,690,1073.412871
s5,691,990.929609
s5,692,1250.252838
s5,693,1352.749079
s5,694,1431.983328
s5,695,1407.050255
s5,696,1403.159992
s5,697,1448.638932
s5,698,1371.532689
s5,699,1270.486736
s5,700,1390.288938
s5,701,1147.277403
s5,702,1255.233942
s5,703,1066.225026
s5,704,904.938360
s5,705,892.727727
s5,706,889.450550
s5,707,654.304737
s5,708,670.102236
s5,709,668.245988
s5,710,790.257269
s5,711,862.352269
s5,712,907.667472
s5,713,938.533270
s5,714,1048.469020
s5,715,1272.501908
s5,716,1358.863271
s5,717,1365.905922
s5,718,1322.214515
s5,719,1508.370302
s5,720,1501.086404
s5,721,1490.998389
s5,722,1568.120804
s5,723,1444.983727
s5,724,1236.722563
s5,725,1148.079028
s5,726,1224.371078
s5,727,1037.249243
s5,728,992.533971
s5,729,834.284920
s5,730,703.566027
s5,731,750.801553
s5,732,823.307892
s5,733,734.113217
s5,734,651.377698
s5,735,760.859422
s5,736,814.838762
s5,737,946.555468
s5,738,1099.357912
s5,739,1261.625390
s5,740,1218.712479
s5,741,1245.444273
s5,742,1341.533182
s5,743,1374.283695
s5,744,1354.778627
s5,745,1375.945594
s5,746,1337.131618
s5,747,1189.876870
s5,748,1238.803000
s5,749,1077.801657
s5,750,929.969747
s5,751,935.858914
s5,752,764.456781
s5,753,842.287428
s5,754,676.951221
s5,755,596.806176
s5,756,508.476685
s5,757,533.155863
s5,758,650.014046
s5,759,582.302665
s5,760,755.353383
s5,761,622.698402
s5,762,881.565028
s5,763,1017.248648
s5,764,1066.959610
s5,765,1115.735923
s5,766,1248.804582
s5,767,1147.175654
s5,768,1150.731307
s5,769,1219.520952
s5,770,1264.275721
s5,771,1147.637838
s5,772,1022.809822
s5,773,967.159257
s5,774,877.232379
s5,775,649.793065
s5,776,436.311612
s5,777,483.099473
s5,778,379.143642
s5,779,399.106920
s5,780,329.027825
s5,781,355.595328
s5,782,478.793458
s5,783,503.514248
s5,784,563.545984
s5,785,772.161876
s5,786,706.662387
s5,787,806.591666
s5,788,1018.283117
s5,789,920.261882
s5,790,943.982392
s5,791,1203.731465
s5,792,1149.527167
s5,793,1162.001525
s5,794,1133.026614
s5,795,1098.608621
s5,796,923.387121
s5,797,865.860725
s5,798,693.868851
s5,799,690.328420
s5,800,605.783660
s5,801,474.760163
s5,802,494.760429
s5,803,622.508926
s5,804,299.708050
s5,805,454.583818
s5,806,495.784799
s5,807,560.710669
s5,808,496.930594
s5,809,735.042728
s5,810,792.810891
s5,811,835.017098
s5,812,914.364178
s5,813,1042.683734
s5,814,1162.132425
s5,815,1205.971680
s5,816,1334.234492
s5,817,1136.830827
s5,818,1183.306313
s5,819,1056.912756
s5,820,1079.508344
s5,821,949.712504
s5,822,805.972504
s5,823,660.627945
s5,824,615.744671
s5,825,615.699222
s5,826,648.673632
s5,827,559.712000
s5,828,400.026710
s5,829,464.722242
s5,830,540.250438
s5,831,587.354626
s5,832,679.769943
s5,833,825.220248
s5,834,884.046629
s5,835,919.649611
s5,836,926.100476
s5,837,1131.135165
s5,838,1102.311882
s5,839,1264.595225
s5,840,1325.705262
s5,841,1203.298396
s5,842,1267.495324
s5,843,1205.291823
s5,844,1305.491272
s5,845,1117.400133
s5,846,854.735873
s5,847,937.103015
s5,848,849.280765
s5,849,728.854308
s5,850,657.780105
s5,851,692.763255
s5,852,684.065075
s5,853,678.869880
s5,854,609.106432
s5,855,723.277044
s5,856,704.244316
s5,857,800.965398
s5,858,970.667263
s5,859,1035.806279
s5,860,1180.245233
s5,861,1480.638821
s5,862,1401.953609
s5,863,1347.176083
s5,864,1275.924041
s5,865,1372.256524
s5,866,1301.008160
s5,867,1194.340341
s5,868,1341.987060
s5,869,1168.954856
s5,870,1145.362876
s5,871,1248.284750
s5,872,949.581724
s5,873,859.674679
s5,874,814.740761
s5,875,727.602617
s5,876,668.228579
s5,877,721.106160
s5,878,853.620772
s5,879,803.116901
s5,880,794.708481
s5,881,890.977611
s5,882,1002.328487
s5,883,1176.383684
s5,884,1303.072519
s5,885,1383.505604
s5,886,1499.833525
s5,887,1438.948482
s5,888,1534.636720
s5,889,1489.818864
s5,890,1486.013957
s5,891,1241.773765
s5,892,1396.661616
s5,893,1100.461155
s5,894,1034.138525
s5,895,1076.076934
s5,896,894.599317
s5,897,970.588092
s5,898,783.515996
s5,899,648.205560
s5,900,712.613632
s5,901,672.834637
s5,902,844.142363
s5,903,898.624687
s5,904,900.135600
s5,905,896.809306
s5,906,1022.958184
s5,907,1185.946656
s5,908,1134.930221
s5,909,1210.521458
s5,910,1391.071283
s5,911,1419.966282
s5,912,1361.297886
s5,913,1346.471840
s5,914,1184.410976
s5,915,1357.283569
s5,916,1181.623994
s5,917,990.943185
s5,918,911.605608
s5,919,825.479384
s5,920,919.564194
s5,921,756.644712
s5,922,534.929815
s5,923,721.768707
s5,924,657.078484
s5,925,477.987817
s5,926,382.916942
s5,927,698.452645
s5,928,647.934435
s5,929,762.442104
s5,930,821.754572
s5,931,1044.280219
s5,932,1145.880187
s5,933,1170.497581
s5,934,1156.939973
s5,935,1224.495968
s5,936,1264.290609
s5,937,1089.196243
s5,938,1261.732711
s5,939,1086.353929
s5,940,1051.212855
s5,941,949.701707
s5,942,906.281573
s5,943,816.291660
s5,944,803.947810
s5,945,527.891308
s5,946,417.994105
s5,947,447.366934
s5,948,365.097699
s5,949,479.348895
s5,950,382.270705
s5,951,501.795224
s5,952,630.789879
s5,953,719.747125
s5,954,751.590058
s5,955,935.146449
s5,956,1015.292610
s5,957,872.015815
s5,958,1087.158254
s5,959,1115.378899
s5,960,1097.668829
s5,961,1065.365883
s5,962,1084.210082
s5,963,1055.402994
s5,964,974.041764
s5,965,967.984622
s5,966,845.274173
s5,967,631.201856
s5,968,527.067211
s5,969,566.152459
s5,970,388.076504
s5,971,410.047562
s5,972,415.060365
s5,973,463.710405
s5,974,458.203952
s5,975,582.771995
s5,976,516.357491
s5,977,689.639625
s5,978,688.884124
s5,979,851.511676
s5,980,942.190772
s5,981,948.507787
s5,982,892.192213
s5,983,1203.960432
s5,984,1183.577342
s5,985,1165.698490
s5,986,1077.171569
s5,987,1055.871915
s5,988,1046.884291
s5,989,933.020741
s5,990,928.006276
s5,991,759.321763
s5,992,603.326010
s5,993,634.520747
s5,994,483.763661
s5,995,509.560119
s5,996,345.749118
s5,997,466.285965
s5,998,570.621153
s5,999,540.707890
s5,1000,666.059501
s5,1001,805.182819
s5,1002,868.024318
s5,1003,1099.140413
s5,1004,1046.036714
s5,1005,1139.680799
s5,1006,1212.266606
s5,1007,1127.648635
s5,1008,1186.886633
s5,1009,1341.469329
s5,1010,1253.686678
s5,1011,1334.760428
s5,1012,1160.156315
s5,1013,1073.457762
s5,1014,1074.307153
s5,1015,928.417262
s5,1016,941.711759
s5,1017,669.815865
s5,1018,723.211771
s5,1019,704.120526
s5,1020,681.884498
s5,1021,738.240439
s5,1022,766.016681
s5,1023,751.817249
s5,1024,786.215501
s5,1025,993.043170
s5,1026,1024.714726
s5,1027,1194.643223
s5,1028,1321.348970
s5,1029,1322.136036
s5,1030,1309.739612
s5,1031,1406.009192
s5,1032,1507.574818
s5,1033,1430.118272
s5,1034,1508.856330
s5,1035,1375.069883
s5,1036,1313.272456
s5,1037,1173.841564
s5,1038,1121.257285
s5,1039,1116.095025
s5,1040,920.071637
s5,1041,842.168058
s5,1042,746.782649
s5,1043,821.008345
s5,1044,632.130523
s5,1045,703.604534
s5,1046,851.336610
s5,1047,943.529183
s5,1048,894.402827
s5,1049,1069.403310
s5,1050,945.497158
s5,1051,1245.527826
s5,1052,1302.446479
s5,1053,1270.055766
s5,1054,1292.051513
s5,1055,1428.784137
s5,1056,1503.500364
s5,1057,1504.055960
s5,1058,1452.288822
s5,1059,1445.688480
s5,1060,1365.475055
s5,1061,1121.314227
s5,1062,1097.675195
s5,1063,988.204480
s5,1064,1007.053508
s5,1065,809.746997
s5,1066,852.860846
s5,1067,737.632736
s5,1068,881.350166
s5,1069,704.897933
s5,1070,734.932391
s5,1071,774.901673
s5,1072,861.643346
s5,1073,1112.578328
s5,1074,984.421930
s5,1075,1048.296871
s5,1076,1184.589339
s5,1077,1324.173922
s5,1078,1259.208005
s5,1079,1428.882987
s5,1080,1439.627018
s5,1081,1358.458493
s5,1082,1314.834426
s5,1083,1215.043061
s5,1084,1173.993061
s5,1085,1041.548167
s5,1086,1091.436928
s5,1087,1016.312899
s5,1088,775.594645
s5,1089,705.798508
s5,1090,496.583828
s5,1091,547.944798
s5,1092,585.933801
s5,1093,579.845394
s5,1094,592.401292
s5,1095,692.474305
s5,1096,702.095642
s5,1097,746.364003
s5,1098,982.109040
s5,1099,810.961587
s5,1100,952.635648
s5,1101,1057.898888
s5,1102,1116.222995
s5,1103,1149.687452
s5,1104,1203.406660
s5,1105,1155.070287
s5,1106,1166.824625
s5,1107,1155.297601
s5,1108,1035.149414
s5,1109,950.428148
s5,1110,770.667416
s5,1111,653.655468
s5,1112,618.942387
s5,1113,623.220884
s5,1114,513.316471
s5,1115,517.948730
s5,1116,487.113751
s5,1117,498.291583
s5,1118,382.095537
s5,1119,583.055111
s5,1120,616.424016
s5,1121,797.202482
s5,1122,779.163238
s5,1123,853.552825
s5,1124,909.218124
s5,1125,1009.442542
s5,1126,937.300996
s5,1127,1082.369323
s5,1128,1115.770322
s5,1129,1184.472661
s5,1130,1031.064177
s5,1131,1034.977816
s5,1132,1086.843237
s5,1133,825.846715
s5,1134,832.037275
s5,1135,633.815408
s5,1136,574.248367
s5,1137,535.388592
s5,1138,503.125823
s5,1139,359.505079
s5,1140,302.491021
s5,1141,497.205159
s5,1142,431.700076
s5,1143,532.021249
s5,1144,615.761029
s5,1145,693.669910
s5,1146,716.493069
s5,1147,825.610336
s5,1148,816.541040
s5,1149,1028.658345
s5,1150,1048.988908
s5,1151,1129.197595
s5,1152,1291.969334
s5,1153,1203.685941
s5,1154,1130.985482
s5,1155,978.540465
s5,1156,1064.469884
s5,1157,1041.195471
s5,1158,779.378023
s5,1159,779.698188
s5,1160,624.289390
s5,1161,576.055209
s5,1162,502.007173
s5,1163,373.507937
s5,1164,440.746306
s5,1165,371.768508
s5,1166,628.935356
s5,1167,663.667041
s5,1168,669.736070
s5,1169,780.324734
s5,1170,865.841302
s5,1171,979.713689
s5,1172,1078.314316
s5,1173,1134.261844
s5,1174,1210.803798
s5,1175,1175.033411
s5,1176,1226.451854
s5,1177,1256.472888
s5,1178,1292.171978
s5,1179,1203.347570
s5,1180,1303.991504
s5,1181,1071.168985
s5,1182,970.807545
s5,1183,938.400503
s5,1184,896.680516
s5,1185,882.458933
s5,1186,760.611300
s5,1187,609.745177
s5,1188,627.187634
s5,1189,728.237080
s5,1190,707.220511
s5,1191,806.133725
s5,1192,820.811966
s5,1193,1035.281671
s5,1194,1124.579533
s5,1195,1203.329280
s5,1196,1229.998681
s5,1197,1187.305132
s5,1198,1275.582126
s5,1199,1445.451349
s5,1200,1493.171197
s5,1201,1232.386484
s5,1202,1383.016123
s5,1203,1451.575709
s5,1204,1368.347067
s5,1205,1179.552709
s5,1206,1170.139034
s5,1207,1032.240433
s5,1208,924.913792
s5,1209,943.661506
s5,1210,882.980621
s5,1211,720.770929
s5,1212,672.547738
s5,1213,653.505381
s5,1214,677.086792
s5,1215,931.467377
s5,1216,1044.008234
s5,1217,1010.474161
s5,1218,1166.653069
s5,1219,1137.339977
s5,1220,1273.555459
s5,1221,1425.315219
s5,1222,1445.167492
s5,1223,1461.910602
s5,1224,1361.919341
s5,1225,1369.684573
s5,1226,1412.430499
s5,1227,1346.748387
s5,1228,1306.570623
s5,1229,1176.338788
s5,1230,1108.935314
s5,1231,1029.224479
s5,1232,966.835446
s5,1233,849.782990
s5,1234,737.167955
s5,1235,709.374230
s5,1236,771.349333
s5,1237,692.285772
s5,1238,663.221795
s5,1239,708.859862
s5,1240,869.763333
s5,1241,971.237454
s5,1242,1108.885660
s5,1243,1088.294175
s5,1244,1297.362968
s5,1245,1247.709901
s5,1246,1314.333098
s5,1247,1327.300619
s5,1248,1419.460002
s5,1249,1445.127212
s5,1250,1330.425734
s5,1251,1236.066870
s5,1252,1081.601389
s5,1253,1110.391693
s5,1254,973.146429
s5,1255,879.787625
s5,1256,749.906970
s5,1257,644.456813
s5,1258,605.393439
s5,1259,618.410995
s5,1260,628.818232
s5,1261,557.639371
s5,1262,605.494035
s5,1263,614.418405
s5,1264,685.286127
s5,1265,675.491025
s5,1266,925.940786
s5,1267,995.263002
s5,1268,1142.571998
s5,1269,1067.664124
s5,1270,1178.869768
s5,1271,1139.997606
s5,1272,1237.018636
s5,1273,1198.786726
s5,1274,1219.651467
s5,1275,1101.080555
s5,1276,1079.575778
s5,1277,905.539751
s5,1278,883.247210
s5,1279,716.544381
s5,1280,609.733669
s5,1281,561.651603
s5,1282,512.722942
s5,1283,336.771201
s5,1284,305.287996
s5,1285,429.634440
s5,1286,438.624788
s5,1287,346.033816
s5,1288,438.727539
s5,1289,589.401090
s5,1290,759.534300
s5,1291,845.083270
s5,1292,992.192154
s5,1293,1082.504622
s5,1294,1230.840748
s5,1295,998.039310
s5,1296,1116.682355
s5,1297,1188.980033
s5,1298,990.149601
s5,1299,924.741861
s5,1300,967.221387
s5,1301,944.799085
s5,1302,861.058638
s5,1303,546.200746
s5,1304,495.182483
s5,1305,495.482379
s5,1306,400.937285
s5,1307,420.123231
s5,1308,388.553762
s5,1309,513.324444
s5,1310,414.512637
s5,1311,487.811922
s5,1312,555.114716
s5,1313,718.722210
s5,1314,656.826778
s5,1315,864.652842
s5,1316,876.532754
s5,1317,914.536901
s5,1318,1169.912607
s5,1319,1170.213548
s5,1320,1256.820793
s5,1321,1173.164008
s5,1322,1175.666449
s5,1323,1090.095877
s5,1324,1053.926963
s5,1325,901.646087
s5,1326,965.195303
s5,1327,686.660573
s5,1328,787.957894
s5,1329,575.167142
s5,1330,594.104057
s5,1331,504.012901
s5,1332,513.181581
s5,1333,600.824260
s5,1334,540.597523
s5,1335,521.910326
s5,1336,686.797295
s5,1337,809.893505
s5,1338,686.683134
s5,1339,1038.970275
s5,1340,1146.170740
s5,1341,1026.415253
s5,1342,1214.815232
s5,1343,1335.944678
s5,1344,1218.562167
s5,1345,1273.187960
s5,1346,1255.341549
s5,1347,1274.182354
s5,1348,1248.866465
s5,1349,1085.776557
s5,1350,1004.466311
s5,1351,977.316031
s5,1352,864.064267
s5,1353,742.295138
s5,1354,789.401275
s5,1355,552.419419
s5,1356,653.483706
s5,1357,623.732652
s5,1358,654.380759
s5,1359,764.908858
s5,1360,831.609801
s5,1361,1100.536702
s5,1362,1068.634922
s5,1363,1149.398339
s5,1364,1341.419819
s5,1365,1380.870736
s5,1366,1239.772228
s5,1367,1432.681665
s5,1368,1501.937709
s5,1369,1401.739345
s5,1370,1440.868100
s5,1371,1336.182607
s5,1372,1327.958469
s5,1373,1098.029595
s5,1374,982.669459
s5,1375,991.061280
s5,1376,958.370718
s5,1377,960.717130
s5,1378,780.835058
s5,1379,704.832184
s5,1380,808.889133
s5,1381,751.576992
s5,1382,912.823945
s5,1383,828.562246
s5,1384,765.561628
s5,1385,936.826418
s5,1386,1020.496269
s5,1387,1084.836441
s5,1388,1221.514472
s5,1389,1307.973214
s5,1390,1400.943013
s5,1391,1423.723278
s5,1392,1511.771445
s5,1393,1504.601443
s5,1394,1454.654247
s5,1395,1400.548534
s5,1396,1172.872377
s5,1397,1099.305297
s5,1398,1059.200002
s5,1399,1042.523420
s5,1400,821.082561
s5,1401,813.119350
s5,1402,794.111540
s5,1403,874.268275
s5,1404,724.004120
s5,1405,666.898410
s5,1406,812.382586
s5,1407,795.778876
s5,1408,826.180643
s5,1409,1011.351176
s5,1410,951.663094
s5,1411,1124.319320
s5,1412,1202.319037
s5,1413,1337.810578
s5,1414,1245.299206
s5,1415,1271.518381
s5,1416,1351.172676
s5,1417,1347.353719
s5,1418,1333.443102
s5,1419,1242.735116
s5,1420,1222.856955
s5,1421,1148.450238
s5,1422,1012.326379
s5,1423,814.626062
s5,1424,878.288652
s5,1425,592.582256
s5,1426,619.034596
s5,1427,649.443086
s5,1428,512.010248
s5,1429,651.466902
s5,1430,720.956409
s5,1431,742.543191
s5,1432,724.122693
s5,1433,844.230516
s5,1434,822.238666
s5,1435,979.597296
s5,1436,1068.950909
s5,1437,1116.534967
s5,1438,1178.850812
s5,1439,1189.071984
s5,1440,1072.757516
s5,1441,1234.962956
s5,1442,1191.836303
s5,1443,1260.729523
s5,1444,1083.491951
s5,1445,943.619827
s5,1446,902.654438
s5,1447,782.011738
s5,1448,637.685504
s5,1449,524.930208
s5,1450,375.555352
s5,1451,445.034353
s5,1452,532.139557
s5,1453,275.953959
s5,1454,370.186146
s5,1455,545.828343
s5,1456,573.217463
s5,1457,673.334987
s5,1458,596.805695
s5,1459,784.482209
s5,1460,954.666529
s5,1461,1039.327790
s5,1462,1079.768537
s5,1463,1034.152756
s5,1464,1156.994945
s5,1465,1021.583158
s5,1466,1008.524910
s5,1467,937.583256
s5,1468,1057.019761
s5,1469,832.874315
s5,1470,772.337371
s5,1471,509.023010
s5,1472,661.026033
s5,1473,534.066560
s5,1474,313.954311
s5,1475,275.359212
s5,1476,498.924618
s5,1477,313.765280
s5,1478,552.459312
s5,1479,437.097969
s5,1480,362.930722
s5,1481,718.105615
s5,1482,771.125942
s5,1483,884.285871
s5,1484,891.442302
s5,1485,997.714538
s5,1486,1152.524140
s5,1487,1068.049653
s5,1488,1006.865871
s5,1489,1218.434809
s5,1490,1079.169096
s5,1491,1170.936405
s5,1492,973.172369
s5,1493,895.716403
s5,1494,819.061222
s5,1495,571.837442
s5,1496,747.325770
s5,1497,538.430834
s5,1498,512.196741
s5,1499,598.020711
s5,1500,484.788336
s5,1501,554.782915
s5,1502,550.363768
s5,1503,642.710798
s5,1504,685.125877
s5,1505,843.600078
s5,1506,844.091333
s5,1507,997.455462
s5,1508,1009.520255
s5,1509,1237.859476
s5,1510,1059.163005
s5,1511,1285.182925
s5,1512,1324.552077
s5,1513,1324.270645
s5,1514,1274.629108
s5,1515,1328.069031
s5,1516,1319.999031
s5,1517,1038.963675
s5,1518,853.302311
s5,1519,824.245892
s5,1520,759.369040
s5,1521,735.302814
s5,1522,683.485361
s5,1523,730.712727
s5,1524,605.852191
s5,1525,646.812509
s5,1526,694.456729
s5,1527,680.466511
s5,1528,800.427236
s5,1529,1121.010823
s5,1530,1010.002732
s5,1531,1047.485501
s5,1532,1054.396083
s5,1533,1378.995575
s5,1534,1347.132912
s5,1535,1371.939749
s5,1536,1624.399917
s5,1537,1547.605492
s5,1538,1287.494283
s5,1539,1339.165871
s5,1540,1370.117990
s5,1541,1274.656655
s5,1542,1038.156942
s5,1543,1158.858496
s5,1544,1075.033200
s5,1545,776.843002
s5,1546,665.876020
s5,1547,652.283273
s5,1548,787.260005
s5,1549,825.053955
s5,1550,790.434441
s5,1551,786.808319
s5,1552,897.261444
s5,1553,1033.107663
s5,1554,996.169415
s5,1555,1056.844109
s5,1556,1268.069579
s5,1557,1446.257611
s5,1558,1432.160748
s5,1559,1474.542784
s5,1560,1428.016573
s5,1561,1538.900822
s5,1562,1311.145159
s5,1563,1377.478689
s5,1564,1263.246964
s5,1565,1206.458041
s5,1566,1051.146639
s5,1567,1075.637678
s5,1568,918.891841
s5,1569,795.810477
s5,1570,809.761758
s5,1571,720.664924
s5,1572,662.224629
s5,1573,658.313920
s5,1574,785.931641
s5,1575,706.936624
s5,1576,827.666074
s5,1577,905.722335
s5,1578,1038.517552
s5,1579,1092.096104
s5,1580,1352.891251
s5,1581,1138.066305
s5,1582,1370.104169
s5,1583,1360.926227
s5,1584,1458.880568
s5,1585,1243.744158
s5,1586,1417.633067
s5,1587,1164.634376
s5,1588,1239.459090
s5,1589,1132.734533
s5,1590,995.316908
s5,1591,834.710280
s5,1592,730.005339
s5,1593,710.121639
s5,1594,575.844915
s5,1595,436.466884
s5,1596,420.747444
s5,1597,613.293957
s5,1598,638.872182
s5,1599,662.599078
s5,1600,693.610434
s5,1601,798.278459
s5,1602,895.057285
s5,1603,967.087854
s5,1604,974.957692
s5,1605,1053.680029
s5,1606,1080.447053
s5,1607,1214.235876
s5,1608,1142.526502
s5,1609,1192.382534
s5,1610,1265.164859
s5,1611,1080.259207
s5,1612,1102.057231
s5,1613,1053.424119
s5,1614,701.715696
s5,1615,628.661142
s5,1616,673.268781
s5,1617,499.664436
s5,1618,523.007530
s5,1619,487.920676
s5,1620,373.473982
s5,1621,474.687968
s5,1622,569.554630
s5,1623,560.770795
s5,1624,493.837580
s5,1625,631.449392
s5,1626,694.328946
s5,1627,944.593464
s5,1628,903.189900
s5,1629,944.838344
s5,1630,1061.785857
s5,1631,1138.016892
s5,1632,1089.757712
s5,1633,1118.415950
s5,1634,1078.819444
s5,1635,1079.379001
s5,1636,1023.743558
s5,1637,884.792392
s5,1638,734.732178
s5,1639,703.032558
s5,1640,515.177326
s5,1641,581.044007
s5,1642,463.850827
s5,1643,414.032470
s5,1644,197.910446
s5,1645,561.468855
s5,1646,526.252519
s5,1647,568.278631
s5,1648,558.463823
s5,1649,688.436835
s5,1650,948.753554
s5,1651,785.946878
s5,1652,987.604665
s5,1653,1061.554967
s5,1654,1095.660969
s5,1655,1158.983223
s5,1656,1083.815102
s5,1657,1203.521753
s5,1658,1032.312876
s5,1659,1217.297203
s5,1660,1073.264705
s5,1661,869.278302
s5,1662,687.595410
s5,1663,759.710732
s5,1664,703.464901
s5,1665,516.928324
s5,1666,657.179286
s5,1667,515.765329
s5,1668,448.053751
s5,1669,391.077376
s5,1670,523.063991
s5,1671,577.274885
s5,1672,719.567895
s5,1673,842.634090
s5,1674,868.759458
s5,1675,1004.317571
s5,1676,1174.722545
s5,1677,1202.613078
s5,1678,1208.785304
s5,1679,1324.212859
s5,1680,1265.860905
s5,1681,1339.291114
s5,1682,1285.779795
s5,1683,1153.928004
s5,1684,1214.661005
s5,1685,1096.194379
s5,1686,1056.102582
s5,1687,813.147973
s5,1688,908.684024
s5,1689,837.559933
s5,1690,668.147955
s5,1691,649.918239
s5,1692,647.577082
s5,1693,654.391683
s5,1694,754.630223
s5,1695,698.855579
s5,1696,744.686325
s5,1697,904.259192
s5,1698,1163.591372
s5,1699,1095.587910
s5,1700,1147.203182
s5,1701,1238.894545
s5,1702,1388.465980
s5,1703,1511.235467
s5,1704,1392.908171
s5,1705,1458.788969
s5,1706,1434.971524
s5,1707,1403.952871
s5,1708,1311.085955
s5,1709,1294.962089
s5,1710,1176.057052
s5,1711,985.416519
s5,1712,1121.927302
s5,1713,762.057465
s5,1714,703.236724
s5,1715,836.549826
s5,1716,755.714538
s5,1717,730.653312
s5,1718,795.787255
s5,1719,886.134546
s5,1720,876.883869
s5,1721,948.178829
s5,1722,1012.516890
s5,1723,1122.959593
s5,1724,1219.027325
s5,1725,1443.698528
s5,1726,1442.689010
s5,1727,1504.473609
s5,1728,1440.209206
s5,1729,1552.362760
s5,1730,1325.949350
s5,1731,1421.453464
s5,1732,1362.820189
s5,1733,1178.789956
s5,1734,1047.671445
s5,1735,1062.569368
s5,1736,875.832276
s5,1737,777.555360
s5,1738,774.230280
s5,1739,645.350749
s5,1740,694.614473
s5,1741,856.648495
s5,1742,699.697674
s5,1743,848.170289
s5,1744,770.071261
s5,1745,936.008848
s5,1746,999.283207
s5,1747,1098.246938
s5,1748,1253.154159
s5,1749,1431.577216
s5,1750,1320.894581
s5,1751,1464.430166
s5,1752,1406.780159
s5,1753,1423.318846
s5,1754,1296.732081
s5,1755,1219.084909
s5,1756,1177.504771
s5,1757,1041.637431
s5,1758,996.576008
s5,1759,815.287484
s5,1760,795.257522
s5,1761,720.223222
s5,1762,770.748071
s5,1763,713.652481
s5,1764,597.156571
s5,1765,520.879367
s5,1766,627.085949
s5,1767,689.121132
s5,1768,679.578775
s5,1769,710.969740
s5,1770,729.192498
s5,1771,949.347607
s5,1772,1180.242816
s5,1773,1096.469708
s5,1774,1198.255555
s5,1775,1233.692494
s5,1776,1255.671875
s5,1777,1265.144176
s5,1778,1022.074290
s5,1779,1100.459948
s5,1780,1061.295647
s5,1781,934.324877
s5,1782,930.818293
s5,1783,710.868757
s5,1784,709.909185
s5,1785,686.783659
s5,1786,467.836872
s5,1787,440.901940
s5,1788,393.282609
s5,1789,473.582589
s5,1790,284.457862
s5,1791,384.390600
s5,1792,540.267523
s5,1793,710.326693
s5,1794,781.396930
s5,1795,770.575983
s5,1796,1040.088212
s5,1797,1007.612892
s5,1798,1015.093030
s5,1799,1142.466557
s5,1800,1217.776995
s5,1801,1108.639435
s5,1802,969.019285
s5,1803,986.591934
s5,1804,961.370310
s5,1805,937.261588
s5,1806,697.768815
s5,1807,695.222663
s5,1808,496.100469
s5,1809,509.642056
s5,1810,341.520526
s5,1811,363.980137
s5,1812,267.180808
s5,1813,315.121192
s5,1814,302.267402
s5,1815,329.733898
s5,1816,642.152068
s5,1817,728.160956
s5,1818,774.139107
s5,1819,811.865698
s5,1820,1043.034663
s5,1821,997.383164
s5,1822,1118.204244
s5,1823,1218.387903
s5,1824,1174.278215
s5,1825,1266.297560
s5,1826,1119.690439
s5,1827,1070.474175
s5,1828,1024.221382
s5,1829,847.059021
s5,1830,763.470702
s5,1831,809.921925
s5,1832,537.510067
s5,1833,674.955282
s5,1834,553.026875
s5,1835,583.561523
s5,1836,539.101311
s5,1837,539.109423
s5,1838,661.233643
s5,1839,586.021895
s5,1840,663.128520
s5,1841,848.119275
s5,1842,816.884245
s5,1843,1053.889893
s5,1844,1119.623173
s5,1845,1118.785306
s5,1846,1132.555614
s5,1847,1127.090388
s5,1848,1443.240855
s5,1849,1193.977677
s5,1850,1191.338391
s5,1851,1298.837162
s5,1852,1203.957271
s5,1853,1104.459249
s5,1854,1006.748530
s5,1855,878.717607
s5,1856,756.375206
s5,1857,695.413471
s5,1858,736.997111
s5,1859,735.762452
s5,1860,730.475062
s5,1861,651.567439
s5,1862,523.855321
s5,1863,788.174039
s5,1864,817.580059
s5,1865,721.196406
s5,1866,1124.579258
s5,1867,1140.133517
s5,1868,1216.802786
s5,1869,1321.459943
s5,1870,1384.941175
s5,1871,1441.735786
s5,1872,1456.564415
s5,1873,1448.195880
s5,1874,1462.455508
s5,1875,1396.251237
s5,1876,1481.272515
s5,1877,1228.865036
s5,1878,1088.647086
s5,1879,988.451530
s5,1880,972.548551
s5,1881,874.717613
s5,1882,822.012644
s5,1883,747.400746
s5,1884,731.135631
s5,1885,808.073454
s5,1886,885.327899
s5,1887,863.887137
s5,1888,903.422774
s5,1889,912.068124
s5,1890,1007.090543
s5,1891,1193.293429
s5,1892,1262.890229
s5,1893,1353.960070
s5,1894,1341.775608
s5,1895,1457.077810
s5,1896,1339.120681
s5,1897,1387.580273
s5,1898,1384.520036
s5,1899,1431.523956
s5,1900,1267.040954
s5,1901,1152.603402
s5,1902,1144.899559
s5,1903,1017.283815
s5,1904,997.790101
s5,1905,868.479894
s5,1906,791.963301
s5,1907,714.372872
s5,1908,753.856671
s5,1909,651.298211
s5,1910,617.956571
s5,1911,847.356502
s5,1912,812.118124
s5,1913,932.323087
s5,1914,1064.812930
s5,1915,1185.251594
s5,1916,979.750986
s5,1917,1192.687462
s5,1918,1420.414325
s5,1919,1239.389169
s5,1920,1414.641039
s5,1921,1340.201284
s5,1922,1263.802540
s5,1923,1260.383201
s5,1924,1064.997014
s5,1925,1127.752460
s5,1926,1083.272174
s5,1927,785.957690
s5,1928,743.505074
s5,1929,794.982007
s5,1930,661.899691
s5,1931,559.928506
s5,1932,664.505448
s5,1933,431.506572
s5,1934,559.668164
s5,1935,633.663881
s5,1936,668.622339
s5,1937,831.602979
s5,1938,735.663082
s5,1939,953.873464
s5,1940,976.994318
s5,1941,1199.355966
s5,1942,1245.707887
s5,1943,1149.048140
s5,1944,1135.650751
s5,1945,1202.242869
s5,1946,1104.820038
s5,1947,1067.040019
s5,1948,1063.142449
s5,1949,904.507154
s5,1950,973.534997
s5,1951,741.137925
s5,1952,600.050311
s5,1953,469.765477
s5,1954,445.129264
s5,1955,518.456308
s5,1956,453.005815
s5,1957,520.209670
s5,1958,538.025599
s5,1959,531.376547
s5,1960,506.975356
s5,1961,631.012825
s5,1962,739.180072
s5,1963,704.686615
s5,1964,941.827152
s5,1965,918.294733
s5,1966,1051.424188
s5,1967,1060.798097
s5,1968,1160.308754
s5,1969,1306.015326
s5,1970,989.002808
s5,1971,1022.286103
s5,1972,1103.063691
s5,1973,794.347798
s5,1974,751.584455
s5,1975,663.848448
s5,1976,603.497173
s5,1977,379.464231
s5,1978,459.589530
s5,1979,439.729931
s5,1980,566.595380
s5,1981,378.448352
s5,1982,373.865705
s5,1983,482.410218
s5,1984,352.660262
s5,1985,662.084933
s5,1986,851.020719
s5,1987,832.205428
s5,1988,927.453895
s5,1989,996.429918
s5,1990,1093.081237
s5,1991,1037.395818
s5,1992,1269.125742
s5,1993,1118.303642
s5,1994,1092.703232
s5,1995,1201.668507
s5,1996,1012.311212
s5,1997,897.944773
s5,1998,962.898991
s5,1999,762.377382
s5,2000,732.718289
s5,2001,545.161367
s5,2002,397.549020
s5,2003,505.268620
s5,2004,585.790109
s5,2005,456.865001
s5,2006,555.595122
s5,2007,642.354884
s5,2008,687.287980
s5,2009,766.478559
s5,2010,920.543348
s5,2011,982.422319
s5,2012,1025.584166
s5,2013,1232.023874
s5,2014,1284.493095
s5,2015,1302.991027
s5,2016,1355.122440
s5,2017,1105.705173
s5,2018,1298.813085
s5,2019,1235.342681
s5,2020,1018.369072
s5,2021,1241.647269
s5,2022,1024.941584
s5,2023,876.005585
s5,2024,795.426086
s5,2025,769.175200
s5,2026,690.329097
s5,2027,534.468093
s5,2028,611.710145
s5,2029,686.994977
s5,2030,736.234879
s5,2031,814.456640
s5,2032,749.053552
s5,2033,873.508117
s5,2034,1049.005293
s5,2035,1078.018416
s5,2036,1236.664551
s5,2037,1244.622051
s5,2038,1419.655737
s5,2039,1428.610982
s5,2040,1491.423855
s5,2041,1449.244433
s5,2042,1361.416040
s5,2043,1279.526889
s5,2044,1305.091100
s5,2045,1172.945617
s5,2046,1015.793298
s5,2047,992.079377
s5,2048,1002.857849
s5,2049,957.840779
s5,2050,860.345064
s5,2051,863.684573
s5,2052,716.919814
s5,2053,740.761858
s5,2054,712.785861
s5,2055,780.525560
s5,2056,1031.758281
s5,2057,1031.175086
s5,2058,1142.362219
s5,2059,1385.201150
s5,2060,1426.156256
s5,2061,1298.068335
s5,2062,1499.166168
s5,2063,1411.905329
s5,2064,1560.219437
s5,2065,1338.538647
s5,2066,1376.210722
s5,2067,1322.298740
s5,2068,1465.561448
s5,2069,1093.772318
s5,2070,1211.655720
s5,2071,1109.198026
s5,2072,942.343598
s5,2073,911.291017
s5,2074,973.883713
s5,2075,752.513650
s5,2076,689.270387
s5,2077,812.660017
s5,2078,795.998659
s5,2079,699.862567
s5,2080,867.559418
s5,2081,956.314972
s5,2082,938.910277
s5,2083,1044.530422
s5,2084,1152.436574
s5,2085,1186.836574
s5,2086,1374.085418
s5,2087,1395.134210
s5,2088,1218.973680
s5,2089,1341.740179
s5,2090,1347.906314
s5,2091,1174.716322
s5,2092,1176.000437
s5,2093,1125.261570
s5,2094,873.806311
s5,2095,874.831764
s5,2096,620.911707
s5,2097,767.192558
s5,2098,584.140987
s5,2099,479.694448
s5,2100,423.240602
s5,2101,436.593394
s5,2102,680.522722
s5,2103,566.952569
s5,2104,652.689592
s5,2105,745.617242
s5,2106,749.730740
s5,2107,1010.472544
s5,2108,849.297354
s5,2109,1179.397258
s5,2110,1112.599621
s5,2111,1209.674238
s5,2112,1241.654566
s5,2113,1270.360319
s5,2114,1076.917569
s5,2115,1156.935417
s5,2116,1028.516927
s5,2117,928.185138
s5,2118,818.101284
s5,2119,821.402432
s5,2120,675.548447
s5,2121,650.040106
s5,2122,554.067181
s5,2123,287.401677
s5,2124,405.208582
s5,2125,490.630429
s5,2126,372.998099
s5,2127,363.682879
s5,2128,386.253319
s5,2129,792.930703
s5,2130,664.788775
s5,2131,841.202099
s5,2132,836.272507
s5,2133,1028.058363
s5,2134,1183.360398
s5,2135,989.750189
s5,2136,1112.406540
s5,2137,1052.053449
s5,2138,935.898799
s5,2139,956.127934
s5,2140,952.779351
s5,2141,957.149141
s5,2142,865.453505
s5,2143,670.718456
s5,2144,454.937179
s5,2145,550.378941
s5,2146,436.452826
s5,2147,393.460315
s5,2148,289.808589
s5,2149,372.328774
s5,2150,565.894483
s5,2151,585.594752
s5,2152,644.191565
s5,2153,687.640982
s5,2154,704.595954
s5,2155,834.805177
s5,2156,941.457647
s5,2157,1044.092087
s5,2158,1056.098469
s5,2159,1064.283680
s5,2160,1238.564319
s5,2161,1123.933059
s5,2162,1190.166321
s5,2163,1064.382374
s5,2164,1061.627441
s5,2165,967.739357
s5,2166,895.278323
s5,2167,800.079275
s5,2168,589.564000
s5,2169,483.404889
s5,2170,524.597382
s5,2171,616.416598
s5,2172,414.430718
s5,2173,419.301498
s5,2174,699.648673
s5,2175,469.418127
s5,2176,622.448324
s5,2177,728.207271
s5,2178,809.468139
s5,2179,915.505175
s5,2180,1145.074248
s5,2181,1166.647171
s5,2182,1236.037106
s5,2183,1146.888651
s5,2184,1359.120496
s5,2185,1312.469885
s5,2186,1287.736816
s5,2187,1292.278606
s5,2188,1187.867836
s5,2189,1082.098656
s5,2190,1027.798328
s5,2191,852.525208
s5,2192,752.289201
s5,2193,644.041720
s5,2194,761.946078
s5,2195,602.427574
s5,2196,652.136668
s5,2197,734.839058
s5,2198,824.470940
s5,2199,719.799461
s5,2200,837.942014
s5,2201,924.977546
s5,2202,919.381458
s5,2203,1084.136056
s5,2204,1428.945307
s5,2205,1298.644410
s5,2206,1506.502350
s5,2207,1478.318851
s5,2208,1577.469316
s5,2209,1543.205003
s5,2210,1433.348697
s5,2211,1272.877228
s5,2212,1405.993176
s5,2213,1267.813532
s5,2214,1159.077659
s5,2215,1094.197713
s5,2216,879.155808
s5,2217,870.534655
s5,2218,798.266587
s5,2219,644.641609
s5,2220,648.509189
s5,2221,737.048141
s5,2222,610.583105
s5,2223,888.288157
s5,2224,964.038140
s5,2225,987.078344
s5,2226,1109.032791
s5,2227,1046.900606
s5,2228,1288.857233
s5,2229,1412.859829
s5,2230,1457.656558
s5,2231,1531.132270
s5,2232,1474.643320
s5,2233,1622.725181
s5,2234,1472.122296
s5,2235,1443.743988
s5,2236,1390.591212
s5,2237,1161.482112
s5,2238,1036.493656
s5,2239,1080.709889
s5,2240,831.599915
s5,2241,796.434981
s5,2242,848.321268
s5,2243,643.692152
s5,2244,628.444923
s5,2245,610.186764
s5,2246,651.218780
s5,2247,920.253363
s5,2248,887.633842
s5,2249,1000.393916
s5,2250,870.642014
s5,2251,926.549096
s5,2252,1107.788424
s5,2253,1348.879747
s5,2254,1416.910323
s5,2255,1215.694217
s5,2256,1246.199188
s5,2257,1415.487424
s5,2258,1347.898623
s5,2259,1302.030200
s5,2260,1239.799979
s5,2261,1019.890416
s5,2262,1003.889827
s5,2263,869.533408
s5,2264,885.015543
s5,2265,680.829470
s5,2266,489.942897
s5,2267,678.172655
s5,2268,692.902155
s5,2269,628.647937
s5,2270,553.882095
s5,2271,553.570428
s5,2272,766.949246
s5,2273,730.631209
s5,2274,898.273946
s5,2275,1007.950480
s5,2276,1023.865732
s5,2277,956.910579
s5,2278,1203.876339
s5,2279,1127.091414
s5,2280,1097.855542
s5,2281,1200.336572
s5,2282,1177.388155
s5,2283,1100.700769
s5,2284,1077.167471
s5,2285,792.431874
s5,2286,880.375426
s5,2287,857.346604
s5,2288,630.966225
s5,2289,513.310174
s5,2290,469.100432
s5,2291,526.864651
s5,2292,396.235025
s5,2293,352.064949
s5,2294,310.604504
s5,2295,595.103249
s5,2296,665.417541
s5,2297,641.476166
s5,2298,889.627091
s5,2299,796.835173
s5,2300,970.877368
s5,2301,895.490449
s5,2302,980.618235
s5,2303,1097.662972
s5,2304,1152.081535
s5,2305,1155.495162
s5,2306,1009.332795
s5,2307,982.776630
s5,2308,941.255679
s5,2309,841.267034
s5,2310,747.882894
s5,2311,732.502943
s5,2312,667.280843
s5,2313,359.594813
s5,2314,535.368556
s5,2315,407.305257
s5,2316,400.525960
s5,2317,408.841390
s5,2318,486.504527
s5,2319,524.297529
s5,2320,431.030716
s5,2321,701.575222
s5,2322,648.969995
s5,2323,863.048430
s5,2324,945.583714
s5,2325,897.561591
s5,2326,1083.122239
s5,2327,1110.183517
s5,2328,1102.420322
s5,2329,1304.825736
s5,2330,1137.788369
s5,2331,1049.240187
s5,2332,1141.128147
s5,2333,925.846037
s5,2334,828.330227
s5,2335,596.099114
s5,2336,706.281739
s5,2337,661.400312
s5,2338,671.691032
s5,2339,413.959035
s5,2340,555.845728
s5,2341,595.038953
s5,2342,580.887152
s5,2343,586.545984
s5,2344,540.971308
s5,2345,772.985448
s5,2346,818.649219
s5,2347,832.725720
s5,2348,1108.261465
s5,2349,1141.487626
s5,2350,1204.081831
s5,2351,1420.883195
s5,2352,1258.123571
s5,2353,1142.843251
s5,2354,1108.209843
s5,2355,1268.668367
s5,2356,1146.985741
s5,2357,1026.397713
s5,2358,835.235472
s5,2359,842.551477
s5,2360,734.940188
s5,2361,736.868834
s5,2362,622.516374
s5,2363,584.334030
s5,2364,633.599998
s5,2365,589.500212
s5,2366,710.028521
s5,2367,487.494336
s5,2368,729.634142
s5,2369,1006.730110
s5,2370,1031.124519
s5,2371,1035.930292
s5,2372,1200.732233
s5,2373,1257.127807
s5,2374,1341.891126
s5,2375,1525.385268
s5,2376,1410.069076
s5,2377,1455.553769
s5,2378,1348.957549
s5,2379,1307.471355
s5,2380,1177.907896
s5,2381,1161.666905
s5,2382,1088.164194
s5,2383,1002.043980
s5,2384,940.162788
s5,2385,864.759974
s5,2386,844.944916
s5,2387,738.006260
s5,2388,835.158490
s5,2389,789.330458
s5,2390,879.493950
s5,2391,826.044349
s5,2392,994.572423
s5,2393,997.459811
s5,2394,961.127301
s5,2395,1180.517704
s5,2396,1260.509805
s5,2397,1244.436154
s5,2398,1343.175938
s5,2399,1413.926675
s5,2400,1648.995493
s5,2401,1493.458887
s5,2402,1573.976322
s5,2403,1452.274667
s5,2404,1388.569271
s5,2405,1278.933314
s5,2406,1008.377365
s5,2407,1114.400195
s5,2408,849.776428
s5,2409,873.608699
s5,2410,765.011638
s5,2411,846.973117
s5,2412,791.670048
s5,2413,840.809196
s5,2414,766.168694
s5,2415,778.780484
s5,2416,903.540829
s5,2417,1107.009178
s5,2418,1056.084017
s5,2419,1111.726636
s5,2420,1102.722067
s5,2421,1213.974414
s5,2422,1321.951216
s5,2423,1416.094125
s5,2424,1425.333678
s5,2425,1359.316398
s5,2426,1339.599381
s5,2427,1384.448968
s5,2428,1328.638210
s5,2429,1186.876602
s5,2430,1109.954218
s5,2431,985.185907
s5,2432,929.787931
s5,2433,611.707441
s5,2434,596.395381
s5,2435,601.909940
s5,2436,586.963354
s5,2437,656.857363
s5,2438,443.270787
s5,2439,638.194328
s5,2440,712.714703
s5,2441,722.319093
s5,2442,850.580040
s5,2443,1025.766754
s5,2444,1071.119822
s5,2445,1101.333358
s5,2446,1183.970159
s5,2447,1196.293735
s5,2448,1288.631387
s5,2449,1199.178282
s5,2450,1243.281517
s5,2451,1069.182315
s5,2452,1029.925798
s5,2453,856.564225
s5,2454,824.398690
s5,2455,800.257024
s5,2456,564.851460
s5,2457,528.464438
s5,2458,493.443400
s5,2459,411.164611
s5,2460,476.411733
s5,2461,322.868720
s5,2462,506.314616
s5,2463,590.487975
s5,2464,684.722059
s5,2465,639.496709
s5,2466,676.214880
s5,2467,712.287662
s5,2468,970.342238
s5,2469,1059.263058
s5,2470,1081.805209
s5,2471,1127.240423
s5,2472,1169.502488
s5,2473,1085.139984
s5,2474,970.275595
s5,2475,919.152271
s5,2476,893.886811
s5,2477,797.051546
s5,2478,651.707562
s5,2479,641.628486
s5,2480,504.817450
s5,2481,551.225864
s5,2482,433.294630
s5,2483,455.955740
s5,2484,279.481428
s5,2485,303.882848
s5,2486,299.359423
s5,2487,495.616397
s5,2488,782.204425
s5,2489,655.134382
s5,2490,704.097553
s5,2491,852.341881
s5,2492,929.407328
s5,2493,1088.348692
s5,2494,1084.026561
s5,2495,1065.819764
s5,2496,1013.141807
s5,2497,1180.786854
s5,2498,1202.909933
s5,2499,1090.451723
s5,2500,945.404106
s5,2501,897.803704
s5,2502,816.445698
s5,2503,792.843239
s5,2504,658.507753
s5,2505,675.592472
s5,2506,514.625403
s5,2507,444.070208
s5,2508,617.447583
s5,2509,416.483758
s5,2510,469.510435
s5,2511,744.193227
s5,2512,688.499140
s5,2513,894.395675
s5,2514,675.708729
s5,2515,1060.043002
s5,2516,1064.896556
s5,2517,1160.457392
s5,2518,1260.786441
s5,2519,1067.819699
s5,2520,1233.333252
s5,2521,1335.096600
s5,2522,1519.725449
s5,2523,1175.043778
s5,2524,1342.341235
s5,2525,1133.584210
s5,2526,1074.668727
s5,2527,835.730423
s5,2528,868.183270
s5,2529,683.826557
s5,2530,599.661601
s5,2531,749.042097
s5,2532,587.637851
s5,2533,614.104784
s5,2534,740.933052
s5,2535,687.559992
s5,2536,732.037353
s5,2537,935.948719
s5,2538,1039.835478
s5,2539,1235.392230
s5,2540,1134.374896
s5,2541,1358.132423
s5,2542,1427.138516
s5,2543,1388.723733
s5,2544,1432.768896
s5,2545,1445.326899
s5,2546,1339.764151
s5,2547,1268.280830
s5,2548,1351.279155
s5,2549,1135.007437
s5,2550,1049.925811
s5,2551,1088.408450
s5,2552,899.027748
s5,2553,830.783812
s5,2554,693.970753
s5,2555,664.784847
s5,2556,635.620825
s5,2557,643.231292
s5,2558,871.469500
s5,2559,759.842991
s5,2560,731.504533
s5,2561,908.963347
s5,2562,1139.459537
s5,2563,1095.923442
s5,2564,1270.738681
s5,2565,1283.601166
s5,2566,1285.727603
s5,2567,1418.116891
s5,2568,1400.235489
s5,2569,1482.463845
s5,2570,1489.679509
s5,2571,1375.922447
s5,2572,1503.647764
s5,2573,1137.251492
s5,2574,1219.067098
s5,2575,1050.244327
s5,2576,1028.183053
s5,2577,878.711286
s5,2578,602.288979
s5,2579,700.782371
s5,2580,776.820429
s5,2581,702.422698
s5,2582,628.010286
s5,2583,734.241773
s5,2584,867.320074
s5,2585,1016.086359
s5,2586,968.644303
s5,2587,1112.208600
s5,2588,1121.083325
s5,2589,1175.855594
s5,2590,1285.111643
s5,2591,1462.294921
s5,2592,1428.388504
s5,2593,1341.373448
s5,2594,1322.908976
s5,2595,1305.012653
s5,2596,1176.272776
s5,2597,1059.419525
s5,2598,967.617092
s5,2599,934.436289
s5,2600,757.995695
s5,2601,758.257165
s5,2602,488.879343
s5,2603,520.849131
s5,2604,519.326532
s5,2605,594.195970
s5,2606,504.646136
s5,2607,579.885455
s5,2608,709.322634
s5,2609,757.598775
s5,2610,803.096513
s5,2611,918.484519
s5,2612,959.453809
s5,2613,1163.101277
s5,2614,1193.362631
s5,2615,1261.966701
s5,2616,1379.604837
s5,2617,1293.377936
s5,2618,1200.716406
s5,2619,1097.721487
s5,2620,1196.429726
s5,2621,953.761555
s5,2622,819.666241
s5,2623,830.979172
s5,2624,670.165112
s5,2625,534.104551
s5,2626,517.567008
s5,2627,583.672891
s5,2628,425.157598
s5,2629,445.441403
s5,2630,379.171588
s5,2631,459.531946
s5,2632,630.665179
s5,2633,641.348598
s5,2634,749.437257
s5,2635,916.564217
s5,2636,899.894745
s5,2637,1118.776990
s5,2638,1017.262014
s5,2639,1050.512923
s5,2640,1064.692106
s5,2641,1005.763166
s5,2642,1126.522523
s5,2643,1032.511156
s5,2644,1059.705216
s5,2645,815.862591
s5,2646,831.094710
s5,2647,777.731600
s5,2648,569.822412
s5,2649,493.323438
s5,2650,256.690537
s5,2651,544.075809
s5,2652,372.155060
s5,2653,440.265917
s5,2654,382.749765
s5,2655,502.655627
s5,2656,466.197195
s5,2657,696.841609
s5,2658,746.449216
s5,2659,811.191548
s5,2660,966.253067
s5,2661,884.925978
s5,2662,1098.479291
s5,2663,1100.954250
s5,2664,1264.779177
s5,2665,1212.830441
s5,2666,1115.422909
s5,2667,1058.681257
s5,2668,1234.844411
s5,2669,856.964870
s5,2670,982.926300
s5,2671,818.818165
s5,2672,721.931950
s5,2673,446.528429
s5,2674,591.793272
s5,2675,455.208516
s5,2676,411.703126
s5,2677,535.684835
s5,2678,475.276279
s5,2679,630.668849
s5,2680,596.935362
s5,2681,804.223768
s5,2682,894.589967
s5,2683,902.220314
s5,2684,992.643058
s5,2685,1100.855877
s5,2686,1182.711034
s5,2687,1227.607976
s5,2688,1436.321324
s5,2689,1330.613932
s5,2690,1249.945547
s5,2691,1204.613287
s5,2692,1103.118514
s5,2693,1103.698693
s5,2694,990.034599
s5,2695,854.197045
s5,2696,767.759693
s5,2697,714.807047
s5,2698,608.502942
s5,2699,658.876354
s5,2700,569.402048
s5,2701,689.319462
s5,2702,661.422979
s5,2703,785.036561
s5,2704,780.652261
s5,2705,777.264402
s5,2706,918.986176
s5,2707,1097.618667
s5,2708,1245.092623
s5,2709,1332.809506
s5,2710,1410.345949
s5,2711,1471.053725
s5,2712,1471.340081
s5,2713,1475.285817
s5,2714,1399.340518
s5,2715,1407.923863
s5,2716,1289.459432
s5,2717,1208.838170
s5,2718,1136.508336
s5,2719,1199.354843
s5,2720,830.329688
s5,2721,825.573908
s5,2722,779.393692
s5,2723,789.313655
s5,2724,741.187360
s5,2725,869.028597
s5,2726,663.676107
s5,2727,968.684221
s5,2728,814.078243
s5,2729,941.130856
s5,2730,1131.005260
s5,2731,1192.506672
s5,2732,1276.121181
s5,2733,1363.657966
s5,2734,1450.488946
s5,2735,1535.304470
s5,2736,1512.244026
s5,2737,1381.023995
s5,2738,1387.112890
s5,2739,1488.020115
s5,2740,1454.176773
s5,2741,1291.327678
s5,2742,1203.485697
s5,2743,1046.976853
s5,2744,1082.647331
s5,2745,801.664425
s5,2746,751.144582
s5,2747,671.046578
s5,2748,821.379884
s5,2749,667.622057
s5,2750,770.287925
s5,2751,678.571807
s5,2752,739.874611
s5,2753,1003.811322
s5,2754,1072.617129
s5,2755,1174.323657
s5,2756,1212.932526
s5,2757,1251.214727
s5,2758,1301.015244
s5,2759,1286.410195
s5,2760,1353.548170
s5,2761,1469.581810
s5,2762,1321.024003
s5,2763,1175.568943
s5,2764,1175.846282
s5,2765,1027.337883
s5,2766,913.545927
s5,2767,886.668910
s5,2768,739.351317
s5,2769,614.789251
s5,2770,749.590518
s5,2771,714.010748
s5,2772,570.615254
s5,2773,668.501933
s5,2774,548.698961
s5,2775,626.505886
s5,2776,791.479139
s5,2777,796.507968
s5,2778,923.129054
s5,2779,748.392111
s5,2780,1058.959745
s5,2781,1080.254995
s5,2782,1161.355093
s5,2783,1093.645732
s5,2784,1161.857982
s5,2785,1251.450304
s5,2786,1213.657124
s5,2787,1168.141872
s5,2788,1095.538151
s5,2789,1021.402405
s5,2790,868.082076
s5,2791,719.730965
s5,2792,597.542682
s5,2793,523.108351
s5,2794,413.230480
s5,2795,363.237799
s5,2796,406.527174
s5,2797,245.512189
s5,2798,350.163281
s5,2799,431.289177
s5,2800,598.939085
s5,2801,723.159864
s5,2802,759.602243
s5,2803,825.764976
s5,2804,881.879694
s5,2805,1079.482276
s5,2806,1111.615224
s5,2807,1051.705980
s5,2808,1116.425127
s5,2809,1141.829163
s5,2810,1147.248642
s5,2811,1000.729930
s5,2812,1063.635799
s5,2813,952.247786
s5,2814,739.004013
s5,2815,659.471950
s5,2816,513.960593
s5,2817,435.534636
s5,2818,462.626232
s5,2819,503.161847
s5,2820,486.316267
s5,2821,401.745255
s5,2822,392.889102
s5,2823,428.444933
s5,2824,583.474429
s5,2825,606.898564
s5,2826,792.109494
s5,2827,830.284073
s5,2828,956.398801
s5,2829,980.827477
s5,2830,1237.340359
s5,2831,1219.268964
s5,2832,1165.247992
s5,2833,1092.209785
s5,2834,1173.140964
s5,2835,1138.783008
s5,2836,931.433524
s5,2837,939.549081
s5,2838,995.634827
s5,2839,766.583652
s5,2840,637.843174
s5,2841,635.955179
s5,2842,668.828890
s5,2843,463.867165
s5,2844,451.489160
s5,2845,478.183137
s5,2846,538.850681
s5,2847,681.470414
s5,2848,697.325832
s5,2849,601.702913
s5,2850,900.214326
s5,2851,1001.277317
s5,2852,1117.813449
s5,2853,1178.858633
s5,2854,1220.586751
s5,2855,1317.947942
s5,2856,1256.055393
s5,2857,1182.727341
s5,2858,1258.601573
s5,2859,1155.417785
s5,2860,1295.764949
s5,2861,1082.394340
s5,2862,1117.999211
s5,2863,812.370157
s5,2864,736.910560
s5,2865,783.486867
s5,2866,567.338397
s5,2867,609.181730
s5,2868,499.748656
s5,2869,686.250623
s5,2870,563.953728
s5,2871,740.533270
s5,2872,697.825441
s5,2873,956.662837
s5,2874,1100.261281
s5,2875,1132.115987
s5,2876,1146.995951
s5,2877,1337.264367
s5,2878,1447.231759
s5,2879,1479.357347
s5,2880,1540.020729
s5,2881,1585.629612
s5,2882,1434.920403
s5,2883,1349.154644
s5,2884,1252.321121
s5,2885,1215.097630
s5,2886,1106.938758
s5,2887,990.912320
s5,2888,966.147816
s5,2889,1009.235388
s5,2890,741.378564
s5,2891,722.542905
s5,2892,714.275227
s5,2893,671.648568
s5,2894,857.316257
s5,2895,822.074148
s5,2896,950.702976
s5,2897,874.304006
s5,2898,1130.102865
s5,2899,1175.455482
s5,2900,1168.872016
s5,2901,1420.468514
s5,2902,1490.008668
s5,2903,1478.963649
s5,2904,1515.059781
s5,2905,1402.431269
s5,2906,1516.515959
s5,2907,1367.174114
s5,2908,1345.027810
s5,2909,1264.679141
s5,2910,1158.268107
s5,2911,968.559167
s5,2912,947.724976
s5,2913,853.620619
s5,2914,862.361962
s5,2915,671.754449
s5,2916,774.895561
s5,2917,740.717159
s5,2918,735.530412
s5,2919,920.055984
s5,2920,907.721896
s5,2921,888.627521
s5,2922,1041.133506
s5,2923,1054.298523
s5,2924,1109.680261
s5,2925,1234.055083
s5,2926,1293.324050
s5,2927,1493.610178
s5,2928,1439.442062
s5,2929,1188.245906
s5,2930,1319.260057
s5,2931,1218.966672
s5,2932,1181.121114
s5,2933,1111.384393
s5,2934,999.496558
s5,2935,924.281140
s5,2936,736.034923
s5,2937,811.158656
s5,2938,625.179996
s5,2939,676.151190
s5,2940,551.117732
s5,2941,594.048346
s5,2942,509.810102
s5,2943,709.769218
s5,2944,714.601449
s5,2945,743.120749
s5,2946,889.353549
s5,2947,986.063151
s5,2948,922.012191
s5,2949,1054.888346
s5,2950,1094.438097
s5,2951,1266.768272
s5,2952,1232.092102
s5,2953,1156.791565
s5,2954,1116.830254
s5,2955,1107.099954
s5,2956,860.938507
s5,2957,926.770551
s5,2958,954.983497
s5,2959,632.482426
s5,2960,550.697634
s5,2961,469.666189
s5,2962,517.299794
s5,2963,380.657055
s5,2964,551.679563
s5,2965,399.327504
s5,2966,404.028502
s5,2967,408.841126
s5,2968,610.123786
s5,2969,722.515815
s5,2970,747.459284
s5,2971,925.511930
s5,2972,1010.236133
s5,2973,1023.243287
s5,2974,1063.539703
s5,2975,1059.652017
s5,2976,1134.786169
s5,2977,1085.371362
s5,2978,1189.240249
s5,2979,1081.339614
s5,2980,939.763649
s5,2981,836.296946
s5,2982,800.888414
s5,2983,751.462374
s5,2984,603.060370
s5,2985,577.777975
s5,2986,405.618482
s5,2987,413.421533
s5,2988,427.306902
s5,2989,401.275622
s5,2990,448.086509
s5,2991,550.602846
s5,2992,550.136177
s5,2993,713.937621
s5,2994,699.841474
s5,2995,874.742417
s5,2996,901.959393
s5,2997,990.170856
s5,2998,1131.249144
s5,2999,1228.951852
s5,3000,1149.204454
s5,3001,1164.266632
s5,3002,1229.718133
s5,3003,1023.723521
s5,3004,1083.453730
s5,3005,848.156611
s5,3006,705.128841
s5,3007,779.599553
s5,3008,646.210788
s5,3009,554.589147
s5,3010,356.133590
s5,3011,523.692058
s5,3012,449.111984
s5,3013,407.984525
s5,3014,523.662688
s5,3015,503.397608
s5,3016,613.609539
s5,3017,703.826464
s5,3018,937.731892
s5,3019,960.560007
s5,3020,1163.071899
s5,3021,1095.082753
s5,3022,1137.729104
s5,3023,1406.841090
s5,3024,1200.226332
s5,3025,1393.816762
s5,3026,1198.187002
s5,3027,1286.559929
s5,3028,1112.989742
s5,3029,1199.877267
s5,3030,1146.356751
s5,3031,987.357866
s5,3032,851.095914
s5,3033,723.589771
s5,3034,751.525378
s5,3035,812.231868
s5,3036,609.824418
s5,3037,571.230820
s5,3038,825.035178
s5,3039,735.377215
s5,3040,884.848783
s5,3041,937.155080
s5,3042,1043.690605
s5,3043,1105.241914
s5,3044,1212.846772
s5,3045,1184.916355
s5,3046,1336.079872
s5,3047,1361.923249
s5,3048,1536.523581
s5,3049,1425.280769
s5,3050,1429.783982
s5,3051,1247.938109
s5,3052,1308.933089
s5,3053,1333.231246
s5,3054,1140.687368
s5,3055,1099.610413
s5,3056,921.903933
s5,3057,821.132689
s5,3058,875.809264
s5,3059,729.672919
s5,3060,667.664723
s5,3061,745.046804
s5,3062,755.880219
s5,3063,916.830426
s5,3064,965.671776
s5,3065,892.125983
s5,3066,1131.987679
s5,3067,1091.539120
s5,3068,1295.601262
s5,3069,1404.841224
s5,3070,1387.518722
s5,3071,1429.072319
s5,3072,1542.806633
s5,3073,1456.240231
s5,3074,1362.456421
s5,3075,1511.685701
s5,3076,1380.716336
s5,3077,1261.477605
s5,3078,1154.213841
s5,3079,1104.395148
s5,3080,939.982290
s5,3081,907.830102
s5,3082,805.678117
s5,3083,684.084011
s5,3084,789.497668
s5,3085,725.239693
s5,3086,678.704645
s5,3087,754.522614
s5,3088,676.930135
s5,3089,812.805142
s5,3090,917.689756
s5,3091,1168.155612
s5,3092,1251.981379
s5,3093,1362.543419
s5,3094,1366.587861
s5,3095,1500.445185
s5,3096,1351.626729
s5,3097,1316.631585
s5,3098,1266.428276
s5,3099,1289.543458
s5,3100,1147.433038
s5,3101,1033.961202
s5,3102,960.104805
s5,3103,907.506630
s5,3104,701.366871
s5,3105,708.036732
s5,3106,635.915395
s5,3107,711.022176
s5,3108,571.481708
s5,3109,463.563819
s5,3110,601.613420
s5,3111,643.373209
s5,3112,601.154366
s5,3113,548.279900
s5,3114,918.297283
s5,3115,938.750270
s5,3116,984.109428
s5,3117,1099.131979
s5,3118,1264.802352
s5,3119,1336.222892
s5,3120,1185.146368
s5,3121,1320.916348
s5,3122,1167.232301
s5,3123,1111.979479
s5,3124,1026.124269
s5,3125,936.085630
s5,3126,829.400998
s5,3127,687.065883
s5,3128,642.114308
s5,3129,479.742843
s5,3130,527.443019
s5,3131,389.664989
s5,3132,450.184452
s5,3133,406.400152
s5,3134,309.193134
s5,3135,579.062923
s5,3136,582.323769
s5,3137,638.860902
s5,3138,710.618954
s5,3139,962.686639
s5,3140,900.559535
s5,3141,1068.311898
s5,3142,1074.227908
s5,3143,1001.850897
s5,3144,1171.807841
s5,3145,997.943582
s5,3146,1112.328680
s5,3147,1055.032044
s5,3148,968.760408
s5,3149,808.800808
s5,3150,872.729243
s5,3151,803.750955
s5,3152,512.727988
s5,3153,472.229845
s5,3154,558.075314
s5,3155,362.806218
s5,3156,448.295035
s5,3157,311.744482
s5,3158,369.956494
s5,3159,491.908271
s5,3160,581.120861
s5,3161,529.542292
s5,3162,656.802311
s5,3163,872.633511
s5,3164,1024.723232
s5,3165,1052.676236
s5,3166,1109.266909
s5,3167,1162.275813
s5,3168,1063.023802
s5,3169,1181.592571
s5,3170,1192.900553
s5,3171,1121.738462
s5,3172,923.318045
s5,3173,857.265842
s5,3174,922.008440
s5,3175,644.719679
s5,3176,581.952280
s5,3177,703.769928
s5,3178,460.869714
s5,3179,436.241774
s5,3180,524.796581
s5,3181,547.786497
s5,3182,514.148343
s5,3183,480.138557
s5,3184,627.191588
s5,3185,771.135447
s5,3186,792.432759
s5,3187,891.841511
s5,3188,1155.930733
s5,3189,1191.048045
s5,3190,1280.116935
s5,3191,1338.903715
s5,3192,1224.065781
s5,3193,1335.753325
s5,3194,1364.693831
s5,3195,1280.038597
s5,3196,1078.036112
s5,3197,968.611302
s5,3198,936.251908
s5,3199,946.478153
s5,3200,806.819984
s5,3201,766.959038
s5,3202,594.716400
s5,3203,713.358089
s5,3204,584.116872
s5,3205,734.334363
s5,3206,685.243778
s5,3207,525.056858
s5,3208,810.032590
s5,3209,852.092048
s5,3210,954.832139
s5,3211,1107.854937
s5,3212,1296.426547
s5,3213,1365.615368
s5,3214,1475.660735
s5,3215,1419.519969
s5,3216,1304.725519
s5,3217,1400.482479
s5,3218,1348.024532
s5,3219,1314.640092
s5,3220,1494.661022
s5,3221,1272.788664
s5,3222,1049.704239
s5,3223,1116.394187
s5,3224,916.520232
s5,3225,759.847297
s5,3226,884.884879
s5,3227,721.039161
s5,3228,748.225628
s5,3229,916.828330
s5,3230,702.332254
s5,3231,909.270497
s5,3232,882.037172
s5,3233,909.622932
s5,3234,1068.743598
s5,3235,1196.989626
s5,3236,1289.575577
s5,3237,1241.607554
s5,3238,1481.578336
s5,3239,1398.061748
s5,3240,1502.316572
s5,3241,1487.149805
s5,3242,1398.121970
s5,3243,1428.208109
s5,3244,1255.489865
s5,3245,1149.191762
s5,3246,1016.043988
s5,3247,883.245856
s5,3248,874.474958
s5,3249,678.922023
s5,3250,746.762911
s5,3251,686.051275
s5,3252,824.540503
s5,3253,617.502908
s5,3254,814.908510
s5,3255,805.703503
s5,3256,867.823819
s5,3257,880.419131
s5,3258,955.524903
s5,3259,1084.031572
s5,3260,1190.585325
s5,3261,1312.039066
s5,3262,1289.464060
s5,3263,1480.973332
s5,3264,1503.247455
s5,3265,1182.730689
s5,3266,1338.967644
s5,3267,1260.463304
s5,3268,1116.962295
s5,3269,896.789828
s5,3270,866.127323
s5,3271,877.382377
s5,3272,843.929453
s5,3273,738.242218
s5,3274,671.772497
s5,3275,566.946061
s5,3276,633.040172
s5,3277,591.670150
s5,3278,663.713920
s5,3279,616.592458
s5,3280,643.269238
s5,3281,658.183011
s5,3282,975.086132
s5,3283,907.087870
s5,3284,958.123035
s5,3285,951.219376
s5,3286,1209.925095
s5,3287,1102.359542
s5,3288,1223.013899
s5,3289,1226.895244
s5,3290,1275.189778
s5,3291,1056.488342
s5,3292,886.922104
s5,3293,1003.632535
s5,3294,857.848686
s5,3295,689.249017
s5,3296,636.827770
s5,3297,693.640614
s5,3298,488.635617
s5,3299,387.467855
s5,3300,406.737702
s5,3301,457.358211
s5,3302,468.102660
s5,3303,515.805680
s5,3304,583.942587
s5,3305,556.001134
s5,3306,779.674086
s5,3307,906.030165
s5,3308,967.152545
s5,3309,991.667322
s5,3310,1052.677471
s5,3311,1114.270514
s5,3312,1122.402125
s5,3313,987.980747
s5,3314,1069.408328
s5,3315,1118.376382
s5,3316,927.256744
s5,3317,825.221889
s5,3318,815.098425
s5,3319,679.681687
s5,3320,529.748371
s5,3321,514.586033
s5,3322,565.562874
s5,3323,532.806134
s5,3324,389.906819
s5,3325,373.872478
s5,3326,507.666455
s5,3327,509.005402
s5,3328,590.174876
s5,3329,634.122934
s5,3330,639.988295
s5,3331,729.090683
s5,3332,926.056803
s5,3333,935.301912
s5,3334,1144.529848
s5,3335,1201.535635
s5,3336,1265.735295
s5,3337,1162.636673
s5,3338,1273.654555
s5,3339,1175.177516
s5,3340,1041.832114
s5,3341,987.971266
s5,3342,800.471878
s5,3343,515.999674
s5,3344,742.845102
s5,3345,626.617634
s5,3346,656.844555
s5,3347,530.771500
s5,3348,467.893610
s5,3349,456.780793
s5,3350,484.619930
s5,3351,602.542787
s5,3352,534.014427
s5,3353,678.709561
s5,3354,925.812414
s5,3355,815.195078
s5,3356,949.566036
s5,3357,1109.243207
s5,3358,1193.995977
s5,3359,1279.662249
s6,0,2947.576625
s6,1,3004.683365
s6,2,2205.185936
s6,3,2445.077878
s6,4,2453.940836
s6,5,2316.779289
s6,6,2011.852839
s6,7,1965.857926
s6,8,1617.346003
s6,9,1540.898041
s6,10,1409.152172
s6,11,1188.564372
s6,12,1259.014756
s6,13,1542.152652
s6,14,1523.348175
s6,15,1993.894553
s6,16,2199.981054
s6,17,2499.261934
s6,18,2426.985782
s6,19,2859.517073
s6,20,2674.083474
s6,21,2831.648680
s6,22,3071.811506
s6,23,3147.792668
s6,24,2835.972566
s6,25,2750.411520
s6,26,2971.128647
s6,27,2623.106085
s6,28,2771.876114
s6,29,2442.845503
s6,30,2227.775409
s6,31,2022.767175
s6,32,1968.676233
s6,33,1673.649624
s6,34,1790.347813
s6,35,1502.648994
s6,36,1574.893425
s6,37,1578.657479
s6,38,1907.337639
s6,39,1980.859866
s6,40,2028.789966
s6,41,2693.949118
s6,42,2523.567431
s6,43,2758.320866
s6,44,3008.897163
s6,45,3356.525354
s6,46,3137.373217
s6,47,3305.110954
s6,48,3184.856524
s6,49,2857.651622
s6,50,3092.766076
s6,51,2963.222115
s6,52,2566.080519
s6,53,2390.227043
s6,54,1938.415290
s6,55,1732.765294
s6,56,1736.817690
s6,57,1759.422696
s6,58,1489.781305
s6,59,1568.987727
s6,60,1688.497264
s6,61,1613.022394
s6,62,1801.315093
s6,63,2092.135976
s6,64,1840.575772
s6,65,2353.895022
s6,66,2129.608060
s6,67,2683.799435
s6,68,2804.756447
s6,69,2805.295593
s6,70,2793.212181
s6,71,2976.589527
s6,72,2886.993415
s6,73,2881.064544
s6,74,2584.708723
s6,75,2641.762496
s6,76,2184.294854
s6,77,2080.921928
s6,78,1844.528609
s6,79,1900.018094
s6,80,1273.356616
s6,81,1299.125654
s6,82,1453.503476
s6,83,1110.046834
s6,84,1022.606515
s6,85,1324.809882
s6,86,1339.882505
s6,87,1666.408500
s6,88,1560.991846
s6,89,1930.110477
s6,90,2199.333673
s6,91,2439.396424
s6,92,2252.063973
s6,93,2775.110902
s6,94,2475.334394
s6,95,2397.610148
s6,96,2452.793536
s6,97,2543.356713
s6,98,2332.335137
s6,99,2280.026566
s6,100,2086.097325
s6,101,1839.447000
s6,102,1528.117939
s6,103,1652.128965
s6,104,826.416257
s6,105,760.245116
s6,106,860.095231
s6,107,696.401502
s6,108,499.241246
s6,109,845.461645
s6,110,965.802124
s6,111,847.175930
s6,112,1558.851885
s6,113,1828.139819
s6,114,2018.862307
s6,115,1929.249136
s6,116,2198.217728
s6,117,2122.533354
s6,118,2416.383115
s6,119,2305.336658
s6,120,2454.688255
s6,121,2257.586123
s6,122,2353.689451
s6,123,2157.138853
s6,124,2031.478458
s6,125,1369.504353
s6,126,1127.101170
s6,127,1287.829942
s6,128,961.823572
s6,129,986.751417
s6,130,886.706339
s6,131,836.232755
s6,132,978.031296
s6,133,997.200033
s6,134,1109.541649
s6,135,1057.068992
s6,136,1671.468123
s6,137,1627.561320
s6,138,1998.502016
s6,139,2075.893130
s6,140,2403.637590
s6,141,2365.292297
s6,142,2469.904465
s6,143,2499.786074
s6,144,2352.956818
s6,145,2310.776954
s6,146,2267.088030
s6,147,2120.806755
s6,148,1802.828638
s6,149,2142.207701
s6,150,1411.823139
s6,151,1336.303599
s6,152,1618.968666
s6,153,1002.220778
s6,154,1156.967854
s6,155,1119.258915
s6,156,1014.085097
s6,157,905.926267
s6,158,1021.559097
s6,159,1444.255123
s6,160,1717.299679
s6,161,1525.421313
s6,162,2117.209003
s6,163,2198.184218
s6,164,2630.565008
s6,165,2662.848409
s6,166,2607.461297
s6,167,2716.852934
s6,168,2786.835725
s6,169,2936.415383
s6,170,3101.869386
s6,171,2525.778767
s6,172,2312.550421
s6,173,2214.470714
s6,174,1914.594480
s6,175,1839.987537
s6,176,1646.000649
s6,177,1466.688306
s6,178,1267.518996
s6,179,1400.336060
s6,180,1553.570753
s6,181,1508.284281
s6,182,1873.471140
s6,183,1956.423083
s6,184,1987.640338
s6,185,2505.183822
s6,186,2266.966887
s6,187,2841.467592
s6,188,3132.207836
s6,189,2938.112781
s6,190,3059.091837
s6,191,3269.800863
s6,192,3338.090635
s6,193,3115.781093
s6,194,2971.127037
s6,195,2926.463312
s6,196,2639.050320
s6,197,2205.389006
s6,198,2167.584552
s6,199,2006.090152
s6,200,1604.492765
s6,201,1781.115992
s6,202,1516.934155
s6,203,1724.616534
s6,204,1391.532733
s6,205,1560.536545
s6,206,1597.361578
s6,207,2199.474701
s6,208,2389.436693
s6,209,2627.442786
s6,210,2836.679099
s6,211,2940.442869
s6,212,3107.750239
s6,213,2823.944345
s6,214,3232.574566
s6,215,3131.454866
s6,216,3136.524902
s6,217,2914.191170
s6,218,3195.123461
s6,219,2844.263380
s6,220,2385.625253
s6,221,2492.844434
s6,222,2183.584159
s6,223,1825.161485
s6,224,1765.119181
s6,225,1547.181428
s6,226,1207.704875
s6,227,1286.490897
s6,228,1621.038646
s6,229,1657.374116
s6,230,1755.732810
s6,231,1673.794623
s6,232,1944.820124
s6,233,2245.353135
s6,234,2541.655537
s6,235,2479.854705
s6,236,2602.685212
s6,237,3074.597806
s6,238,2976.231283
s6,239,2925.533959
s6,240,2834.203986
s6,241,2760.224975
s6,242,2983.493869
s6,243,2709.578697
s6,244,2283.187600
s6,245,1928.979406
s6,246,2175.004679
s6,247,1948.395765
s6,248,1705.330883
s6,249,1500.016849
s6,250,962.375033
s6,251,1008.802296
s6,252,1311.312181
s6,253,1233.968814
s6,254,1427.161830
s6,255,1448.776115
s6,256,1603.132622
s6,257,1988.097907
s6,258,2028.643481
s6,259,2273.240907
s6,260,2469.907034
s6,261,2584.368429
s6,262,2804.826919
s6,263,2858.542321
s6,264,2386.573738
s6,265,2475.464359
s6,266,2280.007730
s6,267,2330.079641
s6,268,1835.556887
s6,269,1912.259426
s6,270,1680.581891
s6,271,1453.982842
s6,272,1024.812924
s6,273,1002.911058
s6,274,767.862141
s6,275,960.261301
s6,276,1060.521345
s6,277,728.842652
s6,278,952.885868
s6,279,1212.303034
s6,280,1335.982277
s6,281,1858.687487
s6,282,1797.635305
s6,283,2050.522145
s6,284,1996.250405
s6,285,2548.292046
s6,286,2409.409316
s6,287,2536.582353
s6,288,2402.567153
s6,289,1972.702376
s6,290,1932.186054
s6,291,1818.374594
s6,292,1908.245640
s6,293,1544.403308
s6,294,1486.452348
s6,295,1268.635472
s6,296,1093.763268
s6,297,1069.842410
s6,298,867.771516
s6,299,544.413013
s6,300,722.011570
s6,301,1173.624131
s6,302,862.163883
s6,303,1417.999828
s6,304,1659.908726
s6,305,1512.086218
s6,306,1876.453942
s6,307,1799.180573
s6,308,2324.103972
s6,309,2216.274270
s6,310,2225.414931
s6,311,2414.849754
s6,312,2393.163460
s6,313,2308.647982
s6,314,2322.001914
s6,315,2112.485823
s6,316,1853.902864
s6,317,1916.964710
s6,318,1956.284621
s6,319,1395.670286
s6,320,1115.018173
s6,321,948.926842
s6,322,1128.811043
s6,323,972.468839
s6,324,1049.777499
s6,325,815.401612
s6,326,1088.912739
s6,327,1259.562177
s6,328,1800.955992
s6,329,1827.145264
s6,330,1695.068285
s6,331,2379.947420
s6,332,2668.532094
s6,333,2843.297805
s6,334,2287.397131
s6,335,2809.056905
s6,336,2908.869410
s6,337,2817.347428
s6,338,2575.951877
s6,339,2178.938098
s6,340,2222.368289
s6,341,2048.682325
s6,342,1999.066126
s6,343,1828.675038
s6,344,1532.127825
s6,345,1588.231368
s6,346,1211.495039
s6,347,1251.159730
s6,348,1389.507465
s6,349,1573.193798
s6,350,1564.635056
s6,351,1987.349826
s6,352,2058.944318
s6,353,2059.592791
s6,354,2444.851659
s6,355,2496.122912
s6,356,2665.008157
s6,357,2733.875454
s6,358,3282.414391
s6,359,3248.269976
s6,360,2835.718298
s6,361,3205.393876
s6,362,3068.069217
s6,363,2702.919590
s6,364,2659.689207
s6,365,2738.912404
s6,366,2224.422825
s6,367,2056.920064
s6,368,2004.976820
s6,369,1532.591296
s6,370,1414.099208
s6,371,1361.289711
s6,372,1598.545598
s6,373,1827.180456
s6,374,1674.311268
s6,375,1756.048483
s6,376,2201.511708
s6,377,2317.741965
s6,378,2682.515545
s6,379,2761.222706
s6,380,2922.006590
s6,381,3069.487393
s6,382,3173.195117
s6,383,3045.039758
s6,384,2995.977796
s6,385,3352.956129
s6,386,3467.482836
s6,387,2986.394929
s6,388,2351.139609
s6,389,2405.165359
s6,390,2376.823339
s6,391,1725.153103
s6,392,1729.686474
s6,393,1602.149734
s6,394,1426.744236
s6,395,1396.759071
s6,396,1704.539839
s6,397,1534.117228
s6,398,1681.789990
s6,399,2144.259766
s6,400,1912.907931
s6,401,1937.310858
s6,402,2543.961408
s6,403,2946.091111
s6,404,2815.135636
s6,405,2950.383047
s6,406,2768.453933
s6,407,2845.357162
s6,408,3196.202349
s6,409,3076.016408
s6,410,2832.937379
s6,411,2460.140117
s6,412,2167.447581
s6,413,1969.865678
s6,414,1726.715067
s6,415,1802.083878
s6,416,1392.680588
s6,417,1291.512010
s6,418,1380.279622
s6,419,1327.521098
s6,420,1232.476573
s6,421,1359.242755
s6,422,1389.568290
s6,423,1224.767187
s6,424,1697.167947
s6,425,1832.722198
s6,426,2036.490906
s6,427,2312.924402
s6,428,2338.729490
s6,429,2743.676645
s6,430,2592.325600
s6,431,2666.537757
s6,432,2658.649035
s6,433,2491.170458
s6,434,2487.847585
s6,435,2331.071227
s6,436,2108.200599
s6,437,1674.673821
s6,438,1422.918897
s6,439,1263.270679
s6,440,1179.893676
s6,441,735.309077
s6,442,802.841399
s6,443,709.552113
s6,444,796.640124
s6,445,821.030230
s6,446,1212.482648
s6,447,1306.842528
s6,448,1571.152691
s6,449,1458.052612
s6,450,1692.641085
s6,451,1959.009258
s6,452,2436.703737
s6,453,2567.657055
s6,454,2281.141746
s6,455,2511.341539
s6,456,2730.783704
s6,457,2145.412537
s6,458,2155.814357
s6,459,2231.274166
s6,460,1947.583191
s6,461,1465.437954
s6,462,1660.476938
s6,463,1379.476997
s6,464,1164.100407
s6,465,723.256570
s6,466,811.524894
s6,467,1017.822500
s6,468,908.940643
s6,469,1035.491759
s6,470,990.537860
s6,471,1441.739544
s6,472,1356.379449
s6,473,1754.700406
s6,474,1872.782931
s6,475,1868.628160
s6,476,2437.998749
s6,477,2138.426721
s6,478,2316.668590
s6,479,2499.956702
s6,480,2240.702051
s6,481,2112.377137
s6,482,2270.847789
s6,483,2070.069928
s6,484,1914.815843
s6,485,1844.247870
s6,486,1929.388110
s6,487,1316.883686
s6,488,1618.064381
s6,489,1144.552723
s6,490,1016.882435
s6,491,578.333477
s6,492,799.346943
s6,493,1173.201100
s6,494,1355.550870
s6,495,1307.993851
s6,496,1693.950964
s6,497,2009.492237
s6,498,1997.140465
s6,499,2037.707689
s6,500,2324.431814
s6,501,2580.284482
s6,502,2775.274455
s6,503,2902.776769
s6,504,2624.372811
s6,505,2719.737493
s6,506,2565.822125
s6,507,2466.381938
s6,508,2461.806181
s6,509,2301.870169
s6,510,1824.689626
s6,511,1622.788973
s6,512,1454.166339
s6,513,1362.225724
s6,514,1308.223333
s6,515,1327.275640
s6,516,1307.837095
s6,517,1303.842078
s6,518,1423.161555
s6,519,1793.925403
s6,520,2378.551598
s6,521,2295.301018
s6,522,2529.706289
s6,523,2688.888298
s6,524,2787.951993
s6,525,3277.490996
s6,526,3003.308393
s6,527,2941.469856
s6,528,2888.761037
s6,529,3051.802408
s6,530,2749.372177
s6,531,2615.951598
s6,532,2434.009954
s6,533,2163.753053
s6,534,2200.169683
s6,535,1715.244351
s6,536,2185.546428
s6,537,1250.644379
s6,538,1388.322786
s6,539,1592.035990
s6,540,1673.258293
s6,541,1628.352372
s6,542,1853.512079
s6,543,1999.819899
s6,544,2184.188267
s6,545,2465.029148
s6,546,2618.868617
s6,547,2759.538165
s6,548,2922.187036
s6,549,3217.684973
s6,550,3131.154657
s6,551,3283.730631
s6,552,3422.186255
s6,553,3154.082103
s6,554,3160.117586
s6,555,2731.852770
s6,556,2649.280033
s6,557,2475.664757
s6,558,2216.972912
s6,559,2054.696517
s6,560,2025.964864
s6,561,1610.111267
s6,562,1458.849344
s6,563,1575.738160
s6,564,1301.214756
s6,565,1596.040631
s6,566,1900.477465
s6,567,1858.768138
s6,568,2127.495201
s6,569,2296.318241
s6,570,2623.586577
s6,571,2695.740727
s6,572,2804.775281
s6,573,2359.282522
s6,574,2881.498848
s6,575,3099.375462
s6,576,2928.447645
s6,577,2743.882362
s6,578,2872.534893
s6,579,2410.395677
s6,580,2292.034652
s6,581,2235.060753
s6,582,1820.336114
s6,583,1719.771891
s6,584,1504.368922
s6,585,1167.426423
s6,586,1173.446723
s6,587,1149.744852
s6,588,1109.605445
s6,589,1446.291344
s6,590,1373.956775
s6,591,1421.422526
s6,592,1476.370541
s6,593,1838.037377
s6,594,2292.205736
s6,595,2214.331584
s6,596,2539.122332
s6,597,2608.765902
s6,598,2525.473525
s6,599,2476.315606
s6,600,2680.690466
s6,601,2238.184687
s6,602,2464.134538
s6,603,2008.807952
s6,604,2133.239906
s6,605,1715.662106
s6,606,1544.879971
s6,607,1520.423071
s6,608,1011.602097
s6,609,1036.782969
s6,610,881.617199
s6,611,970.101083
s6,612,1014.809053
s6,613,1010.426947
s6,614,1110.775580
s6,615,1166.411603
s6,616,1510.546492
s6,617,1575.112582
s6,618,1834.718549
s6,619,2032.944999
s6,620,1950.201578
s6,621,2114.276226
s6,622,2411.793883
s6,623,2403.662977
s6,624,2582.898271
s6,625,1917.839526
s6,626,2215.721173
s6,627,2192.867818
s6,628,1842.093240
s6,629,1745.399604
s6,630,1416.104865
s6,631,1208.821436
s6,632,1193.055521
s6,633,711.635035
s6,634,476.409984
s6,635,878.446777
s6,636,845.556920
s6,637,921.384412
s6,638,1074.785629
s6,639,1295.028313
s6,640,1316.854528
s6,641,1677.768955
s6,642,1866.817742
s6,643,1836.367400
s6,644,2172.168705
s6,645,2379.794237
s6,646,2305.195622
s6,647,2639.566949
s6,648,2414.577900
s6,649,2526.460170
s6,650,2518.546044
s6,651,1900.950591
s6,652,1745.803116
s6,653,1855.695246
s6,654,1535.831570
s6,655,1464.682828
s6,656,1500.462890
s6,657,1028.345020
s6,658,1169.564920
s6,659,970.651678
s6,660,943.003667
s6,661,1208.222653
s6,662,1309.634233
s6,663,1615.807787
s6,664,1698.532885
s6,665,2008.471489
s6,666,2175.225802
s6,667,2030.594204
s6,668,2429.042129
s6,669,2582.791741
s6,670,2877.440345
s6,671,2617.204350
s6,672,2808.972534
s6,673,2654.635511
s6,674,2324.007053
s6,675,2443.053993
s6,676,2393.551527
s6,677,2042.247901
s6,678,2055.345802
s6,679,1788.230915
s6,680,1621.126138
s6,681,1371.683997
s6,682,1355.008480
s6,683,1435.246878
s6,684,1398.591421
s6,685,1285.687437
s6,686,1588.901172
s6,687,1854.438727
s6,688,2172.952041
s6,689,2346.034619
s6,690,2275.241032
s6,691,2749.731694
s6,692,2563.216608
s6,693,2859.218281
s6,694,2929.492726
s6,695,3346.038356
s6,696,3201.657123
s6,697,3075.267046
s6,698,2815.897265
s6,699,2959.426516
s6,700,2539.946224
s6,701,2455.862854
s6,702,2355.754028
s6,703,1942.585324
s6,704,1912.811542
s6,705,1383.327025
s6,706,1710.407930
s6,707,1317.443337
s6,708,1678.176975
s6,709,1735.595531
s6,710,1889.893779
s6,711,2346.640513
s6,712,1771.338161
s6,713,2449.014140
s6,714,2520.798828
s6,715,2900.031262
s6,716,2998.458581
s6,717,3096.358477
s6,718,3083.562261
s6,719,3081.914991
s6,720,3228.557945
s6,721,2853.805795
s6,722,3140.688674
s6,723,2711.273373
s6,724,2681.319589
s6,725,2206.909273
s6,726,2255.600119
s6,727,1943.031091
s6,728,1926.674849
s6,729,1859.000760
s6,730,1482.332127
s6,731,1543.149242
s6,732,1576.590926
s6,733,1834.582581
s6,734,1506.440946
s6,735,1960.031543
s6,736,2041.294528
s6,737,2047.410978
s6,738,2383.030759
s6,739,2512.699472
s6,740,2953.923344
s6,741,2746.630994
s6,742,3133.733616
s6,743,2918.376973
s6,744,3066.712480
s6,745,2597.926722
s6,746,2613.883778
s6,747,2586.012936
s6,748,2209.538464
s6,749,1886.657980
s6,750,1916.358834
s6,751,1828.163387
s6,752,1520.276045
s6,753,1337.494306
s6,754,1335.131821
s6,755,1153.314866
s6,756,1374.492700
s6,757,1461.987856
s6,758,1188.718872
s6,759,1706.232004
s6,760,1823.522838
s6,761,1952.101764
s6,762,2209.574763
s6,763,2508.895653
s6,764,2743.686985
s6,765,2813.823704
s6,766,2588.247036
s6,767,2861.493017
s6,768,2346.575193
s6,769,2670.756429
s6,770,2505.328542
s6,771,2375.223348
s6,772,1872.693363
s6,773,2028.293835
s6,774,1782.584947
s6,775,1404.878266
s6,776,963.646519
s6,777,1099.851011
s6,778,815.220019
s6,779,656.633721
s6,780,802.802980
s6,781,1356.417182
s6,782,858.192594
s6,783,1191.535566
s6,784,1458.059959
s6,785,1776.462462
s6,786,1666.507763
s6,787,1857.741739
s6,788,2319.668091
s6,789,2347.779511
s6,790,2582.401619
s6,791,2229.265153
s6,792,2372.749500
s6,793,2461.174486
s6,794,2208.205107
s6,795,1845.235197
s6,796,1852.489926
s6,797,1323.484886
s6,798,1294.792364
s6,799,1345.299879
s6,800,1195.259434
s6,801,986.001323
s6,802,947.499645
s6,803,564.893258
s6,804,724.726308
s6,805,1072.618527
s6,806,1397.434862
s6,807,1269.975841
s6,808,1246.638316
s6,809,1451.778718
s6,810,2011.281757
s6,811,2195.104715
s6,812,2005.421265
s6,813,2360.777592
s6,814,2654.149076
s6,815,2700.328404
s6,816,2381.328406
s6,817,2372.253467
s6,818,2363.213048
s6,819,1962.976485
s6,820,1698.439006
s6,821,1654.393882
s6,822,1760.015221
s6,823,1556.935932
s6,824,1301.515919
s6,825,918.132924
s6,826,717.822261
s6,827,843.329458
s6,828,1047.825553
s6,829,1292.515260
s6,830,1121.572729
s6,831,1448.964870
s6,832,1354.514602
s6,833,1523.414675
s6,834,2080.814508
s6,835,2101.023254
s6,836,2308.702071
s6,837,2258.028719
s6,838,2850.303537
s6,839,2481.573730
s6,840,2765.591512
s6,841,2462.616425
s6,842,2532.870900
s6,843,2660.817251
s6,844,2309.582258
s6,845,2098.413922
s6,846,2029.040519
s6,847,1790.344420
s6,848,1772.223740
s6,849,1198.886729
s6,850,1577.457883
s6,851,1351.380266
s6,852,1209.112238
s6,853,1558.290551
s6,854,1683.395608
s6,855,1770.853209
s6,856,2112.301028
s6,857,1984.330072
s6,858,2148.959579
s6,859,2526.162267
s6,860,2976.923682
s6,861,3031.184337
s6,862,3044.026588
s6,863,2986.967624
s6,864,3076.033678
s6,865,3199.656505
s6,866,2812.011255
s6,867,2654.356413
s6,868,2635.810660
s6,869,2471.919098
s6,870,2190.244705
s6,871,2208.921803
s6,872,1848.549720
s6,873,1534.615940
s6,874,1256.961604
s6,875,1767.482395
s6,876,1578.286451
s6,877,1734.252690
s6,878,1879.472605
s6,879,2186.679507
s6,880,2330.262043
s6,881,2530.281144
s6,882,2626.342702
s6,883,2740.971380
s6,884,2989.671483
s6,885,2947.816522
s6,886,3221.728493
s6,887,3365.857208
s6,888,3286.929852
s6,889,3118.951192
s6,890,2829.383470
s6,891,2662.083009
s6,892,2491.791201
s6,893,2331.072886
s6,894,2252.409059
s6,895,2057.612146
s6,896,1893.996021
s6,897,1823.432244
s6,898,1411.928958
s6,899,1491.078516
s6,900,1620.632551
s6,901,1727.013729
s6,902,1604.249841
s6,903,1751.503789
s6,904,2224.834144
s6,905,2346.489711
s6,906,2505.200566
s6,907,2572.026783
s6,908,2622.644745
s6,909,2890.228326
s6,910,3017.699389
s6,911,3068.621688
s6,912,3092.777474
s6,913,2885.997102
s6,914,2931.969466
s6,915,2503.710410
s6,916,2406.630236
s6,917,2142.881013
s6,918,1624.949422
s6,919,1491.670711
s6,920,1430.772955
s6,921,1390.974879
s6,922,1318.416676
s6,923,1420.389146
s6,924,1219.875986
s6,925,1228.639832
s6,926,1438.372140
s6,927,1340.015074
s6,928,1678.122582
s6,929,1739.020606
s6,930,2101.901413
s6,931,2161.685320
s6,932,2361.239246
s6,933,2849.424653
s6,934,2793.937182
s6,935,3034.763192
s6,936,2634.022739
s6,937,2488.390471
s6,938,2256.523119
s6,939,2202.036545
s6,940,1725.354909
s6,941,1800.358939
s6,942,1476.865569
s6,943,1145.922076
s6,944,891.035816
s6,945,890.640047
s6,946,872.791371
s6,947,887.720274
s6,948,645.168330
s6,949,960.710190
s6,950,1131.104580
s6,951,1587.263892
s6,952,1475.665494
s6,953,1763.287053
s6,954,1704.459689
s6,955,2007.478945
s6,956,2056.133334
s6,957,2166.711294
s6,958,2459.793833
s6,959,2374.688608
s6,960,2618.677959
s6,961,2305.874117
s6,962,2254.075545
s6,963,1829.732926
s6,964,1672.398015
s6,965,1730.553503
s6,966,1307.839925
s6,967,1424.124173
s6,968,922.334041
s6,969,780.716669
s6,970,1144.521309
s6,971,535.405751
s6,972,748.459543
s6,973,990.121911
s6,974,1128.239934
s6,975,1018.523597
s6,976,1736.914443
s6,977,1534.100055
s6,978,1515.171426
s6,979,2167.613792
s6,980,2123.401861
s6,981,2350.139982
s6,982,2556.799773
s6,983,2333.449866
s6,984,2351.152045
s6,985,2385.450103
s6,986,2424.055050
s6,987,1929.026858
s6,988,2189.793943
s6,989,1822.932169
s6,990,1389.018726
s6,991,1391.297836
s6,992,1317.512172
s6,993,1303.184022
s6,994,1171.530347
s6,995,1192.427969
s6,996,1024.288685
s6,997,1250.958608
s6,998,845.491370
s6,999,1606.425041
s6,1000,1643.312508
s6,1001,2124.523959
s6,1002,1998.203318
s6,1003,2226.906764
s6,1004,2494.451012
s6,1005,2764.947302
s6,1006,2788.880924
s6,1007,2949.774201
s6,1008,2787.987344
s6,1009,2887.914815
s6,1010,3062.023088
s6,1011,2666.712903
s6,1012,2392.215773
s6,1013,1869.297906
s6,1014,2009.890097
s6,1015,1901.605382
s6,1016,1545.054363
s6,1017,1621.613581
s6,1018,1033.898518
s6,1019,1254.543609
s6,1020,1248.406931
s6,1021,1569.342734
s6,1022,1489.467947
s6,1023,1639.623006
s6,1024,2230.951371
s6,1025,1982.474361
s6,1026,2514.383670
s6,1027,2815.938097
s6,1028,2778.078796
s6,1029,2819.616246
s6,1030,3030.730014
s6,1031,3012.402700
s6,1032,2966.849935
s6,1033,3065.089274
s6,1034,2909.363885
s6,1035,3261.821292
s6,1036,2788.055511
s6,1037,2412.057416
s6,1038,2271.696247
s6,1039,2261.395675
s6,1040,2016.565063
s6,1041,1710.373775
s6,1042,1495.544559
s6,1043,1874.137174
s6,1044,1613.702548
s6,1045,1730.605312
s6,1046,2034.037434
s6,1047,2009.827048
s6,1048,2378.728155
s6,1049,2332.033034
s6,1050,2616.453614
s6,1051,2750.450178
s6,1052,3285.912139
s6,1053,2848.610955
s6,1054,3134.185330
s6,1055,3054.514297
s6,1056,3054.389399
s6,1057,2887.801476
s6,1058,2836.596467
s6,1059,2994.906092
s6,1060,2836.886518
s6,1061,2288.097698
s6,1062,1982.226733
s6,1063,1898.569053
s6,1064,2060.308611
s6,1065,1646.185639
s6,1066,1221.850183
s6,1067,1656.049013
s6,1068,1511.788921
s6,1069,1693.733360
s6,1070,1772.074215
s6,1071,1650.182059
s6,1072,2200.777349
s6,1073,2339.115801
s6,1074,2320.407173
s6,1075,2247.921241
s6,1076,2582.547888
s6,1077,2706.725052
s6,1078,3072.129186
s6,1079,2888.390872
s6,1080,2877.820423
s6,1081,2866.853369
s6,1082,2655.038530
s6,1083,2612.833825
s6,1084,2396.396020
s6,1085,2276.302538
s6,1086,1705.913497
s6,1087,1749.803336
s6,1088,1465.303520
s6,1089,1699.571736
s6,1090,1495.617812
s6,1091,1147.668937
s6,1092,1370.680215
s6,1093,995.559719
s6,1094,1214.542867
s6,1095,1487.508948
s6,1096,1748.269243
s6,1097,1720.319312
s6,1098,2095.679921
s6,1099,2470.854629
s6,1100,2169.006565
s6,1101,2327.969290
s6,1102,2309.991636
s6,1103,2819.479942
s6,1104,2429.999289
s6,1105,2452.683797
s6,1106,2237.540069
s6,1107,2190.394967
s6,1108,1948.622150
s6,1109,1813.084044
s6,1110,1591.048052
s6,1111,1612.394048
s6,1112,1024.831970
s6,1113,1060.383370
s6,1114,922.803480
s6,1115,745.365633
s6,1116,1036.109599
s6,1117,1257.631348
s6,1118,901.731054
s6,1119,1622.328864
s6,1120,1389.911055
s6,1121,1598.757087
s6,1122,1396.323526
s6,1123,2012.283018
s6,1124,2146.021094
s6,1125,2251.874114
s6,1126,2481.293838
s6,1127,2376.507068
s6,1128,2439.234803
s6,1129,2198.876577
s6,1130,1998.031013
s6,1131,2034.180205
s6,1132,1918.017829
s6,1133,1728.682019
s6,1134,1426.700523
s6,1135,1096.117720
s6,1136,1052.807649
s6,1137,873.629108
s6,1138,629.561106
s6,1139,852.113838
s6,1140,793.985685
s6,1141,723.529302
s6,1142,977.851877
s6,1143,1287.698190
s6,1144,1628.034175
s6,1145,1307.710773
s6,1146,1755.023727
s6,1147,2103.807038
s6,1148,2378.245400
s6,1149,2394.549107
s6,1150,2263.798084
s6,1151,2390.832500
s6,1152,2452.585901
s6,1153,2267.874132
s6,1154,2112.677889
s6,1155,1925.457830
s6,1156,2361.684538
s6,1157,1761.561596
s6,1158,1522.363727
s6,1159,1488.548305
s6,1160,1229.454604
s6,1161,1077.354706
s6,1162,1064.282474
s6,1163,885.670351
s6,1164,977.233292
s6,1165,1275.934625
s6,1166,1364.124252
s6,1167,1267.022720
s6,1168,1885.984686
s6,1169,1803.266579
s6,1170,1834.606529
s6,1171,2413.935401
s6,1172,2588.834197
s6,1173,2683.348902
s6,1174,2577.431337
s6,1175,2974.943890
s6,1176,2861.287579
s6,1177,2776.354747
s6,1178,2650.299513
s6,1179,2526.496746
s6,1180,2648.010229
s6,1181,2021.079969
s6,1182,1956.564003
s6,1183,1909.468425
s6,1184,1699.581329
s6,1185,1332.530295
s6,1186,1366.784608
s6,1187,1304.528891
s6,1188,1167.129637
s6,1189,1455.312601
s6,1190,1774.619487
s6,1191,1841.070159
s6,1192,2175.874353
s6,1193,2287.265154
s6,1194,2322.754368
s6,1195,2728.972194
s6,1196,2546.411547
s6,1197,3166.975579
s6,1198,3001.509689
s6,1199,3371.041798
s6,1200,2874.954111
s6,1201,2874.300000
s6,1202,2845.423269
s6,1203,2719.584399
s6,1204,2324.450645
s6,1205,2175.374623
s6,1206,2254.702697
s6,1207,1857.522911
s6,1208,1963.375391
s6,1209,1959.111665
s6,1210,1378.272786
s6,1211,1522.449291
s6,1212,1887.895081
s6,1213,1859.848128
s6,1214,1594.013397
s6,1215,2034.452716
s6,1216,2432.965260
s6,1217,2028.052707
s6,1218,2640.003209
s6,1219,2950.382954
s6,1220,2866.995582
s6,1221,2974.619330
s6,1222,3282.560702
s6,1223,2937.327364
s6,1224,3260.162957
s6,1225,3290.668057
s6,1226,2982.418239
s6,1227,2549.917098
s6,1228,2860.500313
s6,1229,2389.482684
s6,1230,2270.494355
s6,1231,1836.453842
s6,1232,1786.361364
s6,1233,1837.220042
s6,1234,1321.750409
s6,1235,1309.140454
s6,1236,1198.633495
s6,1237,1668.191581
s6,1238,1780.038364
s6,1239,1721.366387
s6,1240,2092.723655
s6,1241,2237.153004
s6,1242,2742.113986
s6,1243,2420.494077
s6,1244,2810.565145
s6,1245,2819.024663
s6,1246,3258.611462
s6,1247,3057.059732
s6,1248,2757.971361
s6,1249,2933.462466
s6,1250,2701.914395
s6,1251,2398.298787
s6,1252,2411.756463
s6,1253,2147.983646
s6,1254,1713.995275
s6,1255,1619.448768
s6,1256,1693.351342
s6,1257,1521.682011
s6,1258,1238.606902
s6,1259,1154.254252
s6,1260,1260.962794
s6,1261,1256.425913
s6,1262,1187.255867
s6,1263,1629.939302
s6,1264,1573.956983
s6,1265,2129.749602
s6,1266,2182.647818
s6,1267,2385.606815
s6,1268,2374.035601
s6,1269,2570.628631
s6,1270,2521.376307
s6,1271,2572.243586
s6,1272,2435.911209
s6,1273,2744.051119
s6,1274,2199.833551
s6,1275,2479.167703
s6,1276,2124.044523
s6,1277,1640.419200
s6,1278,1778.212390
s6,1279,1427.752405
s6,1280,1052.040484
s6,1281,1077.346566
s6,1282,887.408045
s6,1283,774.783578
s6,1284,898.295833
s6,1285,1016.219075
s6,1286,1033.107694
s6,1287,1232.799118
s6,1288,1548.140051
s6,1289,1601.093218
s6,1290,1760.804855
s6,1291,1803.487268
s6,1292,2164.264951
s6,1293,2226.864766
s6,1294,2348.072413
s6,1295,2541.540588
s6,1296,2528.368076
s6,1297,2319.007702
s6,1298,2096.700608
s6,1299,2048.434042
s6,1300,1885.825452
s6,1301,1667.116939
s6,1302,1191.486211
s6,1303,1274.793308
s6,1304,894.217719
s6,1305,974.349260
s6,1306,905.674238
s6,1307,833.508258
s6,1308,1024.207602
s6,1309,910.507873
s6,1310,1086.134552
s6,1311,1059.124789
s6,1312,1379.517242
s6,1313,1572.114597
s6,1314,1831.758316
s6,1315,1996.586131
s6,1316,1823.566734
s6,1317,2469.591665
s6,1318,2546.175335
s6,1319,2145.025662
s6,1320,2507.984985
s6,1321,2564.501054
s6,1322,2408.276341
s6,1323,2253.941534
s6,1324,1931.704367
s6,1325,1684.416687
s6,1326,1874.788228
s6,1327,1455.639000
s6,1328,1491.748526
s6,1329,1099.402981
s6,1330,1185.448535
s6,1331,1148.118692
s6,1332,1178.389075
s6,1333,944.364095
s6,1334,1652.834667
s6,1335,1499.204203
s6,1336,1602.358994
s6,1337,1922.367879
s6,1338,1815.797228
s6,1339,2529.861152
s6,1340,2431.816961
s6,1341,2685.919193
s6,1342,2771.787011
s6,1343,2511.314899
s6,1344,2734.303577
s6,1345,2928.474538
s6,1346,2496.868410
s6,1347,2515.692691
s6,1348,2462.250954
s6,1349,2362.911336
s6,1350,1784.177263
s6,1351,1902.579884
s6,1352,1690.192511
s6,1353,1550.421803
s6,1354,1546.789199
s6,1355,1491.612684
s6,1356,1250.454854
s6,1357,1571.332860
s6,1358,1532.496500
s6,1359,1856.285005
s6,1360,1940.184075
s6,1361,2462.004580
s6,1362,2593.883247
s6,1363,2731.173475
s6,1364,2726.092783
s6,1365,3044.475196
s6,1366,2898.227853
s6,1367,2979.321674
s6,1368,2840.328299
s6,1369,3181.508411
s6,1370,2849.922108
s6,1371,2921.539355
s6,1372,2773.457788
s6,1373,2556.732319
s6,1374,2129.378597
s6,1375,2235.490944
s6,1376,2027.800267
s6,1377,1513.424251
s6,1378,1691.564820
s6,1379,1475.571543
s6,1380,1607.223203
s6,1381,1896.125504
s6,1382,1879.305383
s6,1383,2244.449814
s6,1384,2283.130554
s6,1385,2509.648873
s6,1386,2864.043779
s6,1387,2991.874994
s6,1388,3091.690084
s6,1389,3312.558586
s6,1390,3373.964504
s6,1391,2993.600943
s6,1392,3024.207570
s6,1393,3125.990312
s6,1394,3159.294681
s6,1395,2700.812195
s6,1396,2358.145589
s6,1397,2401.503621
s6,1398,2102.094211
s6,1399,2228.454553
s6,1400,1439.801326
s6,1401,1804.539120
s6,1402,1684.471143
s6,1403,1112.553464
s6,1404,1386.010335
s6,1405,1570.927705
s6,1406,1781.393756
s6,1407,1876.027608
s6,1408,2150.334087
s6,1409,2278.828689
s6,1410,2316.700045
s6,1411,2892.634149
s6,1412,2830.554722
s6,1413,2768.423880
s6,1414,3055.812316
s6,1415,2976.694282
s6,1416,2897.455660
s6,1417,2776.146016
s6,1418,2504.074277
s6,1419,2425.249657
s6,1420,2158.993919
s6,1421,1825.925617
s6,1422,1995.397968
s6,1423,1755.204721
s6,1424,1488.530623
s6,1425,1198.848395
s6,1426,1149.626885
s6,1427,1476.171069
s6,1428,1093.567976
s6,1429,1425.466395
s6,1430,1452.887265
s6,1431,1623.712971
s6,1432,1644.316243
s6,1433,1874.295286
s6,1434,2093.287213
s6,1435,2110.657147
s6,1436,2658.039657
s6,1437,2427.196414
s6,1438,2657.812043
s6,1439,2931.321308
s6,1440,2851.977577
s6,1441,2433.596726
s6,1442,2475.631991
s6,1443,2383.540517
s6,1444,1704.238827
s6,1445,2126.259039
s6,1446,1665.631640
s6,1447,1327.301435
s6,1448,1178.495394
s6,1449,691.476457
s6,1450,1064.597518
s6,1451,1161.811596
s6,1452,890.392087
s6,1453,1241.176447
s6,1454,1205.899267
s6,1455,1036.415278
s6,1456,1522.227654
s6,1457,1307.725228
s6,1458,1532.308972
s6,1459,2124.798307
s6,1460,2275.480845
s6,1461,2297.900689
s6,1462,2376.917290
s6,1463,2178.585171
s6,1464,2561.594227
s6,1465,2320.231507
s6,1466,2166.913743
s6,1467,2611.993985
s6,1468,1889.689052
s6,1469,1634.790749
s6,1470,1753.067663
s6,1471,1284.980670
s6,1472,992.673931
s6,1473,1185.345989
s6,1474,833.404756
s6,1475,697.469956
s6,1476,792.992344
s6,1477,930.021121
s6,1478,1201.733182
s6,1479,1425.724902
s6,1480,1222.525829
s6,1481,1830.488646
s6,1482,1741.103495
s6,1483,1970.919091
s6,1484,1802.150905
s6,1485,2624.956017
s6,1486,2550.515461
s6,1487,2463.408544
s6,1488,2458.963626
s6,1489,2580.106413
s6,1490,2314.989911
s6,1491,1682.693934
s6,1492,2024.790545
s6,1493,1781.840987
s6,1494,1610.020509
s6,1495,1413.992721
s6,1496,1386.987329
s6,1497,1011.137929
s6,1498,1426.265194
s6,1499,1055.834878
s6,1500,950.473158
s6,1501,1170.768161
s6,1502,1014.292257
s6,1503,1439.759649
s6,1504,1549.826979
s6,1505,1731.302577
s6,1506,2243.895525
s6,1507,2369.040602
s6,1508,2350.314335
s6,1509,2552.777362
s6,1510,2807.696135
s6,1511,3171.917983
s6,1512,2777.653202
s6,1513,2713.518365
s6,1514,2709.223100
s6,1515,2282.955449
s6,1516,2293.307802
s6,1517,2234.426836
s6,1518,1988.491465
s6,1519,1799.227369
s6,1520,1393.512468
s6,1521,1476.600620
s6,1522,1629.943558
s6,1523,1811.135324
s6,1524,1573.393586
s6,1525,1414.991771
s6,1526,1564.589264
s6,1527,1782.993907
s6,1528,2359.299107
s6,1529,2015.855130
s6,1530,2416.657441
s6,1531,2390.928463
s6,1532,2773.398709
s6,1533,2935.219360
s6,1534,3226.039459
s6,1535,3253.141681
s6,1536,3147.468376
s6,1537,3003.470240
s6,1538,2868.347866
s6,1539,3046.508220
s6,1540,2580.360910
s6,1541,2221.121844
s6,1542,2077.408273
s6,1543,2014.532512
s6,1544,1717.158811
s6,1545,1463.200541
s6,1546,1786.516311
s6,1547,1492.511835
s6,1548,1607.361113
s6,1549,1719.702068
s6,1550,1785.842863
s6,1551,1964.482202
s6,1552,1766.882887
s6,1553,2395.940716
s6,1554,2559.279153
s6,1555,2725.050014
s6,1556,2948.852538
s6,1557,3448.538333
s6,1558,3443.982541
s6,1559,3326.719007
s6,1560,3435.347374
s6,1561,3038.630133
s6,1562,2971.681054
s6,1563,2891.229950
s6,1564,2764.694765
s6,1565,2541.703867
s6,1566,2491.487426
s6,1567,1971.444359
s6,1568,2033.820389
s6,1569,1574.122307
s6,1570,1670.387162
s6,1571,1381.720115
s6,1572,1751.896745
s6,1573,1528.141295
s6,1574,1938.335370
s6,1575,1569.014181
s6,1576,2349.100713
s6,1577,2247.559923
s6,1578,2519.193550
s6,1579,2677.455299
s6,1580,2517.241101
s6,1581,2810.584123
s6,1582,2880.783405
s6,1583,2985.607914
s6,1584,2713.834120
s6,1585,2774.400324
s6,1586,2755.122997
s6,1587,2748.997901
s6,1588,2479.070083
s6,1589,1950.987342
s6,1590,2058.584543
s6,1591,1966.181006
s6,1592,1649.846503
s6,1593,1322.322790
s6,1594,1132.331393
s6,1595,1159.866155
s6,1596,1496.806012
s6,1597,1131.082781
s6,1598,999.170654
s6,1599,1691.531707
s6,1600,1616.178037
s6,1601,1901.232159
s6,1602,2041.227998
s6,1603,2465.056101
s6,1604,2378.828302
s6,1605,2442.226335
s6,1606,2503.834220
s6,1607,2936.171471
s6,1608,2861.047890
s6,1609,2474.126495
s6,1610,2318.484191
s6,1611,2207.786230
s6,1612,2113.729226
s6,1613,1668.774574
s6,1614,1833.142645
s6,1615,1423.023180
s6,1616,773.710152
s6,1617,883.221873
s6,1618,908.638104
s6,1619,1301.613235
s6,1620,1181.781496
s6,1621,1022.646643
s6,1622,915.774787
s6,1623,1240.978639
s6,1624,1440.136858
s6,1625,1559.872211
s6,1626,1853.226889
s6,1627,2134.522470
s6,1628,2105.215567
s6,1629,2125.049373
s6,1630,2413.104032
s6,1631,2166.839294
s6,1632,2316.597842
s6,1633,2503.160895
s6,1634,2216.775189
s6,1635,1825.834086
s6,1636,1819.499437
s6,1637,1574.566434
s6,1638,1428.417283
s6,1639,1376.997248
s6,1640,959.621010
s6,1641,711.707746
s6,1642,1080.359435
s6,1643,657.903933
s6,1644,917.333753
s6,1645,962.888811
s6,1646,970.998142
s6,1647,1281.438175
s6,1648,1440.059587
s6,1649,1628.897292
s6,1650,1935.571835
s6,1651,1901.260189
s6,1652,2344.426652
s6,1653,2197.034610
s6,1654,2587.028854
s6,1655,2687.880429
s6,1656,2330.481017
s6,1657,2715.004260
s6,1658,2181.788219
s6,1659,2123.488125
s6,1660,1819.988953
s6,1661,1710.589753
s6,1662,1572.131671
s6,1663,1278.415548
s6,1664,1375.820517
s6,1665,971.638224
s6,1666,1076.497901
s6,1667,830.971826
s6,1668,887.057576
s6,1669,1140.282639
s6,1670,1306.573551
s6,1671,1373.679803
s6,1672,1689.785130
s6,1673,1932.102908
s6,1674,1972.596033
s6,1675,2296.799319
s6,1676,2337.306705
s6,1677,2412.606686
s6,1678,2627.420052
s6,1679,2737.333199
s6,1680,2957.980845
s6,1681,2793.072903
s6,1682,2622.787118
s6,1683,2110.987035
s6,1684,2135.222948
s6,1685,2171.756803
s6,1686,1993.829233
s6,1687,1719.315025
s6,1688,1372.438644
s6,1689,1133.675891
s6,1690,1106.756504
s6,1691,1381.249226
s6,1692,1453.187144
s6,1693,1765.067684
s6,1694,1506.415401
s6,1695,1840.762258
s6,1696,1866.382837
s6,1697,2177.440818
s6,1698,2445.601887
s6,1699,2552.776364
s6,1700,3046.045028
s6,1701,2788.001499
s6,1702,3186.824273
s6,1703,3069.435247
s6,1704,3013.660524
s6,1705,3194.831705
s6,1706,2821.370290
s6,1707,2811.145541
s6,1708,2580.830275
s6,1709,2496.453846
s6,1710,1991.497928
s6,1711,2037.970499
s6,1712,1906.212374
s6,1713,1597.902187
s6,1714,1458.906843
s6,1715,1425.830179
s6,1716,1608.912416
s6,1717,1567.113735
s6,1718,1901.276497
s6,1719,1959.150368
s6,1720,2128.777897
s6,1721,2370.341310
s6,1722,2596.152738
s6,1723,2797.993032
s6,1724,3042.157657
s6,1725,3264.801251
s6,1726,3233.952444
s6,1727,3279.037340
s6,1728,3416.943900
s6,1729,3341.225732
s6,1730,2985.756800
s6,1731,2637.995259
s6,1732,2801.433496
s6,1733,2273.908132
s6,1734,2067.216815
s6,1735,1857.035864
s6,1736,1752.347037
s6,1737,1295.074157
s6,1738,1491.753909
s6,1739,1710.949798
s6,1740,1952.997068
s6,1741,1683.962065
s6,1742,1849.701737
s6,1743,2015.582733
s6,1744,1960.987029
s6,1745,2096.882301
s6,1746,2505.921348
s6,1747,2811.177734
s6,1748,2810.485170
s6,1749,2964.942431
s6,1750,2979.260174
s6,1751,2983.113502
s6,1752,2888.300692
s6,1753,3057.978138
s6,1754,2884.855012
s6,1755,2554.264267
s6,1756,2415.146786
s6,1757,2249.821985
s6,1758,2107.481041
s6,1759,2030.731118
s6,1760,1815.203951
s6,1761,1391.818172
s6,1762,1329.250316
s6,1763,1198.391770
s6,1764,1372.082112
s6,1765,1481.523353
s6,1766,1154.338966
s6,1767,1578.068905
s6,1768,1964.310654
s6,1769,1697.876150
s6,1770,2362.938430
s6,1771,2479.738138
s6,1772,2373.250866
s6,1773,2412.182986
s6,1774,2920.386606
s6,1775,2604.221018
s6,1776,2427.710553
s6,1777,2552.610513
s6,1778,2184.387504
s6,1779,2069.208611
s6,1780,2307.394350
s6,1781,1737.364438
s6,1782,1561.470216
s6,1783,1112.570709
s6,1784,1054.846203
s6,1785,1214.455181
s6,1786,1017.207177
s6,1787,1075.873596
s6,1788,1073.969902
s6,1789,1018.148279
s6,1790,1027.471006
s6,1791,898.979988
s6,1792,1604.181039
s6,1793,1645.016046
s6,1794,2241.000599
s6,1795,1996.173237
s6,1796,2162.894166
s6,1797,2232.469099
s6,1798,2195.135368
s6,1799,2423.325411
s6,1800,2447.362124
s6,1801,2353.612084
s6,1802,2147.622825
s6,1803,1905.869764
s6,1804,2021.736128
s6,1805,1790.824113
s6,1806,1322.313859
s6,1807,1025.591126
s6,1808,955.607970
s6,1809,822.748523
s6,1810,1011.842403
s6,1811,678.824165
s6,1812,900.140505
s6,1813,756.215392
s6,1814,1027.594280
s6,1815,1633.362213
s6,1816,1302.208336
s6,1817,1687.795865
s6,1818,1760.758167
s6,1819,2221.061073
s6,1820,2271.518768
s6,1821,2358.906788
s6,1822,2682.798506
s6,1823,2627.772261
s6,1824,2587.598934
s6,1825,2230.609790
s6,1826,2163.401059
s6,1827,2385.493736
s6,1828,1786.790476
s6,1829,2037.446045
s6,1830,1837.952334
s6,1831,1361.437934
s6,1832,1099.640385
s6,1833,919.086279
s6,1834,1168.849351
s6,1835,1105.544923
s6,1836,925.905334
s6,1837,969.066760
s6,1838,1347.239282
s6,1839,1342.994068
s6,1840,1644.815698
s6,1841,1625.610650
s6,1842,2157.074676
s6,1843,2322.341817
s6,1844,2407.690560
s6,1845,2442.986194
s6,1846,2719.747365
s6,1847,2837.926812
s6,1848,2840.350391
s6,1849,2734.991991
s6,1850,2489.029376
s6,1851,2568.203674
s6,1852,2471.096507
s6,1853,2000.352057
s6,1854,1701.409273
s6,1855,1954.358074
s6,1856,1597.080867
s6,1857,1142.301547
s6,1858,1506.037229
s6,1859,1380.201418
s6,1860,1275.312756
s6,1861,1485.868296
s6,1862,1432.390580
s6,1863,1641.523589
s6,1864,1717.664520
s6,1865,2381.394079
s6,1866,2329.925882
s6,1867,2651.727785
s6,1868,2853.731418
s6,1869,2525.075949
s6,1870,3061.056001
s6,1871,2895.491774
s6,1872,3262.036164
s6,1873,2806.458966
s6,1874,3019.721492
s6,1875,2996.548198
s6,1876,2592.410810
s6,1877,2517.071435
s6,1878,2369.789644
s6,1879,1993.884341
s6,1880,1763.160175
s6,1881,1443.899974
s6,1882,1887.878699
s6,1883,1725.444781
s6,1884,1691.902697
s6,1885,1392.579301
s6,1886,1967.774700
s6,1887,1893.599597
s6,1888,2173.595358
s6,1889,2409.693223
s6,1890,2742.687781
s6,1891,2709.735243
s6,1892,2819.386999
s6,1893,3152.614620
s6,1894,3186.672367
s6,1895,3080.709356
s6,1896,3490.234955
s6,1897,3258.805974
s6,1898,2699.274775
s6,1899,2431.759293
s6,1900,2285.150690
s6,1901,2308.396607
s6,1902,2234.987475
s6,1903,2236.964317
s6,1904,1812.567074
s6,1905,1541.719797
s6,1906,1573.617756
s6,1907,1515.593197
s6,1908,1373.326458
s6,1909,1608.863288
s6,1910,1400.172270
s6,1911,1790.638764
s6,1912,2101.340210
s6,1913,2189.339743
s6,1914,2505.854816
s6,1915,2778.448072
s6,1916,2860.167668
s6,1917,2991.888444
s6,1918,3064.527945
s6,1919,2951.534552
s6,1920,3109.830123
s6,1921,2906.273875
s6,1922,2575.665479
s6,1923,2707.262412
s6,1924,2349.953594
s6,1925,1639.027011
s6,1926,2184.915287
s6,1927,1710.906723
s6,1928,1399.326439
s6,1929,1497.490841
s6,1930,1336.981969
s6,1931,1268.261603
s6,1932,1513.425488
s6,1933,1476.973339
s6,1934,1363.910940
s6,1935,1445.729917
s6,1936,1530.856347
s6,1937,1990.821934
s6,1938,2134.487902
s6,1939,2470.651698
s6,1940,2486.389681
s6,1941,2687.626911
s6,1942,2859.967518
s6,1943,2589.788831
s6,1944,2484.822403
s6,1945,2548.457093
s6,1946,2211.366405
s6,1947,2211.695643
s6,1948,1995.548770
s6,1949,2044.839996
s6,1950,1545.533168
s6,1951,1582.204408
s6,1952,1149.104234
s6,1953,1060.597055
s6,1954,895.598778
s6,1955,913.323500
s6,1956,842.396682
s6,1957,826.958157
s6,1958,913.252595
s6,1959,1407.308833
s6,1960,1474.701687
s6,1961,1900.902689
s6,1962,2085.532344
s6,1963,1876.720366
s6,1964,2500.542017
s6,1965,2256.088574
s6,1966,2156.755046
s6,1967,2253.535632
s6,1968,2326.543398
s6,1969,1951.893898
s6,1970,2284.432934
s6,1971,1991.168650
s6,1972,1955.308544
s6,1973,1702.443575
s6,1974,1482.878694
s6,1975,1359.673755
s6,1976,1155.107850
s6,1977,723.446872
s6,1978,1108.468523
s6,1979,756.062213
s6,1980,859.484945
s6,1981,1043.410212
s6,1982,942.210003
s6,1983,1136.631477
s6,1984,1129.243801
s6,1985,1731.094083
s6,1986,1945.778989
s6,1987,1975.685481
s6,1988,2092.157438
s6,1989,1938.333266
s6,1990,2521.144358
s6,1991,2341.608666
s6,1992,2398.285054
s6,1993,2354.822420
s6,1994,2240.506840
s6,1995,2169.452991
s6,1996,2060.859862
s6,1997,1797.028280
s6,1998,1401.620833
s6,1999,1381.981912
s6,2000,1213.873301
s6,2001,963.152663
s6,2002,999.011741
s6,2003,1158.827853
s6,2004,1173.021454
s6,2005,1224.688189
s6,2006,1376.620884
s6,2007,1158.920399
s6,2008,1692.392993
s6,2009,2117.618359
s6,2010,2057.965120
s6,2011,2268.718896
s6,2012,2386.932809
s6,2013,2698.167661
s6,2014,2747.950960
s6,2015,2648.150201
s6,2016,2811.459261
s6,2017,2741.659683
s6,2018,2689.298906
s6,2019,2549.967340
s6,2020,2195.042695
s6,2021,2184.434215
s6,2022,1920.580153
s6,2023,1731.313468
s6,2024,1528.362729
s6,2025,1482.916886
s6,2026,1302.101275
s6,2027,1207.265123
s6,2028,1582.319666
s6,2029,1305.023119
s6,2030,1669.163598
s6,2031,1919.377035
s6,2032,2039.637180
s6,2033,2173.602952
s6,2034,2415.562102
s6,2035,2410.846823
s6,2036,2876.933986
s6,2037,2826.868313
s6,2038,3045.511440
s6,2039,2969.958819
s6,2040,3229.760871
s6,2041,2970.793344
s6,2042,2912.158806
s6,2043,2984.293653
s6,2044,2436.286147
s6,2045,2345.310574
s6,2046,1843.430650
s6,2047,1940.736235
s6,2048,1757.751543
s6,2049,1600.762448
s6,2050,1720.656137
s6,2051,1819.657554
s6,2052,1736.747454
s6,2053,1802.932350
s6,2054,1973.911196
s6,2055,1888.775790
s6,2056,2050.120081
s6,2057,2426.052390
s6,2058,2851.807721
s6,2059,2695.911135
s6,2060,2724.659439
s6,2061,3091.423758
s6,2062,3322.525835
s6,2063,3305.112840
s6,2064,3247.728647
s6,2065,3084.017004
s6,2066,3090.376692
s6,2067,2748.166791
s6,2068,2802.023275
s6,2069,2607.352119
s6,2070,2314.427601
s6,2071,2295.915005
s6,2072,2184.706730
s6,2073,1550.278877
s6,2074,1549.134536
s6,2075,1388.384249
s6,2076,1287.390719
s6,2077,1437.785726
s6,2078,1693.857019
s6,2079,1950.315097
s6,2080,2114.534833
s6,2081,1847.642969
s6,2082,2428.624664
s6,2083,2441.321315
s6,2084,2877.773053
s6,2085,2768.199932
s6,2086,3121.966374
s6,2087,3258.566771
s6,2088,3250.265388
s6,2089,2840.623674
s6,2090,2771.702650
s6,2091,2508.210348
s6,2092,2350.378732
s6,2093,2404.246989
s6,2094,1633.153242
s6,2095,1607.986375
s6,2096,1527.763360
s6,2097,1292.897282
s6,2098,1090.521670
s6,2099,1383.310673
s6,2100,1210.108900
s6,2101,1211.998096
s6,2102,1175.011993
s6,2103,1512.084793
s6,2104,1853.034321
s6,2105,1872.980318
s6,2106,2269.556524
s6,2107,2223.478225
s6,2108,2296.885127
s6,2109,2554.231554
s6,2110,2475.647200
s6,2111,2403.936960
s6,2112,2689.281497
s6,2113,2673.007528
s6,2114,2649.176420
s6,2115,1914.368743
s6,2116,2158.520808
s6,2117,1893.277865
s6,2118,1595.488283
s6,2119,1440.279023
s6,2120,1291.793654
s6,2121,1123.299350
s6,2122,1034.988573
s6,2123,857.049578
s6,2124,1185.103525
s6,2125,975.301388
s6,2126,1261.996193
s6,2127,1184.873024
s6,2128,1419.071945
s6,2129,1605.910348
s6,2130,1862.031340
s6,2131,2231.037753
s6,2132,1941.501522
s6,2133,2499.079810
s6,2134,2276.850199
s6,2135,2746.747313
s6,2136,2241.894969
s6,2137,2341.465215
s6,2138,2293.398794
s6,2139,1776.694627
s6,2140,1836.208418
s6,2141,1641.187967
s6,2142,1483.269131
s6,2143,1197.352857
s6,2144,894.269124
s6,2145,632.586426
s6,2146,753.634272
s6,2147,747.877306
s6,2148,774.848688
s6,2149,1042.097383
s6,2150,1053.551038
s6,2151,932.858494
s6,2152,1262.917288
s6,2153,1789.295916
s6,2154,1927.680887
s6,2155,2050.846591
s6,2156,2151.048591
s6,2157,2514.921724
s6,2158,2316.663610
s6,2159,2375.436524
s6,2160,2644.210487
s6,2161,2116.213176
s6,2162,2472.007187
s6,2163,2071.059660
s6,2164,2028.143229
s6,2165,1702.134680
s6,2166,1279.805352
s6,2167,1449.194977
s6,2168,1123.470361
s6,2169,1098.442109
s6,2170,1103.288132
s6,2171,1046.758677
s6,2172,1074.049443
s6,2173,1241.298367
s6,2174,1053.788838
s6,2175,1781.059719
s6,2176,1412.525228
s6,2177,1843.678542
s6,2178,2097.725763
s6,2179,2227.664812
s6,2180,2612.555899
s6,2181,2561.749701
s6,2182,2749.281595
s6,2183,3212.153710
s6,2184,2715.077346
s6,2185,3099.885316
s6,2186,2397.959914
s6,2187,2567.028419
s6,2188,2333.240129
s6,2189,2213.618233
s6,2190,1543.995781
s6,2191,1405.279917
s6,2192,1681.602644
s6,2193,1593.496025
s6,2194,1495.148812
s6,2195,1290.125683
s6,2196,1482.280123
s6,2197,1551.121146
s6,2198,1528.313545
s6,2199,2097.625941
s6,2200,1993.147304
s6,2201,2136.333692
s6,2202,2498.092197
s6,2203,2581.750376
s6,2204,2867.070027
s6,2205,2822.384897
s6,2206,2927.737789
s6,2207,3024.009175
s6,2208,3265.157023
s6,2209,2993.605075
s6,2210,3176.486308
s6,2211,3000.532883
s6,2212,2497.945644
s6,2213,2311.736515
s6,2214,2373.513822
s6,2215,1948.631886
s6,2216,1777.126426
s6,2217,1989.570339
s6,2218,1828.059000
s6,2219,1690.466196
s6,2220,1332.616252
s6,2221,1722.245194
s6,2222,1550.190728
s6,2223,2021.316857
s6,2224,2234.574767
s6,2225,2675.196623
s6,2226,2383.193860
s6,2227,2815.689302
s6,2228,3011.469074
s6,2229,3158.984778
s6,2230,3261.415172
s6,2231,3392.247163
s6,2232,3267.940666
s6,2233,3045.513962
s6,2234,2944.312234
s6,2235,2993.788269
s6,2236,2570.773096
s6,2237,2093.717134
s6,2238,1943.068183
s6,2239,1798.096117
s6,2240,1610.870845
s6,2241,1716.243379
s6,2242,1609.059326
s6,2243,1256.451222
s6,2244,1384.269406
s6,2245,1680.385168
s6,2246,1790.315657
s6,2247,1855.217628
s6,2248,2398.306768
s6,2249,2111.015214
s6,2250,2623.594911
s6,2251,2667.267931
s6,2252,2448.440836
s6,2253,2724.921902
s6,2254,2987.256636
s6,2255,2866.073679
s6,2256,2896.574031
s6,2257,2845.657668
s6,2258,2784.909788
s6,2259,2507.351484
s6,2260,2456.598681
s6,2261,2097.785078
s6,2262,1745.778074
s6,2263,1630.805680
s6,2264,1315.114667
s6,2265,1492.696864
s6,2266,1025.715480
s6,2267,1123.808222
s6,2268,1152.632459
s6,2269,1362.848834
s6,2270,1614.284368
s6,2271,1343.788361
s6,2272,1650.615110
s6,2273,1816.998739
s6,2274,1969.881330
s6,2275,2000.634375
s6,2276,2440.232764
s6,2277,2240.446761
s6,2278,2851.937317
s6,2279,2772.613617
s6,2280,2775.441705
s6,2281,2816.656114
s6,2282,2364.492865
s6,2283,2087.548914
s6,2284,1700.442200
s6,2285,1970.046984
s6,2286,1694.787710
s6,2287,1278.519077
s6,2288,1003.194012
s6,2289,1085.818550
s6,2290,981.874066
s6,2291,705.973825
s6,2292,1141.415127
s6,2293,880.218331
s6,2294,1176.570402
s6,2295,936.459564
s6,2296,1241.039108
s6,2297,1634.482826
s6,2298,1645.198994
s6,2299,2286.399651
s6,2300,1848.127935
s6,2301,2208.411209
s6,2302,2075.437863
s6,2303,2338.376403
s6,2304,2581.763369
s6,2305,2344.283056
s6,2306,2144.650251
s6,2307,2217.086633
s6,2308,1568.257263
s6,2309,1410.922521
s6,2310,1147.688737
s6,2311,1388.347017
s6,2312,775.003583
s6,2313,1131.613111
s6,2314,709.967273
s6,2315,761.217736
s6,2316,759.241342
s6,2317,1035.228770
s6,2318,943.281542
s6,2319,1141.479248
s6,2320,1337.861246
s6,2321,1576.629747
s6,2322,1664.536172
s6,2323,2016.958752
s6,2324,2021.374491
s6,2325,2420.916804
s6,2326,2346.059186
s6,2327,2697.168506
s6,2328,2231.254809
s6,2329,2419.132698
s6,2330,2263.092140
s6,2331,2417.571730
s6,2332,2035.546043
s6,2333,1724.927614
s6,2334,1530.259755
s6,2335,1261.166304
s6,2336,1550.865363
s6,2337,1445.561706
s6,2338,1011.243488
s6,2339,879.710417
s6,2340,1108.419062
s6,2341,1242.338574
s6,2342,1106.884670
s6,2343,1366.629928
s6,2344,1550.036141
s6,2345,1810.590681
s6,2346,2158.073427
s6,2347,2117.801307
s6,2348,2177.819053
s6,2349,2954.725593
s6,2350,2662.554260
s6,2351,2847.311103
s6,2352,2682.677847
s6,2353,2725.581513
s6,2354,2645.617803
s6,2355,2426.478020
s6,2356,2685.536689
s6,2357,2187.855736
s6,2358,1839.125841
s6,2359,1723.390570
s6,2360,1553.902657
s6,2361,1398.215126
s6,2362,1540.413328
s6,2363,1517.866289
s6,2364,1368.550825
s6,2365,1503.228608
s6,2366,1395.332300
s6,2367,1852.868709
s6,2368,1953.819952
s6,2369,2055.826121
s6,2370,2355.104015
s6,2371,2854.942224
s6,2372,2644.449803
s6,2373,2799.563559
s6,2374,3103.013994
s6,2375,3157.474342
s6,2376,3050.992362
s6,2377,2837.140515
s6,2378,2796.070605
s6,2379,3063.423206
s6,2380,2334.666137
s6,2381,2394.699266
s6,2382,2306.765076
s6,2383,2087.952660
s6,2384,2180.679141
s6,2385,1747.109726
s6,2386,1533.267817
s6,2387,1456.993367
s6,2388,1552.941830
s6,2389,1896.823784
s6,2390,1617.478221
s6,2391,2002.948007
s6,2392,2019.944337
s6,2393,2342.667964
s6,2394,2891.634914
s6,2395,2803.049236
s6,2396,3004.345444
s6,2397,2981.635633
s6,2398,2896.322463
s6,2399,3039.842688
s6,2400,3080.881299
s6,2401,3071.812202
s6,2402,2633.546268
s6,2403,2763.456664
s6,2404,2825.940927
s6,2405,2301.304694
s6,2406,2290.454428
s6,2407,2002.203681
s6,2408,1780.753226
s6,2409,1605.629788
s6,2410,1672.916484
s6,2411,1786.041124
s6,2412,1233.119497
s6,2413,1757.101653
s6,2414,1637.410993
s6,2415,1910.481889
s6,2416,2207.581972
s6,2417,2256.933517
s6,2418,2739.559225
s6,2419,2783.749329
s6,2420,2718.206104
s6,2421,3028.393594
s6,2422,2722.323778
s6,2423,3022.294752
s6,2424,2858.158244
s6,2425,2726.118714
s6,2426,2893.468730
s6,2427,2589.312874
s6,2428,2269.042133
s6,2429,2185.062956
s6,2430,1890.821940
s6,2431,1672.558124
s6,2432,1253.046452
s6,2433,1280.158347
s6,2434,1348.709322
s6,2435,1276.464746
s6,2436,1230.757460
s6,2437,1090.875660
s6,2438,1262.934232
s6,2439,1138.994903
s6,2440,1538.410599
s6,2441,2100.834449
s6,2442,2369.244221
s6,2443,2286.166206
s6,2444,2426.101265
s6,2445,2313.991700
s6,2446,2654.794197
s6,2447,2550.582219
s6,2448,2952.231585
s6,2449,2601.098402
s6,2450,2369.123132
s6,2451,1959.335807
s6,2452,2246.063830
s6,2453,1803.106128
s6,2454,1909.457513
s6,2455,1472.385848
s6,2456,1160.020944
s6,2457,1161.783448
s6,2458,1076.086683
s6,2459,811.677694
s6,2460,1135.336286
s6,2461,1293.979547
s6,2462,981.579691
s6,2463,862.027712
s6,2464,1548.806196
s6,2465,1647.079535
s6,2466,1831.189728
s6,2467,1867.663866
s6,2468,2431.443497
s6,2469,1965.654193
s6,2470,2593.555914
s6,2471,2339.395245
s6,2472,2049.606765
s6,2473,2181.748476
s6,2474,2185.039991
s6,2475,2354.653363
s6,2476,2026.105438
s6,2477,1602.162551
s6,2478,1426.030087
s6,2479,1442.631884
s6,2480,1188.771595
s6,2481,1290.650835
s6,2482,730.906120
s6,2483,879.539894
s6,2484,743.973345
s6,2485,933.771272
s6,2486,794.134233
s6,2487,1205.967508
s6,2488,1161.466432
s6,2489,1666.411769
s6,2490,2063.100637
s6,2491,2066.559939
s6,2492,2229.119158
s6,2493,2317.591361
s6,2494,2214.096187
s6,2495,2363.110446
s6,2496,2397.008828
s6,2497,2232.861645
s6,2498,2466.339146
s6,2499,1836.665928
s6,2500,1785.119621
s6,2501,1613.761638
s6,2502,1515.398329
s6,2503,1197.774934
s6,2504,992.707171
s6,2505,897.003310
s6,2506,915.550300
s6,2507,776.360246
s6,2508,1215.966949
s6,2509,1126.861825
s6,2510,1465.656763
s6,2511,1345.690720
s6,2512,1741.222676
s6,2513,1854.489205
s6,2514,2119.147565
s6,2515,2554.040590
s6,2516,2601.087560
s6,2517,2672.363219
s6,2518,2708.060960
s6,2519,2493.340190
s6,2520,2738.432272
s6,2521,2610.256454
s6,2522,2902.881093
s6,2523,2378.575994
s6,2524,2312.302317
s6,2525,2075.980583
s6,2526,1801.222211
s6,2527,1887.658718
s6,2528,1391.443716
s6,2529,1543.262910
s6,2530,1069.623914
s6,2531,1262.764210
s6,2532,1663.046525
s6,2533,1446.036103
s6,2534,1650.722988
s6,2535,1833.830207
s6,2536,1997.781468
s6,2537,1783.137435
s6,2538,2176.688795
s6,2539,2778.604747
s6,2540,2837.451458
s6,2541,2728.470649
s6,2542,2833.877765
s6,2543,3295.863731
s6,2544,3004.844013
s6,2545,2982.058689
s6,2546,2833.553399
s6,2547,2620.819551
s6,2548,2617.722314
s6,2549,2451.580025
s6,2550,2129.931974
s6,2551,1969.445966
s6,2552,1683.317408
s6,2553,1900.249643
s6,2554,1371.139830
s6,2555,1622.263251
s6,2556,1712.932616
s6,2557,1861.016545
s6,2558,1808.694732
s6,2559,2047.329702
s6,2560,2125.898127
s6,2561,2231.759370
s6,2562,2591.787187
s6,2563,2933.171889
s6,2564,3048.694018
s6,2565,2873.383074
s6,2566,3162.170429
s6,2567,3392.034623
s6,2568,3222.597350
s6,2569,3320.649355
s6,2570,2972.946085
s6,2571,2769.889654
s6,2572,2065.256931
s6,2573,2597.273772
s6,2574,1905.106450
s6,2575,1896.799363
s6,2576,1637.129477
s6,2577,1533.467148
s6,2578,1691.027173
s6,2579,1256.431173
s6,2580,1577.947908
s6,2581,1391.576091
s6,2582,1697.761758
s6,2583,1921.014293
s6,2584,2000.089216
s6,2585,2179.080766
s6,2586,2399.379792
s6,2587,2578.280867
s6,2588,2863.065262
s6,2589,2948.360583
s6,2590,2892.554345
s6,2591,3339.024730
s6,2592,2835.587728
s6,2593,3149.733236
s6,2594,2694.626884
s6,2595,2760.108408
s6,2596,2515.307000
s6,2597,2072.326446
s6,2598,2032.529409
s6,2599,2021.588180
s6,2600,1256.397698
s6,2601,1153.585490
s6,2602,1130.069545
s6,2603,1503.856580
s6,2604,1300.354703
s6,2605,1167.482869
s6,2606,1354.652395
s6,2607,1575.466155
s6,2608,1573.254491
s6,2609,1856.706850
s6,2610,2110.193886
s6,2611,2352.452726
s6,2612,2583.472783
s6,2613,2470.586499
s6,2614,2588.210281
s6,2615,2436.814479
s6,2616,2586.712681
s6,2617,2537.045822
s6,2618,2374.008570
s6,2619,2281.763481
s6,2620,1835.567655
s6,2621,1967.773106
s6,2622,1595.372623
s6,2623,1553.457819
s6,2624,1029.236036
s6,2625,1007.104783
s6,2626,959.419559
s6,2627,794.290066
s6,2628,1081.924936
s6,2629,972.349720
s6,2630,863.881020
s6,2631,1393.509182
s6,2632,1321.521997
s6,2633,1667.043035
s6,2634,1951.921860
s6,2635,1846.213303
s6,2636,2392.900352
s6,2637,2428.019501
s6,2638,2138.063939
s6,2639,2600.518459
s6,2640,2255.609822
s6,2641,2191.437318
s6,2642,2447.380314
s6,2643,1801.804842
s6,2644,1421.384276
s6,2645,1652.839748
s6,2646,1382.259141
s6,2647,1074.912592
s6,2648,1211.058545
s6,2649,679.305995
s6,2650,682.500547
s6,2651,929.551460
s6,2652,717.495898
s6,2653,752.899252
s6,2654,971.458923
s6,2655,999.492042
s6,2656,1186.636098
s6,2657,1584.213185
s6,2658,1735.878172
s6,2659,1992.987619
s6,2660,2059.711422
s6,2661,2366.986411
s6,2662,2494.547364
s6,2663,2592.868530
s6,2664,2362.622808
s6,2665,2289.113392
s6,2666,2094.315078
s6,2667,2175.524920
s6,2668,2091.978871
s6,2669,1901.451828
s6,2670,1681.853242
s6,2671,1562.618378
s6,2672,1494.896074
s6,2673,1137.064241
s6,2674,1129.160427
s6,2675,888.223871
s6,2676,1112.819569
s6,2677,1273.562844
s6,2678,1174.177784
s6,2679,1761.047402
s6,2680,1739.331407
s6,2681,2001.622898
s6,2682,2142.499360
s6,2683,2620.447378
s6,2684,2530.609700
s6,2685,2785.359408
s6,2686,2785.534468
s6,2687,2728.031207
s6,2688,2768.581917
s6,2689,2644.933060
s6,2690,2571.692758
s6,2691,2610.675471
s6,2692,2180.329424
s6,2693,2062.519306
s6,2694,2041.287630
s6,2695,1923.506175
s6,2696,1591.831270
s6,2697,1413.790458
s6,2698,1187.519017
s6,2699,1470.779583
s6,2700,1280.284347
s6,2701,1400.811577
s6,2702,1737.063382
s6,2703,1719.581423
s6,2704,2082.161220
s6,2705,2298.210930
s6,2706,2329.267967
s6,2707,2621.924441
s6,2708,3020.707592
s6,2709,3024.320763
s6,2710,3099.918371
s6,2711,2899.080381
s6,2712,3080.299611
s6,2713,3228.638901
s6,2714,2876.396219
s6,2715,2828.056990
s6,2716,2734.735605
s6,2717,2759.069436
s6,2718,1920.697779
s6,2719,2159.520610
s6,2720,2010.223405
s6,2721,1715.129203
s6,2722,1933.665606
s6,2723,1396.648876
s6,2724,1386.268464
s6,2725,1671.529626
s6,2726,1927.080497
s6,2727,1814.192581
s6,2728,2169.351207
s6,2729,2295.332799
s6,2730,2899.358916
s6,2731,2693.068047
s6,2732,3166.244758
s6,2733,2753.864269
s6,2734,3152.227307
s6,2735,3198.524611
s6,2736,2965.542799
s6,2737,3045.638164
s6,2738,3021.835486
s6,2739,2757.992365
s6,2740,2525.600493
s6,2741,2379.137921
s6,2742,2248.949755
s6,2743,2060.126163
s6,2744,1706.348300
s6,2745,1807.995447
s6,2746,1548.826968
s6,2747,1914.913770
s6,2748,1530.168892
s6,2749,1634.012194
s6,2750,1543.584070
s6,2751,2101.178124
s6,2752,2007.759468
s6,2753,2291.980062
s6,2754,2583.129701
s6,2755,2558.098984
s6,2756,2812.060183
s6,2757,2828.956866
s6,2758,2841.469874
s6,2759,2785.078995
s6,2760,2634.101633
s6,2761,2697.660652
s6,2762,2423.111043
s6,2763,2671.335742
s6,2764,2167.687916
s6,2765,2554.736044
s6,2766,1871.100125
s6,2767,1580.292518
s6,2768,1743.893434
s6,2769,1399.739427
s6,2770,1228.186073
s6,2771,1175.455631
s6,2772,1447.429392
s6,2773,1155.603398
s6,2774,1196.921907
s6,2775,1504.534144
s6,2776,1760.915444
s6,2777,1559.795859
s6,2778,1876.341735
s6,2779,2127.401389
s6,2780,2346.465091
s6,2781,2530.003491
s6,2782,2308.368211
s6,2783,2562.552902
s6,2784,2296.284462
s6,2785,2630.391959
s6,2786,2324.100390
s6,2787,2323.195843
s6,2788,2218.812947
s6,2789,1820.990114
s6,2790,1578.884021
s6,2791,1248.705025
s6,2792,1087.797094
s6,2793,1126.021004
s6,2794,1085.180967
s6,2795,1185.051432
s6,2796,789.378477
s6,2797,816.612659
s6,2798,1394.250331
s6,2799,1248.619315
s6,2800,1263.845542
s6,2801,1784.179581
s6,2802,1793.758749
s6,2803,1937.116730
s6,2804,1974.515632
s6,2805,2440.316923
s6,2806,2526.810469
s6,2807,2678.852363
s6,2808,2416.534311
s6,2809,2259.088222
s6,2810,2218.641365
s6,2811,2067.602979
s6,2812,1785.685098
s6,2813,1417.457251
s6,2814,1252.597859
s6,2815,1208.856587
s6,2816,994.112640
s6,2817,1196.457781
s6,2818,868.960864
s6,2819,784.664981
s6,2820,737.021885
s6,2821,1014.577600
s6,2822,1015.971546
s6,2823,1364.609037
s6,2824,1423.192607
s6,2825,1794.949031
s6,2826,1813.012540
s6,2827,2144.076938
s6,2828,2412.604856
s6,2829,2285.409070
s6,2830,2678.208164
s6,2831,2483.102230
s6,2832,2824.614942
s6,2833,2656.024566
s6,2834,2483.698738
s6,2835,2312.622472
s6,2836,2261.259547
s6,2837,1708.793548
s6,2838,1743.288208
s6,2839,1398.582492
s6,2840,1305.060098
s6,2841,1219.591973
s6,2842,1234.447691
s6,2843,928.507204
s6,2844,909.679461
s6,2845,925.957231
s6,2846,1385.882843
s6,2847,1391.545305
s6,2848,1774.775314
s6,2849,2059.635835
s6,2850,2303.453784
s6,2851,2012.646094
s6,2852,2535.260057
s6,2853,2675.838817
s6,2854,2594.693661
s6,2855,2548.721552
s6,2856,2857.053960
s6,2857,3092.166678
s6,2858,2428.961094
s6,2859,2450.097026
s6,2860,2380.789102
s6,2861,1711.354811
s6,2862,2192.119066
s6,2863,1600.301873
s6,2864,1752.605969
s6,2865,1913.345560
s6,2866,1432.641349
s6,2867,1202.639149
s6,2868,1401.780286
s6,2869,1415.141582
s6,2870,1730.907627
s6,2871,1645.088592
s6,2872,2179.467502
s6,2873,2110.515772
s6,2874,2958.685441
s6,2875,2416.257146
s6,2876,2967.630901
s6,2877,2743.525932
s6,2878,3263.233539
s6,2879,3113.096669
s6,2880,2782.802673
s6,2881,2877.132172
s6,2882,2812.515957
s6,2883,2548.131642
s6,2884,2585.692767
s6,2885,2207.281961
s6,2886,2166.776669
s6,2887,2072.055725
s6,2888,1830.365376
s6,2889,1638.682947
s6,2890,1556.248856
s6,2891,1668.448707
s6,2892,1530.371262
s6,2893,1676.863780
s6,2894,1444.277330
s6,2895,1822.593673
s6,2896,2227.456997
s6,2897,2345.707957
s6,2898,2596.902035
s6,2899,2792.549234
s6,2900,3172.903772
s6,2901,2974.796621
s6,2902,2881.643400
s6,2903,3384.567548
s6,2904,3196.394421
s6,2905,2958.844827
s6,2906,2751.832053
s6,2907,2472.734095
s6,2908,2456.339373
s6,2909,2353.013619
s6,2910,2378.541547
s6,2911,1901.922624
s6,2912,1747.483230
s6,2913,1527.082860
s6,2914,1340.190786
s6,2915,1566.283137
s6,2916,1552.546175
s6,2917,1550.675796
s6,2918,1829.212739
s6,2919,1605.618558
s6,2920,2022.373453
s6,2921,2162.476388
s6,2922,2521.124640
s6,2923,2466.545453
s6,2924,2686.296090
s6,2925,2794.514390
s6,2926,2979.100598
s6,2927,2910.169948
s6,2928,2864.291286
s6,2929,2670.946445
s6,2930,2566.456844
s6,2931,2610.881084
s6,2932,2200.875305
s6,2933,2267.816317
s6,2934,2184.374450
s6,2935,1909.237719
s6,2936,1576.898659
s6,2937,1418.696234
s6,2938,1353.729214
s6,2939,1201.336635
s6,2940,1176.137810
s6,2941,1244.230999
s6,2942,1232.895585
s6,2943,1431.268338
s6,2944,1965.646293
s6,2945,1673.412431
s6,2946,1883.160332
s6,2947,1951.871026
s6,2948,2523.580745
s6,2949,2831.959579
s6,2950,2786.441994
s6,2951,2577.333278
s6,2952,2722.981853
s6,2953,2575.757456
s6,2954,2480.576479
s6,2955,2041.350554
s6,2956,2139.324400
s6,2957,1658.272069
s6,2958,1615.353499
s6,2959,1461.567484
s6,2960,1311.850885
s6,2961,1319.471214
s6,2962,1174.974339
s6,2963,865.170694
s6,2964,1266.544194
s6,2965,707.248000
s6,2966,980.939032
s6,2967,1269.700963
s6,2968,1514.057705
s6,2969,1621.387051
s6,2970,1813.455117
s6,2971,2261.580933
s6,2972,1896.012822
s6,2973,2263.080670
s6,2974,2259.346478
s6,2975,2397.608631
s6,2976,2298.120384
s6,2977,2385.787022
s6,2978,2371.715853
s6,2979,2285.952436
s6,2980,1479.368111
s6,2981,1540.185211
s6,2982,1609.359249
s6,2983,1230.172734
s6,2984,1005.030246
s6,2985,906.031167
s6,2986,990.534036
s6,2987,787.066690
s6,2988,863.350869
s6,2989,871.303100
s6,2990,1045.032030
s6,2991,1249.036559
s6,2992,1714.811672
s6,2993,1719.887207
s6,2994,1858.666397
s6,2995,2214.235580
s6,2996,1956.432008
s6,2997,2289.285058
s6,2998,2458.863296
s6,2999,2299.154019
s6,3000,2440.368145
s6,3001,2358.648143
s6,3002,2217.272711
s6,3003,2046.857429
s6,3004,1971.004516
s6,3005,1926.219304
s6,3006,1504.967679
s6,3007,1442.078490
s6,3008,1310.049680
s6,3009,1025.488579
s6,3010,1011.410424
s6,3011,1177.370227
s6,3012,820.079160
s6,3013,1152.425417
s6,3014,1278.124732
s6,3015,1359.647588
s6,3016,1303.221704
s6,3017,1986.081771
s6,3018,2479.905573
s6,3019,2273.220760
s6,3020,2626.844491
s6,3021,2681.384770
s6,3022,2779.138078
s6,3023,2749.126778
s6,3024,2839.349586
s6,3025,2566.460089
s6,3026,2605.498948
s6,3027,2481.179623
s6,3028,2308.828932
s6,3029,1970.319965
s6,3030,2035.656048
s6,3031,1484.140442
s6,3032,1365.716078
s6,3033,1479.289003
s6,3034,1096.999814
s6,3035,1706.033061
s6,3036,1185.087212
s6,3037,1400.584745
s6,3038,1827.224642
s6,3039,1581.396472
s6,3040,2239.839751
s6,3041,2427.881842
s6,3042,2614.833435
s6,3043,2643.378362
s6,3044,3055.839699
s6,3045,2950.864848
s6,3046,3211.624350
s6,3047,2959.097425
s6,3048,3250.159890
s6,3049,3158.671123
s6,3050,3024.324044
s6,3051,2912.569503
s6,3052,2423.845283
s6,3053,2544.542711
s6,3054,2157.198962
s6,3055,2012.028559
s6,3056,1917.463761
s6,3057,1609.593031
s6,3058,1760.636984
s6,3059,1561.040768
s6,3060,1732.678143
s6,3061,1698.158272
s6,3062,1683.466662
s6,3063,2129.064289
s6,3064,2167.950339
s6,3065,2461.607827
s6,3066,2511.220746
s6,3067,2531.516010
s6,3068,3083.887318
s6,3069,2749.597401
s6,3070,3046.116700
s6,3071,2900.696483
s6,3072,3223.119445
s6,3073,2760.683959
s6,3074,3077.466860
s6,3075,3192.850391
s6,3076,2454.125043
s6,3077,2562.354642
s6,3078,2487.514690
s6,3079,1776.680339
s6,3080,1809.962580
s6,3081,1558.922066
s6,3082,1572.709732
s6,3083,1474.813347
s6,3084,1847.005421
s6,3085,1640.117050
s6,3086,2114.866144
s6,3087,2232.386275
s6,3088,2255.541569
s6,3089,2191.098897
s6,3090,2373.990122
s6,3091,2519.953521
s6,3092,2908.674239
s6,3093,2925.330780
s6,3094,3010.677525
s6,3095,3040.706521
s6,3096,3288.659744
s6,3097,2865.995211
s6,3098,2703.444743
s6,3099,2636.420711
s6,3100,2431.438327
s6,3101,2357.832380
s6,3102,2152.432301
s6,3103,1586.054907
s6,3104,1615.567407
s6,3105,1322.557062
s6,3106,1372.295882
s6,3107,1183.185455
s6,3108,1102.934484
s6,3109,1260.249934
s6,3110,1471.776778
s6,3111,1379.947517
s6,3112,1790.560556
s6,3113,1910.049549
s6,3114,2059.726934
s6,3115,2360.613087
s6,3116,2561.121779
s6,3117,2529.801016
s6,3118,2131.857764
s6,3119,2517.389012
s6,3120,2797.246022
s6,3121,2317.619347
s6,3122,2443.258557
s6,3123,1932.351645
s6,3124,2357.654303
s6,3125,1655.524906
s6,3126,1684.029764
s6,3127,1281.551811
s6,3128,1216.456458
s6,3129,1239.652154
s6,3130,946.540001
s6,3131,743.648903
s6,3132,1154.542933
s6,3133,955.393570
s6,3134,1325.339438
s6,3135,1127.897072
s6,3136,1377.475440
s6,3137,1744.728173
s6,3138,1979.028796
s6,3139,2130.933563
s6,3140,2058.350079
s6,3141,2395.208840
s6,3142,2156.551070
s6,3143,2564.946230
s6,3144,2427.559984
s6,3145,2457.653596
s6,3146,2130.243324
s6,3147,2015.326030
s6,3148,1943.664696
s6,3149,1423.708628
s6,3150,1353.700541
s6,3151,1386.298377
s6,3152,1173.601517
s6,3153,883.389136
s6,3154,755.647520
s6,3155,640.274912
s6,3156,802.174965
s6,3157,1036.302587
s6,3158,1077.264966
s6,3159,1032.724252
s6,3160,1275.347359
s6,3161,1726.261082
s6,3162,1460.531132
s6,3163,2290.357533
s6,3164,1739.708716
s6,3165,2348.084108
s6,3166,2328.252520
s6,3167,2360.283189
s6,3168,2353.529563
s6,3169,2446.862474
s6,3170,2262.422897
s6,3171,2087.912320
s6,3172,2221.884952
s6,3173,1826.838530
s6,3174,1556.006407
s6,3175,1144.545595
s6,3176,1195.809712
s6,3177,1108.091516
s6,3178,1124.871345
s6,3179,1020.413838
s6,3180,1040.114309
s6,3181,1053.974648
s6,3182,1408.793506
s6,3183,1174.756405
s6,3184,1668.920680
s6,3185,2078.978965
s6,3186,1649.869538
s6,3187,2519.520641
s6,3188,2564.442410
s6,3189,2690.350607
s6,3190,2599.585692
s6,3191,2658.072591
s6,3192,2625.642921
s6,3193,3276.000290
s6,3194,2467.241732
s6,3195,2832.601543
s6,3196,2260.154393
s6,3197,1943.926285
s6,3198,2014.743549
s6,3199,1687.365993
s6,3200,1431.723203
s6,3201,1384.023120
s6,3202,1497.883281
s6,3203,1312.313056
s6,3204,1296.342102
s6,3205,1505.308935
s6,3206,1692.890734
s6,3207,1577.472686
s6,3208,2207.247813
s6,3209,2039.667441
s6,3210,2416.404642
s6,3211,2807.950407
s6,3212,2909.388587
s6,3213,2929.279346
s6,3214,3009.989276
s6,3215,3124.360626
s6,3216,3299.280247
s6,3217,3041.469452
s6,3218,3123.125651
s6,3219,2759.708541
s6,3220,2936.672868
s6,3221,2436.620021
s6,3222,2409.614909
s6,3223,1812.237491
s6,3224,1838.064712
s6,3225,1827.883062
s6,3226,1337.137674
s6,3227,1495.002253
s6,3228,1449.284900
s6,3229,1790.641873
s6,3230,1685.394231
s6,3231,2007.452195
s6,3232,2151.274396
s6,3233,2363.358603
s6,3234,2317.760513
s6,3235,2882.542477
s6,3236,2641.207967
s6,3237,3258.843539
s6,3238,3177.493406
s6,3239,3051.261182
s6,3240,3136.490240
s6,3241,2807.816362
s6,3242,2872.722600
s6,3243,2803.967190
s6,3244,2970.086287
s6,3245,2163.487495
s6,3246,2154.097075
s6,3247,1822.606763
s6,3248,1875.777574
s6,3249,1887.550485
s6,3250,1394.803951
s6,3251,1551.951298
s6,3252,1711.900338
s6,3253,1533.523786
s6,3254,1673.426580
s6,3255,1803.008185
s6,3256,2048.714240
s6,3257,2276.533742
s6,3258,2316.126341
s6,3259,2574.945474
s6,3260,2601.465549
s6,3261,2925.507422
s6,3262,2991.815257
s6,3263,3160.153319
s6,3264,2930.821242
s6,3265,2834.418459
s6,3266,2499.144053
s6,3267,2680.257316
s6,3268,2377.257290
s6,3269,2054.840284
s6,3270,1969.365441
s6,3271,1884.636734
s6,3272,1617.642845
s6,3273,1456.456963
s6,3274,1389.472730
s6,3275,1065.729614
s6,3276,1200.144466
s6,3277,1346.325003
s6,3278,1161.970123
s6,3279,1485.568578
s6,3280,1921.057255
s6,3281,1726.077606
s6,3282,2030.321902
s6,3283,2261.380641
s6,3284,2584.479542
s6,3285,2358.724095
s6,3286,2737.401578
s6,3287,2877.522908
s6,3288,2638.640779
s6,3289,2358.513518
s6,3290,2647.601605
s6,3291,2312.821001
s6,3292,2101.932238
s6,3293,2027.009756
s6,3294,1665.009235
s6,3295,1329.654093
s6,3296,935.736740
s6,3297,1320.373062
s6,3298,946.847989
s6,3299,871.416319
s6,3300,1010.347219
s6,3301,1133.382138
s6,3302,932.725574
s6,3303,1241.089596
s6,3304,1322.336635
s6,3305,1452.098883
s6,3306,1731.225868
s6,3307,1925.930442
s6,3308,2146.732934
s6,3309,2079.105393
s6,3310,2247.183317
s6,3311,2544.728736
s6,3312,2158.546818
s6,3313,2284.388023
s6,3314,1972.841746
s6,3315,1923.752731
s6,3316,1842.917814
s6,3317,1736.601531
s6,3318,1550.863982
s6,3319,1065.768702
s6,3320,1255.724572
s6,3321,710.845130
s6,3322,1025.222125
s6,3323,584.002226
s6,3324,678.134873
s6,3325,999.795596
s6,3326,990.510139
s6,3327,1334.801142
s6,3328,1436.775709
s6,3329,1633.541233
s6,3330,1995.658577
s6,3331,1972.310990
s6,3332,2136.938582
s6,3333,2401.031028
s6,3334,2458.166261
s6,3335,2538.889671
s6,3336,2561.577206
s6,3337,2567.875890
s6,3338,2189.004304
s6,3339,1876.741418
s6,3340,1980.041720
s6,3341,1878.403451
s6,3342,1618.954397
s6,3343,1200.176516
s6,3344,959.205655
s6,3345,842.658308
s6,3346,1090.076380
s6,3347,907.595599
s6,3348,1218.788465
s6,3349,1452.693739
s6,3350,1402.272712
s6,3351,1505.938663
s6,3352,1682.145664
s6,3353,1954.120704
s6,3354,2422.972172
s6,3355,2258.209357
s6,3356,2298.659759
s6,3357,2732.116567
s6,3358,2951.872566
s6,3359,2615.275383
s6,3360,2577.081133
s6,3361,2444.336562
s6,3362,2595.691188
s6,3363,2249.670787
s6,3364,2541.911831
s6,3365,1929.354904
s6,3366,2113.849700
s6,3367,1779.945690
s6,3368,1249.187787
s6,3369,1486.100265
s6,3370,1650.064971
s6,3371,1491.843627
s6,3372,1328.496478
s6,3373,1460.849659
s6,3374,1637.308557
s6,3375,1818.843534
s6,3376,1980.407238
s6,3377,2075.583599
s6,3378,2263.939885
s6,3379,2325.633205
s6,3380,2825.958099
s6,3381,2938.460102
s6,3382,2889.157882
s6,3383,3296.866918
s6,3384,2984.713076
s6,3385,3249.832748
s6,3386,2860.785664
s6,3387,2667.853512
s6,3388,2651.675120
s6,3389,2206.584238
s6,3390,2386.927807
s6,3391,2261.198639
s6,3392,1799.137052
s6,3393,1767.114558
s6,3394,1454.843036
s6,3395,1661.881677
s6,3396,1802.868657
s6,3397,1616.923644
s6,3398,1875.781512
s6,3399,2026.551947
s6,3400,2129.824463
s6,3401,2644.817712
s6,3402,2962.327025
s6,3403,2623.401256
s6,3404,3054.889367
s6,3405,2748.970827
s6,3406,3167.908332
s6,3407,3240.465339
s6,3408,3135.085192
s6,3409,3121.500803
s6,3410,3029.139946
s6,3411,3043.480640
s6,3412,2599.627134
s6,3413,2265.679069
s6,3414,2243.997081
s6,3415,2314.876134
s6,3416,1735.329084
s6,3417,1907.095707
s6,3418,1643.277579
s6,3419,1323.218109
s6,3420,1531.306535
s6,3421,1524.162227
s6,3422,1824.190387
s6,3423,1633.039447
s6,3424,2093.398139
s6,3425,2254.589633
s6,3426,2062.903035
s6,3427,2592.353621
s6,3428,2668.816927
s6,3429,3076.856516
s6,3430,3070.400756
s6,3431,3135.067240
s7,0,5797.075989
s7,1,5655.954900
s7,2,5132.166196
s7,3,4535.110812
s7,4,4270.920491
s7,5,3671.842039
s7,6,3651.237813
s7,7,3768.353872
s7,8,2895.770580
s7,9,2712.318228
s7,10,3069.043284
s7,11,3114.215362
s7,12,3231.333787
s7,13,3178.925730
s7,14,3876.278625
s7,15,4570.289493
s7,16,4340.620556
s7,17,5118.274649
s7,18,5060.933336
s7,19,5652.021650
s7,20,5757.603641
s7,21,6504.490769
s7,22,6227.214106
s7,23,6717.869903
s7,24,6524.447487
s7,25,6149.696172
s7,26,5006.743574
s7,27,5289.610473
s7,28,5028.808452
s7,29,4654.424550
s7,30,3687.722033
s7,31,3708.508677
s7,32,3276.324366
s7,33,3176.176060
s7,34,3774.538269
s7,35,3200.621231
s7,36,3650.043680
s7,37,4248.594806
s7,38,4106.451000
s7,39,4689.970990
s7,40,5215.971865
s7,41,5647.437878
s7,42,5618.481182
s7,43,6421.830880
s7,44,7134.075794
s7,45,6299.202452
s7,46,7180.776053
s7,47,6859.054848
s7,48,6415.698378
s7,49,7042.724038
s7,50,6248.509574
s7,51,5145.625922
s7,52,5127.098256
s7,53,4842.118126
s7,54,4150.099443
s7,55,4080.638627
s7,56,3534.815472
s7,57,3601.267387
s7,58,3793.252167
s7,59,3107.050619
s7,60,3564.872583
s7,61,3590.480737
s7,62,4131.070659
s7,63,4072.249356
s7,64,4704.993942
s7,65,5258.774074
s7,66,6026.115462
s7,67,6440.921060
s7,68,5835.534041
s7,69,6160.733307
s7,70,6686.270786
s7,71,5687.036027
s7,72,6010.902539
s7,73,5831.832473
s7,74,5910.410109
s7,75,5267.888240
s7,76,4440.427840
s7,77,3949.450172
s7,78,3544.260995
s7,79,3768.714287
s7,80,2792.323004
s7,81,2633.382515
s7,82,2771.289962
s7,83,2637.168531
s7,84,2753.081059
s7,85,2680.734716
s7,86,3387.103067
s7,87,3622.725752
s7,88,4592.064288
s7,89,4829.192527
s7,90,4978.910487
s7,91,5541.767204
s7,92,5435.143612
s7,93,6054.214912
s7,94,5715.687429
s7,95,5827.643227
s7,96,4977.759042
s7,97,5237.575733
s7,98,4149.436671
s7,99,3585.529594
s7,100,3708.798524
s7,101,3031.505947
s7,102,2957.986354
s7,103,3294.990183
s7,104,1938.568538
s7,105,1817.130520
s7,106,2024.428449
s7,107,2163.322663
s7,108,2086.516014
s7,109,2332.619555
s7,110,2985.589768
s7,111,3321.652829
s7,112,3215.893638
s7,113,3975.078343
s7,114,4414.728029
s7,115,4381.053046
s7,116,5093.678543
s7,117,4867.002988
s7,118,5543.983057
s7,119,5205.193971
s7,120,4987.269336
s7,121,4470.268470
s7,122,4269.229178
s7,123,3200.620815
s7,124,3049.837980
s7,125,3117.361413
s7,126,1843.231747
s7,127,2513.988187
s7,128,1350.166246
s7,129,2046.075751
s7,130,1441.749225
s7,131,2068.352051
s7,132,2026.059543
s7,133,1734.815729
s7,134,3062.580892
s7,135,3555.676726
s7,136,3493.643380
s7,137,3879.989486
s7,138,4347.456645
s7,139,4436.361506
s7,140,5438.687481
s7,141,5059.337947
s7,142,5302.713244
s7,143,5004.324064
s7,144,4907.076620
s7,145,4427.107414
s7,146,4963.862536
s7,147,4083.136654
s7,148,4046.016432
s7,149,3295.927176
s7,150,2662.068260
s7,151,2458.975134
s7,152,2132.855055
s7,153,2185.828218
s7,154,2025.103699
s7,155,2140.510726
s7,156,1971.969285
s7,157,2474.243057
s7,158,3710.803153
s7,159,3356.114129
s7,160,3701.161133
s7,161,4657.516566
s7,162,5472.333188
s7,163,4872.983544
s7,164,5605.991998
s7,165,5661.800163
s7,166,5360.949386
s7,167,6192.275759
s7,168,5788.570601
s7,169,5577.601147
s7,170,4967.335184
s7,171,4998.874769
s7,172,4241.748907
s7,173,3964.411976
s7,174,3248.477660
s7,175,2887.166642
s7,176,3525.809453
s7,177,2751.398017
s7,178,3000.735056
s7,179,2979.545117
s7,180,3042.929524
s7,181,3324.567953
s7,182,4103.557494
s7,183,4226.555195
s7,184,4751.780076
s7,185,5283.679155
s7,186,6121.856626
s7,187,6331.116257
s7,188,6524.353264
s7,189,6391.260485
s7,190,6187.737196
s7,191,6951.674523
s7,192,6803.557448
s7,193,6165.629524
s7,194,6061.087217
s7,195,5744.673943
s7,196,5332.044410
s7,197,4932.975543
s7,198,4058.118689
s7,199,4395.420450
s7,200,3183.916704
s7,201,3752.034155
s7,202,3579.099486
s7,203,3780.130997
s7,204,4308.966331
s7,205,4455.439704
s7,206,3912.870226
s7,207,4146.374498
s7,208,5459.483280
s7,209,5275.567217
s7,210,6036.493369
s7,211,6685.046697
s7,212,6099.043737
s7,213,6105.187584
s7,214,6973.921482
s7,215,6833.212616
s7,216,6552.088683
s7,217,6366.444650
s7,218,5689.123423
s7,219,5037.316283
s7,220,5043.964282
s7,221,4308.370453
s7,222,3648.650737
s7,223,4019.546030
s7,224,3536.579934
s7,225,3511.395049
s7,226,2956.360277
s7,227,3113.118699
s7,228,3150.469091
s7,229,3444.553364
s7,230,4154.558998
s7,231,4211.587820
s7,232,5027.424185
s7,233,5443.521812
s7,234,6414.395305
s7,235,5566.044411
s7,236,6597.835141
s7,237,6403.806765
s7,238,6458.440816
s7,239,5874.060249
s7,240,6011.928413
s7,241,6121.555400
s7,242,5448.673959
s7,243,5058.184347
s7,244,4453.008615
s7,245,4474.493021
s7,246,3623.103940
s7,247,2485.034855
s7,248,2701.303272
s7,249,2059.401052
s7,250,1528.947269
s7,251,2496.063433
s7,252,3280.777633
s7,253,3081.006981
s7,254,2986.886923
s7,255,3451.364207
s7,256,4579.822085
s7,257,4658.402086
s7,258,5003.778818
s7,259,5292.941093
s7,260,5565.536829
s7,261,5969.167926
s7,262,5908.023934
s7,263,5700.901228
s7,264,5063.255589
s7,265,5294.255882
s7,266,4495.510250
s7,267,4664.185970
s7,268,3375.611255
s7,269,3294.280323
s7,270,2898.899317
s7,271,2064.583163
s7,272,2818.851533
s7,273,2535.625993
s7,274,1793.821998
s7,275,2259.395929
s7,276,2277.858127
s7,277,1502.686799
s7,278,2829.758666
s7,279,3121.289811
s7,280,3600.897386
s7,281,3631.163830
s7,282,4309.717816
s7,283,4683.096468
s7,284,5413.656947
s7,285,5278.028981
s7,286,5206.987507
s7,287,5665.803175
s7,288,4765.085274
s7,289,4539.761243
s7,290,3683.862314
s7,291,4430.148812
s7,292,3772.259518
s7,293,3308.333346
s7,294,2807.544818
s7,295,2260.123414
s7,296,2026.343472
s7,297,1698.351684
s7,298,1663.017115
s7,299,1818.545358
s7,300,2502.061482
s7,301,2456.128338
s7,302,2611.835625
s7,303,2858.984527
s7,304,3297.436917
s7,305,4526.878765
s7,306,4577.224268
s7,307,4795.791147
s7,308,4940.661945
s7,309,4864.176677
s7,310,5297.311251
s7,311,5578.939179
s7,312,4987.578659
s7,313,4789.218788
s7,314,4454.346086
s7,315,4174.030338
s7,316,3163.927962
s7,317,3210.190000
s7,318,2606.917493
s7,319,2876.511572
s7,320,2060.339325
s7,321,2381.998165
s7,322,2679.949911
s7,323,2135.796979
s7,324,2239.808066
s7,325,2818.359082
s7,326,3139.934293
s7,327,3244.985585
s7,328,4223.400654
s7,329,5236.004590
s7,330,4898.259351
s7,331,5304.266245
s7,332,5317.673422
s7,333,5989.667552
s7,334,5538.145003
s7,335,5557.369808
s7,336,6237.765473
s7,337,5240.856144
s7,338,5599.418415
s7,339,5367.567086
s7,340,4517.042160
s7,341,4204.431379
s7,342,4303.465284
s7,343,3238.554719
s7,344,2861.024106
s7,345,2459.730180
s7,346,2914.566880
s7,347,3501.068138
s7,348,3525.778181
s7,349,3174.919103
s7,350,3591.505943
s7,351,4156.819203
s7,352,4904.731747
s7,353,5205.246363
s7,354,5790.227295
s7,355,6198.826522
s7,356,6289.477189
s7,357,6571.680586
s7,358,6735.329378
s7,359,6595.417329
s7,360,6643.982342
s7,361,6859.041800
s7,362,6078.353182
s7,363,5494.541487
s7,364,4464.305998
s7,365,4749.098373
s7,366,3544.135805
s7,367,3387.487288
s7,368,3908.231549
s7,369,3698.435951
s7,370,3357.150976
s7,371,2889.528986
s7,372,3533.246842
s7,373,3709.769592
s7,374,4527.148730
s7,375,5506.736996
s7,376,5252.671831
s7,377,5356.815702
s7,378,5637.269333
s7,379,6376.248381
s7,380,6604.734081
s7,381,6435.578346
s7,382,6924.647394
s7,383,6421.181493
s7,384,7020.173347
s7,385,6719.467162
s7,386,6359.675493
s7,387,5395.622535
s7,388,5278.771952
s7,389,4597.802099
s7,390,4081.147214
s7,391,3728.326189
s7,392,3109.720360
s7,393,2873.547174
s7,394,3571.187586
s7,395,3274.037179
s7,396,3569.452477
s7,397,4095.486421
s7,398,3489.772699
s7,399,4211.189523
s7,400,4965.124330
s7,401,5461.563518
s7,402,5586.321808
s7,403,6400.920008
s7,404,6364.291856
s7,405,6016.389709
s7,406,6142.433835
s7,407,6651.495722
s7,408,6330.448748
s7,409,5210.743660
s7,410,5941.674344
s7,411,5236.389760
s7,412,5016.284588
s7,413,3944.236444
s7,414,3528.572981
s7,415,2855.238637
s7,416,3814.371141
s7,417,2677.583298
s7,418,3196.986996
s7,419,2455.671367
s7,420,2877.564440
s7,421,2488.633135
s7,422,3259.096664
s7,423,4114.742148
s7,424,3758.600859
s7,425,4973.673758
s7,426,5103.482117
s7,427,4951.510028
s7,428,5379.394523
s7,429,5533.292585
s7,430,5700.478920
s7,431,5441.731813
s7,432,5137.568232
s7,433,5013.077519
s7,434,4377.398053
s7,435,3842.614794
s7,436,3797.147718
s7,437,3646.054765
s7,438,2374.246755
s7,439,2522.410429
s7,440,2001.225354
s7,441,1695.378469
s7,442,2247.811857
s7,443,1814.758232
s7,444,2663.803769
s7,445,2134.787630
s7,446,2876.675007
s7,447,3064.089078
s7,448,3312.293050
s7,449,4204.950100
s7,450,4349.140342
s7,451,4952.476414
s7,452,4987.807689
s7,453,4788.457546
s7,454,5173.718136
s7,455,5156.662058
s7,456,5286.875872
s7,457,4361.602006
s7,458,4296.557741
s7,459,3295.714998
s7,460,3664.420820
s7,461,2619.489559
s7,462,1954.299757
s7,463,2201.741536
s7,464,2333.202542
s7,465,1259.729340
s7,466,1358.143869
s7,467,1543.612431
s7,468,1591.571130
s7,469,2395.369828
s7,470,2353.680120
s7,471,2809.993480
s7,472,3717.397901
s7,473,3713.977933
s7,474,4551.747748
s7,475,4437.660079
s7,476,4642.158410
s7,477,4613.781081
s7,478,5961.933444
s7,479,5167.384564
s7,480,5206.976158
s7,481,4856.848414
s7,482,4585.679083
s7,483,4153.379516
s7,484,4370.834663
s7,485,2933.206142
s7,486,2364.563726
s7,487,2222.754501
s7,488,1865.885106
s7,489,2440.569593
s7,490,2437.253966
s7,491,1912.521956
s7,492,1967.880654
s7,493,2630.068759
s7,494,3620.167405
s7,495,2615.562123
s7,496,4246.050606
s7,497,4170.413857
s7,498,5345.857512
s7,499,5002.628931
s7,500,5579.485909
s7,501,5360.445923
s7,502,5631.119503
s7,503,6416.651498
s7,504,6079.513253
s7,505,5414.515612
s7,506,4926.707407
s7,507,4189.292918
s7,508,4291.952625
s7,509,4003.019431
s7,510,3601.531399
s7,511,3274.037904
s7,512,2678.740375
s7,513,2903.356611
s7,514,2886.858968
s7,515,3436.062062
s7,516,3838.477338
s7,517,3452.445525
s7,518,3622.209027
s7,519,4308.211880
s7,520,4594.531291
s7,521,5020.095145
s7,522,5696.085704
s7,523,5736.900623
s7,524,6601.398084
s7,525,6549.708245
s7,526,6750.295264
s7,527,6561.301310
s7,528,6219.722337
s7,529,5887.362340
s7,530,5792.503377
s7,531,5286.140130
s7,532,5126.155214
s7,533,4613.838210
s7,534,3745.574298
s7,535,3896.332147
s7,536,3150.732426
s7,537,3242.484256
s7,538,3307.369881
s7,539,2763.619627
s7,540,3692.797714
s7,541,3995.782575
s7,542,4253.151194
s7,543,4582.209503
s7,544,5049.109070
s7,545,5288.829210
s7,546,5947.801332
s7,547,6205.094049
s7,548,6697.281214
s7,549,6417.440788
s7,550,6965.748725
s7,551,6867.281296
s7,552,6588.021289
s7,553,6201.763252
s7,554,6176.148208
s7,555,4985.228154
s7,556,5260.134464
s7,557,4727.105054
s7,558,4312.856959
s7,559,3977.364447
s7,560,3332.427158
s7,561,3281.822420
s7,562,3516.979782
s7,563,3488.403310
s7,564,3566.104628
s7,565,3228.186633
s7,566,4272.614848
s7,567,4884.614468
s7,568,5252.728141
s7,569,5407.024697
s7,570,5179.356281
s7,571,6371.056296
s7,572,6241.006632
s7,573,5561.670411
s7,574,6593.303992
s7,575,5859.476290
s7,576,5723.666166
s7,577,5646.491812
s7,578,5915.779374
s7,579,4902.410196
s7,580,4646.634819
s7,581,4679.043053
s7,582,4179.983022
s7,583,3207.912243
s7,584,2856.612687
s7,585,2303.429896
s7,586,2410.362812
s7,587,2825.424341
s7,588,2957.498990
s7,589,3102.764471
s7,590,3733.992259
s7,591,3509.389805
s7,592,4170.758795
s7,593,4856.133125
s7,594,5188.593694
s7,595,5680.535119
s7,596,5689.156618
s7,597,5584.882892
s7,598,5842.399840
s7,599,5280.941619
s7,600,4857.604983
s7,601,5318.234918
s7,602,4712.369354
s7,603,4393.438663
s7,604,3228.546598
s7,605,3215.861296
s7,606,2694.659312
s7,607,2223.298966
s7,608,1447.946253
s7,609,1916.775746
s7,610,2262.933105
s7,611,2124.709826
s7,612,1940.172834
s7,613,2398.477817
s7,614,3004.320294
s7,615,2190.893301
s7,616,3529.282632
s7,617,4189.619178
s7,618,4637.700567
s7,619,5330.801911
s7,620,5395.370609
s7,621,5270.492174
s7,622,5312.996392
s7,623,5410.020192
s7,624,4770.573372
s7,625,4660.148382
s7,626,4622.504356
s7,627,4564.013101
s7,628,3384.943979
s7,629,2975.602889
s7,630,2645.387154
s7,631,2685.169286
s7,632,1941.613092
s7,633,2291.722855
s7,634,1399.984152
s7,635,1735.697896
s7,636,1912.609989
s7,637,2535.693445
s7,638,2992.298623
s7,639,2538.386614
s7,640,3200.877174
s7,641,4090.527308
s7,642,4175.506325
s7,643,4247.710431
s7,644,5417.968097
s7,645,5416.754186
s7,646,5490.362062
s7,647,5113.890231
s7,648,5477.574908
s7,649,4784.834974
s7,650,4908.490450
s7,651,3821.992428
s7,652,3418.625379
s7,653,3361.883423
s7,654,2659.335190
s7,655,2804.421096
s7,656,2415.626778
s7,657,1864.927646
s7,658,2179.579231
s7,659,2122.807831
s7,660,2762.873468
s7,661,2534.323500
s7,662,2989.246558
s7,663,4005.019558
s7,664,4836.181850
s7,665,5230.314336
s7,666,5009.026597
s7,667,5449.640915
s7,668,6206.469316
s7,669,5836.780849
s7,670,5631.432745
s7,671,5979.227638
s7,672,5952.294090
s7,673,5267.158669
s7,674,4659.192537
s7,675,4346.851939
s7,676,4657.029683
s7,677,3752.252449
s7,678,3581.782046
s7,679,3379.639886
s7,680,3278.862642
s7,681,2810.757659
s7,682,3072.102116
s7,683,2684.380719
s7,684,3070.310209
s7,685,3146.541114
s7,686,4276.492976
s7,687,4321.275994
s7,688,4549.137796
s7,689,5154.553248
s7,690,5639.871047
s7,691,6338.013487
s7,692,5842.436269
s7,693,6227.994168
s7,694,6533.777832
s7,695,7497.272493
s7,696,6799.845532
s7,697,6175.714595
s7,698,6119.727738
s7,699,6184.520956
s7,700,4964.953427
s7,701,4489.059681
s7,702,4632.942959
s7,703,4043.541808
s7,704,3845.044187
s7,705,3279.800866
s7,706,4072.127578
s7,707,4068.298422
s7,708,3856.341830
s7,709,4179.618415
s7,710,3608.807459
s7,711,4948.300375
s7,712,5110.982736
s7,713,5775.023132
s7,714,6276.019902
s7,715,6277.938084
s7,716,6082.951162
s7,717,6959.327874
s7,718,6628.976608
s7,719,6704.091319
s7,720,6428.439033
s7,721,6235.417441
s7,722,5189.637441
s7,723,5978.525557
s7,724,5188.742621
s7,725,5026.437659
s7,726,4897.644832
s7,727,3853.021001
s7,728,2936.427636
s7,729,3063.129446
s7,730,2881.348191
s7,731,3166.956867
s7,732,3522.304182
s7,733,3060.014211
s7,734,4205.254595
s7,735,3960.852285
s7,736,5007.189381
s7,737,5288.662057
s7,738,5608.191289
s7,739,6020.973458
s7,740,6105.700074
s7,741,6223.529364
s7,742,5883.214799
s7,743,6363.629336
s7,744,6806.734711
s7,745,6548.063769
s7,746,5932.748191
s7,747,5273.540684
s7,748,4320.032272
s7,749,4573.831778
s7,750,3611.158035
s7,751,3219.797106
s7,752,2839.478516
s7,753,2769.764190
s7,754,2499.726410
s7,755,2649.918743
s7,756,2447.215146
s7,757,2935.958852
s7,758,4177.204222
s7,759,3751.642710
s7,760,4107.820331
s7,761,4787.581181
s7,762,5231.329376
s7,763,4927.443120
s7,764,5480.890282
s7,765,6008.075360
s7,766,5810.564317
s7,767,5668.584482
s7,768,5958.427004
s7,769,4884.437066
s7,770,4759.900053
s7,771,4107.857730
s7,772,4327.478092
s7,773,2668.894667
s7,774,2670.431546
s7,775,2338.795675
s7,776,2453.999907
s7,777,2241.198780
s7,778,2434.560534
s7,779,1450.792119
s7,780,2406.020773
s7,781,2302.509337
s7,782,2513.996702
s7,783,3328.430128
s7,784,3255.030667
s7,785,3286.441052
s7,786,4274.946466
s7,787,4228.248049
s7,788,4780.422042
s7,789,5290.827255
s7,790,5316.451671
s7,791,5685.772010
s7,792,4887.661640
s7,793,4145.447545
s7,794,4049.481310
s7,795,3572.342518
s7,796,3020.048978
s7,797,3142.362299
s7,798,2354.551386
s7,799,1540.534850
s7,800,2192.298323
s7,801,1746.810960
s7,802,1856.205344
s7,803,1836.269610
s7,804,2198.656830
s7,805,2277.682836
s7,806,3058.118191
s7,807,3205.202127
s7,808,3651.476414
s7,809,4115.696082
s7,810,3900.447374
s7,811,4715.754309
s7,812,4970.605262
s7,813,5318.021317
s7,814,4852.004214
s7,815,5841.075881
s7,816,5158.873766
s7,817,4449.998752
s7,818,3941.469081
s7,819,4039.289696
s7,820,3682.142054
s7,821,3043.731918
s7,822,2933.188304
s7,823,2350.567253
s7,824,2516.133917
s7,825,1933.328156
s7,826,2141.190367
s7,827,2581.311817
s7,828,3333.655969
s7,829,2405.026322
s7,830,2980.513454
s7,831,3297.995243
s7,832,4334.882792
s7,833,4145.476162
s7,834,4820.270522
s7,835,5363.995763
s7,836,5340.511631
s7,837,5549.675630
s7,838,5804.037865
s7,839,5214.897693
s7,840,5298.381797
s7,841,5410.597666
s7,842,5277.760649
s7,843,4778.073083
s7,844,3816.145902
s7,845,3853.800513
s7,846,3905.734819
s7,847,3497.981028
s7,848,3038.293728
s7,849,2620.316981
s7,850,3117.776363
s7,851,2791.630653
s7,852,2791.945397
s7,853,3223.145694
s7,854,4385.620462
s7,855,4406.510003
s7,856,5203.587678
s7,857,5110.787367
s7,858,6039.692009
s7,859,5889.193436
s7,860,6338.200581
s7,861,7442.597607
s7,862,6928.558473
s7,863,6451.604273
s7,864,6441.175958
s7,865,6326.585382
s7,866,6291.550973
s7,867,5306.694211
s7,868,4445.277872
s7,869,4518.970657
s7,870,4220.477959
s7,871,3910.953578
s7,872,4067.504902
s7,873,3564.155041
s7,874,3689.056625
s7,875,3099.421739
s7,876,3960.428154
s7,877,4666.324168
s7,878,4574.052857
s7,879,4815.878797
s7,880,5230.975019
s7,881,6241.496689
s7,882,5721.161312
s7,883,6357.286572
s7,884,6824.314335
s7,885,7088.982286
s7,886,6733.787528
s7,887,6923.848996
s7,888,6541.017160
s7,889,6394.688899
s7,890,5940.218156
s7,891,5165.514016
s7,892,5094.133746
s7,893,4945.690225
s7,894,3881.834004
s7,895,3762.126307
s7,896,3786.900665
s7,897,3002.468060
s7,898,3360.336871
s7,899,2974.520976
s7,900,3885.966734
s7,901,4547.438903
s7,902,4784.290732
s7,903,4405.932975
s7,904,5159.838444
s7,905,5368.113773
s7,906,5751.499849
s7,907,6579.678738
s7,908,5837.032913
s7,909,6798.424246
s7,910,6446.394504
s7,911,6859.379559
s7,912,6235.102745
s7,913,5633.491745
s7,914,5572.637976
s7,915,5283.939018
s7,916,4565.549511
s7,917,4244.733257
s7,918,3450.679324
s7,919,2507.968992
s7,920,3250.114015
s7,921,2979.071084
s7,922,2700.827647
s7,923,2702.381031
s7,924,3178.307865
s7,925,2907.195246
s7,926,3147.525587
s7,927,3710.637495
s7,928,4599.982064
s7,929,4125.915617
s7,930,5398.068202
s7,931,5091.013318
s7,932,5172.863096
s7,933,6125.892257
s7,934,5684.149768
s7,935,5178.342555
s7,936,5299.083560
s7,937,5439.014474
s7,938,5142.296112
s7,939,4139.901924
s7,940,3953.817258
s7,941,3587.871380
s7,942,2679.226879
s7,943,2643.585461
s7,944,2214.282840
s7,945,1847.437100
s7,946,1783.975654
s7,947,2016.483699
s7,948,2157.615652
s7,949,2208.675919
s7,950,2596.616731
s7,951,3526.213680
s7,952,3645.919825
s7,953,4307.473381
s7,954,4816.843917
s7,955,4947.523517
s7,956,5786.905723
s7,957,4878.258598
s7,958,5487.568886
s7,959,5029.085349
s7,960,5596.190752
s7,961,5260.159538
s7,962,3636.479859
s7,963,3555.285594
s7,964,3668.839945
s7,965,3264.561840
s7,966,2830.869855
s7,967,2197.726189
s7,968,2108.946872
s7,969,2010.323488
s7,970,1706.357156
s7,971,2153.947184
s7,972,1202.049130
s7,973,2483.052090
s7,974,2275.539577
s7,975,3389.171896
s7,976,3437.497254
s7,977,3668.037581
s7,978,4531.451960
s7,979,4458.360464
s7,980,4745.354321
s7,981,4706.216648
s7,982,5311.152650
s7,983,5449.040723
s7,984,5475.536824
s7,985,4818.696529
s7,986,4891.744436
s7,987,4142.443432
s7,988,3680.896595
s7,989,3489.046686
s7,990,3266.273886
s7,991,2453.890946
s7,992,2241.945090
s7,993,2127.644519
s7,994,2182.993071
s7,995,1933.517296
s7,996,2801.540652
s7,997,2614.345530
s7,998,3300.042395
s7,999,3302.946350
s7,1000,4188.200478
s7,1001,4676.222810
s7,1002,4842.220122
s7,1003,6070.819496
s7,1004,5805.772488
s7,1005,6492.199085
s7,1006,6298.613964
s7,1007,5710.647052
s7,1008,5664.908498
s7,1009,5703.303008
s7,1010,5247.750889
s7,1011,4859.156052
s7,1012,4328.992272
s7,1013,3390.273006
s7,1014,3552.796954
s7,1015,2541.761225
s7,1016,3193.608624
s7,1017,2675.922799
s7,1018,2653.579073
s7,1019,2915.596889
s7,1020,3288.989250
s7,1021,3006.040745
s7,1022,3283.602477
s7,1023,3963.128754
s7,1024,4100.181171
s7,1025,4942.736878
s7,1026,6264.695546
s7,1027,5732.322369
s7,1028,6617.012883
s7,1029,6112.713309
s7,1030,6767.224586
s7,1031,6514.147189
s7,1032,6449.795852
s7,1033,6410.196122
s7,1034,6479.687426
s7,1035,5542.420197
s7,1036,5088.394909
s7,1037,4279.836712
s7,1038,4416.257195
s7,1039,3788.371311
s7,1040,3900.430011
s7,1041,3439.923950
s7,1042,4008.925968
s7,1043,2795.455889
s7,1044,3559.013590
s7,1045,4247.592312
s7,1046,4186.736693
s7,1047,4455.406097
s7,1048,5086.242236
s7,1049,5149.777073
s7,1050,6081.774126
s7,1051,7236.835119
s7,1052,7060.379676
s7,1053,6450.231968
s7,1054,6583.489622
s7,1055,6678.398835
s7,1056,6983.051181
s7,1057,6069.986932
s7,1058,5747.822009
s7,1059,5864.013839
s7,1060,5399.465799
s7,1061,4514.470235
s7,1062,3829.870721
s7,1063,3311.021094
s7,1064,3316.796055
s7,1065,2602.376165
s7,1066,3555.849766
s7,1067,3122.780250
s7,1068,3660.755286
s7,1069,4394.216716
s7,1070,4491.542845
s7,1071,4084.679475
s7,1072,5204.323162
s7,1073,5725.529075
s7,1074,5459.026752
s7,1075,5717.541543
s7,1076,6253.954867
s7,1077,5882.628197
s7,1078,6970.253381
s7,1079,5544.690283
s7,1080,5789.034528
s7,1081,5772.446519
s7,1082,5398.825952
s7,1083,5087.508720
s7,1084,4646.792345
s7,1085,4002.867701
s7,1086,4022.401311
s7,1087,2506.075755
s7,1088,2939.810580
s7,1089,2491.739974
s7,1090,2695.427790
s7,1091,2754.897281
s7,1092,2506.770695
s7,1093,2843.823059
s7,1094,3664.286840
s7,1095,3895.955465
s7,1096,3955.600774
s7,1097,5307.236579
s7,1098,5783.228610
s7,1099,4807.245099
s7,1100,5656.331498
s7,1101,6556.411252
s7,1102,5987.766053
s7,1103,5702.747301
s7,1104,5351.023094
s7,1105,4931.516970
s7,1106,4658.120905
s7,1107,4097.285231
s7,1108,4070.531637
s7,1109,3204.472221
s7,1110,2749.366649
s7,1111,2106.804865
s7,1112,2208.177359
s7,1113,1723.997553
s7,1114,1891.317438
s7,1115,2352.500043
s7,1116,2273.462673
s7,1117,2577.589336
s7,1118,2866.192012
s7,1119,3162.834141
s7,1120,3528.320312
s7,1121,3896.269158
s7,1122,4664.239198
s7,1123,4370.796149
s7,1124,5466.269403
s7,1125,5174.495813
s7,1126,4950.818204
s7,1127,4970.139290
s7,1128,4723.119481
s7,1129,4729.226298
s7,1130,4062.667764
s7,1131,4282.966573
s7,1132,3170.406515
s7,1133,2208.927056
s7,1134,2324.986974
s7,1135,1529.797714
s7,1136,1938.319204
s7,1137,2150.322633
s7,1138,1956.489116
s7,1139,1338.746507
s7,1140,1718.162736
s7,1141,2877.689377
s7,1142,2741.781313
s7,1143,3060.126253
s7,1144,3880.361810
s7,1145,4819.894332
s7,1146,4849.505507
s7,1147,4820.563594
s7,1148,5182.258534
s7,1149,5459.191278
s7,1150,5109.156045
s7,1151,4912.830197
s7,1152,5140.969696
s7,1153,4541.038719
s7,1154,4509.352055
s7,1155,4169.386642
s7,1156,4520.031948
s7,1157,2997.968999
s7,1158,2859.453980
s7,1159,2514.949888
s7,1160,2476.717166
s7,1161,2543.900514
s7,1162,1985.387415
s7,1163,1960.768716
s7,1164,1881.608526
s7,1165,2433.099019
s7,1166,3325.549997
s7,1167,3603.229600
s7,1168,3714.487533
s7,1169,4412.740448
s7,1170,4998.082047
s7,1171,5547.822546
s7,1172,5473.322770
s7,1173,5793.345635
s7,1174,5341.157798
s7,1175,5542.045821
s7,1176,6354.293981
s7,1177,4798.701473
s7,1178,5110.220367
s7,1179,4917.666047
s7,1180,4298.608093
s7,1181,3735.092461
s7,1182,3609.451386
s7,1183,3304.657256
s7,1184,3037.132214
s7,1185,2278.936551
s7,1186,2849.378613
s7,1187,2696.427491
s7,1188,3006.186701
s7,1189,3577.907320
s7,1190,4107.227327
s7,1191,4639.739553
s7,1192,4632.865826
s7,1193,5594.531754
s7,1194,6120.898062
s7,1195,6488.347573
s7,1196,6871.533580
s7,1197,6535.310776
s7,1198,6604.090078
s7,1199,6908.765371
s7,1200,5999.359908
s7,1201,6286.325246
s7,1202,5691.405930
s7,1203,5348.177951
s7,1204,4445.210529
s7,1205,4308.386733
s7,1206,4208.109992
s7,1207,4179.453088
s7,1208,3954.900858
s7,1209,3427.300678
s7,1210,3343.586877
s7,1211,3192.643096
s7,1212,3799.950350
s7,1213,3858.394671
s7,1214,4516.477830
s7,1215,5332.298890
s7,1216,5166.733863
s7,1217,5109.299303
s7,1218,5744.026256
s7,1219,5892.947267
s7,1220,6253.021240
s7,1221,7282.457282
s7,1222,6962.670353
s7,1223,6293.893731
s7,1224,6862.132599
s7,1225,6787.624606
s7,1226,5861.699175
s7,1227,5326.011762
s7,1228,4985.114481
s7,1229,4741.434301
s7,1230,4435.778268
s7,1231,4252.754370
s7,1232,3975.697445
s7,1233,3779.880807
s7,1234,3766.847016
s7,1235,3567.944537
s7,1236,2967.130636
s7,1237,3705.042663
s7,1238,4195.411421
s7,1239,4349.419365
s7,1240,5218.805054
s7,1241,5202.235504
s7,1242,5397.189129
s7,1243,6544.015756
s7,1244,6521.344758
s7,1245,6510.232994
s7,1246,6782.722472
s7,1247,6740.107855
s7,1248,6288.119916
s7,1249,5018.188843
s7,1250,5244.222906
s7,1251,4872.856945
s7,1252,4213.957983
s7,1253,4144.987811
s7,1254,4041.469200
s7,1255,3076.387566
s7,1256,2548.679631
s7,1257,3437.147013
s7,1258,2494.134289
s7,1259,2253.784472
s7,1260,2903.016435
s7,1261,3211.501151
s7,1262,3148.037127
s7,1263,4048.109332
s7,1264,4022.105242
s7,1265,4285.916688
s7,1266,5048.794999
s7,1267,5577.061310
s7,1268,5333.805230
s7,1269,5805.506695
s7,1270,5685.321248
s7,1271,6600.155012
s7,1272,5178.494983
s7,1273,5595.208979
s7,1274,4713.332487
s7,1275,4243.430846
s7,1276,4062.519468
s7,1277,3649.886674
s7,1278,3338.188180
s7,1279,2634.490527
s7,1280,2018.309092
s7,1281,1846.878086
s7,1282,2129.306070
s7,1283,2193.618006
s7,1284,2629.246381
s7,1285,2547.842681
s7,1286,3108.894204
s7,1287,3665.281163
s7,1288,3629.019891
s7,1289,3490.286645
s7,1290,3996.056241
s7,1291,4248.919586
s7,1292,5552.745928
s7,1293,4870.638944
s7,1294,5633.529931
s7,1295,5340.659998
s7,1296,5547.754187
s7,1297,5019.777608
s7,1298,4274.827110
s7,1299,3820.310634
s7,1300,3469.203067
s7,1301,3052.701193
s7,1302,2394.016723
s7,1303,2210.906859
s7,1304,2506.810372
s7,1305,1198.477430
s7,1306,1822.303457
s7,1307,1487.191090
s7,1308,2045.392880
s7,1309,2554.083717
s7,1310,2612.128609
s7,1311,3325.162474
s7,1312,2968.294134
s7,1313,4356.000761
s7,1314,4194.659905
s7,1315,4987.055831
s7,1316,5122.885734
s7,1317,4355.210004
s7,1318,5059.736545
s7,1319,5353.792251
s7,1320,5658.560393
s7,1321,4966.575598
s7,1322,4619.368969
s7,1323,3649.286415
s7,1324,4206.383960
s7,1325,3914.250759
s7,1326,2911.285878
s7,1327,2495.834310
s7,1328,1767.870149
s7,1329,2487.573845
s7,1330,3085.963254
s7,1331,2491.092331
s7,1332,2882.787817
s7,1333,2939.233222
s7,1334,2801.089335
s7,1335,4048.258451
s7,1336,3638.947570
s7,1337,4468.618753
s7,1338,5083.355881
s7,1339,5678.547000
s7,1340,5821.265702
s7,1341,6013.020262
s7,1342,5705.497408
s7,1343,5494.480863
s7,1344,5817.844917
s7,1345,5308.163538
s7,1346,4775.857937
s7,1347,4405.722485
s7,1348,4258.697887
s7,1349,3375.070451
s7,1350,3166.020408
s7,1351,2742.721562
s7,1352,3128.265446
s7,1353,3066.837912
s7,1354,3592.070710
s7,1355,2474.980178
s7,1356,2960.732926
s7,1357,3814.252813
s7,1358,3811.638006
s7,1359,4217.892529
s7,1360,5393.151268
s7,1361,5159.367337
s7,1362,5317.751558
s7,1363,5642.575843
s7,1364,6508.184337
s7,1365,6690.748623
s7,1366,6191.276105
s7,1367,6284.686987
s7,1368,6654.734443
s7,1369,6413.122423
s7,1370,5652.569887
s7,1371,5689.786926
s7,1372,5242.650929
s7,1373,4000.720552
s7,1374,4107.603090
s7,1375,4016.292550
s7,1376,3416.084569
s7,1377,2717.679738
s7,1378,3311.278504
s7,1379,3738.239841
s7,1380,4206.035121
s7,1381,3188.553466
s7,1382,5208.460469
s7,1383,4339.941061
s7,1384,5507.770818
s7,1385,6050.891553
s7,1386,6379.625076
s7,1387,6447.159535
s7,1388,6265.324623
s7,1389,7048.498796
s7,1390,6637.990927
s7,1391,5948.315336
s7,1392,7611.967725
s7,1393,6597.250879
s7,1394,6612.459921
s7,1395,5244.787172
s7,1396,5607.274039
s7,1397,5191.370801
s7,1398,4751.042512
s7,1399,3837.922910
s7,1400,3143.244477
s7,1401,3310.139362
s7,1402,2538.064141
s7,1403,2753.257924
s7,1404,3526.540940
s7,1405,3408.442764
s7,1406,4030.513620
s7,1407,4443.913393
s7,1408,5570.224788
s7,1409,5773.708971
s7,1410,5700.834964
s7,1411,6462.871312
s7,1412,6022.992144
s7,1413,6318.522498
s7,1414,6777.040010
s7,1415,5945.829895
s7,1416,6074.394294
s7,1417,5410.060023
s7,1418,5517.598902
s7,1419,5592.987903
s7,1420,4293.966451
s7,1421,4154.364622
s7,1422,3321.190310
s7,1423,2847.278653
s7,1424,2513.858157
s7,1425,3239.530981
s7,1426,3464.103212
s7,1427,2845.309035
s7,1428,2574.173789
s7,1429,3307.747178
s7,1430,3275.830114
s7,1431,4051.882100
s7,1432,4290.397193
s7,1433,4700.483375
s7,1434,5196.566878
s7,1435,5111.612891
s7,1436,5412.910442
s7,1437,5098.207115
s7,1438,5565.232093
s7,1439,5136.254096
s7,1440,5372.869281
s7,1441,4787.967275
s7,1442,4766.273224
s7,1443,4443.362837
s7,1444,3324.224799
s7,1445,3061.374517
s7,1446,2576.267167
s7,1447,2778.524548
s7,1448,2813.470749
s7,1449,2325.742637
s7,1450,1833.175706
s7,1451,2498.377966
s7,1452,1625.397473
s7,1453,2920.448747
s7,1454,2517.240774
s7,1455,2184.042077
s7,1456,4485.969279
s7,1457,4546.332524
s7,1458,4046.864140
s7,1459,4802.802861
s7,1460,4930.169513
s7,1461,5197.985266
s7,1462,4697.599378
s7,1463,4903.835130
s7,1464,5117.795261
s7,1465,4750.767085
s7,1466,4723.504085
s7,1467,3916.753716
s7,1468,4249.644092
s7,1469,2745.567566
s7,1470,2666.363488
s7,1471,1561.581064
s7,1472,1520.095420
s7,1473,2243.176349
s7,1474,1408.207009
s7,1475,1982.755185
s7,1476,1959.626406
s7,1477,1904.511409
s7,1478,2511.942538
s7,1479,2881.445255
s7,1480,3348.327290
s7,1481,4234.186989
s7,1482,4627.433713
s7,1483,4573.461672
s7,1484,4747.307133
s7,1485,5343.802356
s7,1486,5285.882801
s7,1487,5632.239696
s7,1488,6038.195049
s7,1489,5158.115579
s7,1490,4518.566882
s7,1491,4076.946912
s7,1492,3417.743380
s7,1493,2978.795292
s7,1494,2555.548879
s7,1495,2435.310854
s7,1496,2178.731624
s7,1497,2439.455717
s7,1498,2016.922991
s7,1499,2175.833802
s7,1500,2027.226453
s7,1501,3319.271480
s7,1502,3315.396776
s7,1503,4204.136295
s7,1504,4339.211472
s7,1505,5054.728697
s7,1506,4901.576998
s7,1507,5621.411787
s7,1508,6610.485354
s7,1509,5457.910701
s7,1510,6373.460760
s7,1511,6524.237092
s7,1512,5941.818641
s7,1513,5816.750495
s7,1514,5667.766355
s7,1515,4611.049179
s7,1516,4571.535663
s7,1517,3707.568295
s7,1518,3392.226282
s7,1519,3088.663168
s7,1520,3015.018797
s7,1521,2977.830945
s7,1522,3059.802006
s7,1523,2491.050920
s7,1524,3893.645333
s7,1525,3907.640686
s7,1526,4142.675195
s7,1527,4204.265315
s7,1528,4772.509868
s7,1529,5469.458597
s7,1530,5861.577360
s7,1531,5503.270966
s7,1532,6654.198112
s7,1533,7615.606410
s7,1534,6011.479885
s7,1535,6975.855102
s7,1536,6600.887136
s7,1537,6174.693034
s7,1538,6359.306445
s7,1539,5056.964819
s7,1540,5103.126431
s7,1541,5133.103973
s7,1542,4145.509146
s7,1543,3725.223727
s7,1544,3654.297112
s7,1545,3297.542050
s7,1546,3956.638020
s7,1547,3157.769318
s7,1548,3970.434997
s7,1549,3500.204978
s7,1550,4544.636417
s7,1551,4691.316212
s7,1552,4262.634130
s7,1553,5623.334087
s7,1554,5662.697794
s7,1555,6238.127666
s7,1556,7210.852392
s7,1557,6436.591128
s7,1558,6508.822312
s7,1559,7328.386840
s7,1560,6677.907666
s7,1561,6899.433231
s7,1562,6100.404310
s7,1563,5246.358405
s7,1564,5077.913856
s7,1565,5079.084862
s7,1566,4548.682736
s7,1567,3845.547149
s7,1568,3575.029630
s7,1569,3331.377733
s7,1570,3092.392238
s7,1571,4024.509565
s7,1572,3497.397260
s7,1573,3349.321404
s7,1574,3918.148409
s7,1575,4738.922586
s7,1576,5132.041170
s7,1577,5277.800986
s7,1578,5479.398935
s7,1579,6054.625789
s7,1580,5698.629280
s7,1581,5973.279961
s7,1582,6746.421282
s7,1583,6203.980045
s7,1584,6303.441609
s7,1585,6297.148815
s7,1586,5707.340857
s7,1587,5037.548407
s7,1588,5307.439676
s7,1589,4313.144494
s7,1590,3504.872778
s7,1591,3503.000902
s7,1592,3084.420031
s7,1593,2434.724476
s7,1594,2675.607600
s7,1595,2620.328175
s7,1596,2124.238417
s7,1597,3003.664029
s7,1598,3290.745069
s7,1599,3620.292753
s7,1600,3607.151690
s7,1601,4478.368339
s7,1602,4973.168151
s7,1603,5347.493906
s7,1604,5149.899889
s7,1605,5915.676247
s7,1606,5286.775057
s7,1607,5547.248354
s7,1608,5885.224846
s7,1609,4872.722270
s7,1610,4550.403661
s7,1611,4667.463262
s7,1612,3677.693101
s7,1613,3236.494797
s7,1614,2979.808498
s7,1615,2892.942501
s7,1616,1444.633282
s7,1617,1738.803008
s7,1618,1596.879201
s7,1619,1609.227302
s7,1620,1844.744522
s7,1621,2106.621777
s7,1622,2850.033804
s7,1623,2828.016573
s7,1624,3615.501669
s7,1625,4144.193501
s7,1626,4144.703240
s7,1627,4790.692362
s7,1628,5582.366383
s7,1629,5276.521533
s7,1630,4983.814135
s7,1631,5115.822325
s7,1632,4633.166961
s7,1633,4769.533089
s7,1634,4614.303763
s7,1635,3600.415640
s7,1636,3366.096457
s7,1637,3384.323911
s7,1638,2401.689255
s7,1639,2288.373712
s7,1640,1591.451099
s7,1641,1496.772713
s7,1642,1552.757366
s7,1643,2550.024681
s7,1644,1839.915921
s7,1645,2081.895590
s7,1646,2437.849201
s7,1647,3001.621787
s7,1648,3742.432336
s7,1649,4039.730205
s7,1650,5111.912687
s7,1651,4846.202812
s7,1652,5558.928166
s7,1653,5341.862945
s7,1654,5529.108795
s7,1655,4780.158224
s7,1656,5079.091391
s7,1657,4843.784532
s7,1658,4446.789137
s7,1659,3394.134289
s7,1660,4016.613688
s7,1661,3157.879644
s7,1662,2750.428420
s7,1663,2483.626623
s7,1664,2247.350974
s7,1665,2323.415354
s7,1666,1716.324806
s7,1667,1922.957517
s7,1668,2547.361218
s7,1669,2802.554340
s7,1670,3010.797209
s7,1671,3389.661542
s7,1672,3776.883165
s7,1673,4521.121375
s7,1674,5394.242781
s7,1675,5009.479409
s7,1676,6202.973749
s7,1677,6170.603186
s7,1678,5811.848691
s7,1679,6208.872892
s7,1680,5291.341036
s7,1681,4956.084040
s7,1682,4782.063872
s7,1683,4700.862804
s7,1684,4315.477929
s7,1685,3836.097566
s7,1686,3664.777690
s7,1687,2570.360934
s7,1688,3236.190539
s7,1689,2436.955388
s7,1690,2672.388536
s7,1691,2848.879503
s7,1692,2796.439639
s7,1693,3027.070272
s7,1694,3539.556049
s7,1695,4326.501648
s7,1696,5007.356640
s7,1697,5470.516427
s7,1698,5373.492413
s7,1699,5823.673422
s7,1700,6075.126595
s7,1701,6740.583527
s7,1702,5961.796818
s7,1703,7051.229857
s7,1704,6303.297020
s7,1705,5944.044550
s7,1706,5991.307647
s7,1707,5831.256709
s7,1708,5163.618911
s7,1709,4978.256929
s7,1710,4261.489212
s7,1711,4297.062965
s7,1712,4042.847794
s7,1713,3420.698692
s7,1714,3904.944396
s7,1715,3535.771426
s7,1716,3691.207145
s7,1717,3626.096397
s7,1718,4208.078417
s7,1719,4996.515918
s7,1720,4725.411894
s7,1721,5849.383291
s7,1722,6160.940873
s7,1723,6491.262687
s7,1724,5905.077450
s7,1725,6796.929178
s7,1726,7108.000049
s7,1727,6554.914516
s7,1728,6667.948931
s7,1729,5533.416782
s7,1730,6217.186963
s7,1731,5330.685344
s7,1732,5401.776862
s7,1733,4008.101690
s7,1734,4453.805625
s7,1735,3763.557700
s7,1736,3836.133370
s7,1737,3052.159775
s7,1738,3084.191649
s7,1739,4112.952244
s7,1740,3208.756331
s7,1741,3506.812963
s7,1742,3991.859552
s7,1743,4129.000889
s7,1744,5315.046558
s7,1745,5921.033264
s7,1746,5473.590886
s7,1747,5451.172321
s7,1748,6695.758481
s7,1749,6816.726915
s7,1750,6746.510768
s7,1751,6772.502691
s7,1752,5871.517371
s7,1753,5807.285885
s7,1754,4999.989242
s7,1755,4541.389860
s7,1756,4891.416422
s7,1757,3844.886884
s7,1758,4416.295838
s7,1759,3269.109745
s7,1760,2719.106740
s7,1761,3013.102695
s7,1762,3270.661480
s7,1763,2846.373241
s7,1764,2401.525252
s7,1765,3192.652509
s7,1766,3865.256416
s7,1767,3605.607570
s7,1768,3923.407135
s7,1769,4954.445986
s7,1770,5035.481238
s7,1771,4931.313090
s7,1772,5421.397612
s7,1773,5431.052830
s7,1774,5819.675347
s7,1775,5664.355057
s7,1776,5819.312355
s7,1777,5362.700127
s7,1778,4192.411653
s7,1779,4427.420442
s7,1780,4122.935749
s7,1781,3498.865525
s7,1782,3256.507190
s7,1783,2331.756697
s7,1784,1897.510650
s7,1785,2352.813853
s7,1786,1586.347900
s7,1787,1248.963061
s7,1788,2500.755553
s7,1789,2153.972247
s7,1790,2637.940136
s7,1791,2660.538869
s7,1792,3115.289551
s7,1793,3603.685680
s7,1794,4278.244867
s7,1795,4872.086181
s7,1796,4212.032052
s7,1797,5422.030056
s7,1798,4801.456324
s7,1799,4771.184768
s7,1800,5190.147764
s7,1801,4648.274559
s7,1802,3780.491717
s7,1803,4525.111757
s7,1804,3143.180454
s7,1805,3077.539240
s7,1806,2645.873248
s7,1807,2708.652096
s7,1808,1794.988978
s7,1809,2132.718904
s7,1810,1477.463723
s7,1811,2186.634919
s7,1812,1717.911322
s7,1813,2139.720475
s7,1814,3285.545165
s7,1815,3167.969565
s7,1816,3554.161926
s7,1817,4747.266839
s7,1818,4527.127412
s7,1819,4491.175500
s7,1820,5313.227420
s7,1821,4839.141283
s7,1822,5709.300555
s7,1823,5693.492962
s7,1824,4925.385496
s7,1825,4651.107712
s7,1826,4591.381443
s7,1827,4141.131528
s7,1828,3376.035767
s7,1829,3487.159373
s7,1830,2197.581735
s7,1831,2422.375874
s7,1832,2186.729740
s7,1833,2088.887395
s7,1834,2260.364777
s7,1835,1820.585547
s7,1836,2650.043915
s7,1837,2690.269745
s7,1838,2916.498015
s7,1839,3116.336607
s7,1840,3656.688264
s7,1841,4665.444348
s7,1842,4654.985028
s7,1843,5396.329512
s7,1844,6043.947137
s7,1845,6235.636487
s7,1846,6505.873352
s7,1847,5836.804365
s7,1848,5422.590695
s7,1849,5904.759350
s7,1850,5333.387537
s7,1851,5229.542848
s7,1852,4431.460987
s7,1853,4425.822681
s7,1854,3922.263566
s7,1855,3553.326005
s7,1856,3239.008013
s7,1857,3063.292500
s7,1858,2980.519719
s7,1859,3069.065040
s7,1860,3536.326022
s7,1861,3323.182668
s7,1862,4484.669250
s7,1863,4293.989021
s7,1864,5143.654801
s7,1865,5244.912173
s7,1866,5631.274848
s7,1867,6797.070674
s7,1868,6285.833196
s7,1869,6145.260111
s7,1870,6417.964073
s7,1871,6515.010982
s7,1872,7213.329105
s7,1873,6285.403798
s7,1874,6196.499318
s7,1875,5130.041988
s7,1876,5167.074636
s7,1877,4846.830860
s7,1878,4836.212463
s7,1879,3633.183721
s7,1880,3821.657818
s7,1881,3559.293544
s7,1882,3056.641563
s7,1883,3472.279395
s7,1884,3570.431905
s7,1885,3142.161502
s7,1886,4513.990608
s7,1887,4914.702785
s7,1888,5026.588804
s7,1889,5164.036605
s7,1890,6550.898693
s7,1891,6487.277111
s7,1892,7016.143029
s7,1893,7318.669391
s7,1894,6704.977090
s7,1895,7097.869800
s7,1896,6553.692981
s7,1897,6331.600235
s7,1898,5956.238851
s7,1899,5558.577611
s7,1900,5485.404520
s7,1901,4686.012251
s7,1902,4162.181298
s7,1903,3749.907911
s7,1904,3675.398874
s7,1905,3062.791212
s7,1906,3124.108530
s7,1907,3321.936234
s7,1908,3299.795446
s7,1909,3709.347422
s7,1910,3876.659404
s7,1911,5172.270033
s7,1912,5362.824665
s7,1913,5481.507508
s7,1914,5697.820157
s7,1915,6801.329427
s7,1916,6403.091663
s7,1917,6404.717644
s7,1918,6567.767555
s7,1919,6479.303700
s7,1920,6656.711598
s7,1921,5858.830895
s7,1922,6200.762358
s7,1923,4726.202979
s7,1924,4792.467169
s7,1925,3731.162545
s7,1926,4256.877793
s7,1927,3129.590088
s7,1928,2919.808892
s7,1929,3056.657334
s7,1930,3082.477066
s7,1931,2295.524692
s7,1932,2701.762506
s7,1933,2583.920925
s7,1934,3438.405024
s7,1935,3740.688355
s7,1936,4069.808017
s7,1937,4368.126323
s7,1938,4854.207377
s7,1939,5054.080281
s7,1940,5734.638091
s7,1941,6214.099367
s7,1942,5052.009670
s7,1943,5586.570648
s7,1944,5278.594468
s7,1945,5287.795964
s7,1946,4403.293572
s7,1947,4236.649090
s7,1948,3455.397258
s7,1949,3581.877988
s7,1950,2935.656701
s7,1951,2465.539310
s7,1952,2352.878777
s7,1953,1947.244684
s7,1954,1418.006815
s7,1955,2198.730234
s7,1956,2246.694350
s7,1957,2350.492997
s7,1958,3082.957108
s7,1959,3562.462754
s7,1960,3195.691313
s7,1961,3733.128518
s7,1962,4935.928265
s7,1963,5233.635755
s7,1964,4749.578360
s7,1965,4755.746748
s7,1966,4989.126754
s7,1967,4967.047132
s7,1968,4410.441917
s7,1969,4684.745238
s7,1970,3868.825221
s7,1971,3472.030169
s7,1972,3755.635573
s7,1973,2756.785201
s7,1974,2552.332336
s7,1975,2439.009666
s7,1976,2232.388481
s7,1977,1669.046705
s7,1978,1748.407843
s7,1979,1515.301057
s7,1980,2583.257880
s7,1981,2488.621320
s7,1982,2251.690100
s7,1983,3060.105321
s7,1984,3762.295041
s7,1985,4139.668580
s7,1986,5033.096724
s7,1987,5245.557329
s7,1988,4874.090046
s7,1989,5215.736610
s7,1990,4878.599511
s7,1991,5363.769736
s7,1992,5174.948398
s7,1993,5799.467838
s7,1994,4564.173808
s7,1995,3414.688025
s7,1996,3481.379395
s7,1997,3330.061906
s7,1998,2468.475321
s7,1999,2272.651892
s7,2000,2199.933894
s7,2001,2300.910375
s7,2002,2097.466792
s7,2003,1937.369674
s7,2004,2718.698389
s7,2005,2566.352372
s7,2006,2968.517192
s7,2007,3111.915549
s7,2008,3793.570196
s7,2009,4765.908851
s7,2010,4429.611839
s7,2011,5349.665356
s7,2012,5925.278140
s7,2013,5749.681776
s7,2014,6050.647699
s7,2015,5553.969942
s7,2016,6248.317250
s7,2017,5932.517027
s7,2018,5307.842916
s7,2019,4237.113880
s7,2020,4067.096646
s7,2021,4350.350950
s7,2022,4221.034940
s7,2023,3408.615053
s7,2024,3495.401617
s7,2025,2716.700589
s7,2026,2834.906490
s7,2027,2991.588695
s7,2028,3340.841980
s7,2029,2972.671684
s7,2030,4210.618852
s7,2031,4786.506300
s7,2032,4408.004171
s7,2033,4808.820644
s7,2034,5837.144391
s7,2035,5870.990062
s7,2036,5575.219664
s7,2037,6864.255387
s7,2038,6717.749894
s7,2039,6460.057715
s7,2040,7198.938322
s7,2041,6262.014676
s7,2042,5614.580145
s7,2043,5510.171055
s7,2044,4687.005381
s7,2045,4352.798261
s7,2046,4348.357393
s7,2047,3682.157379
s7,2048,3458.174167
s7,2049,4030.291213
s7,2050,3705.165527
s7,2051,3755.727873
s7,2052,3843.542390
s7,2053,4110.646075
s7,2054,4809.722369
s7,2055,4721.738031
s7,2056,5817.507259
s7,2057,5297.494450
s7,2058,5952.855698
s7,2059,5920.369284
s7,2060,6547.174540
s7,2061,7011.230056
s7,2062,7384.797296
s7,2063,6589.257038
s7,2064,6638.647852
s7,2065,6229.338094
s7,2066,5731.148918
s7,2067,5149.041803
s7,2068,5122.322283
s7,2069,4046.268371
s7,2070,4253.279725
s7,2071,3852.455268
s7,2072,3331.011818
s7,2073,3022.792665
s7,2074,2820.195751
s7,2075,3985.022625
s7,2076,3032.258177
s7,2077,4287.142164
s7,2078,4294.082547
s7,2079,4356.005144
s7,2080,4505.829296
s7,2081,5685.762165
s7,2082,6312.530258
s7,2083,5724.184963
s7,2084,6188.786386
s7,2085,6797.158875
s7,2086,6579.024729
s7,2087,7063.247797
s7,2088,5974.027378
s7,2089,6052.301165
s7,2090,5045.898223
s7,2091,5752.718027
s7,2092,4301.465978
s7,2093,3315.394480
s7,2094,3587.153680
s7,2095,3195.476086
s7,2096,3600.183085
s7,2097,2621.269678
s7,2098,2645.390724
s7,2099,2883.363303
s7,2100,3367.889471
s7,2101,3042.968448
s7,2102,3749.392584
s7,2103,3954.221141
s7,2104,4087.973758
s7,2105,4630.800440
s7,2106,4997.117181
s7,2107,4995.607442
s7,2108,5970.667240
s7,2109,5213.900374
s7,2110,6121.261822
s7,2111,5955.543216
s7,2112,5390.667304
s7,2113,4854.215832
s7,2114,4653.325863
s7,2115,4450.096859
s7,2116,4069.893953
s7,2117,3440.623295
s7,2118,3243.434659
s7,2119,2329.048115
s7,2120,2306.132187
s7,2121,1491.586054
s7,2122,2216.853150
s7,2123,2046.177589
s7,2124,2004.072482
s7,2125,2804.000472
s7,2126,2981.819746
s7,2127,2171.597708
s7,2128,3585.959706
s7,2129,3500.812232
s7,2130,4770.252161
s7,2131,5602.551829
s7,2132,4825.366070
s7,2133,5188.456925
s7,2134,5122.368709
s7,2135,5259.681245
s7,2136,5178.666739
s7,2137,5117.709631
s7,2138,3969.741553
s7,2139,4431.020570
s7,2140,3118.743218
s7,2141,3087.802190
s7,2142,2976.341568
s7,2143,2468.000561
s7,2144,1628.526631
s7,2145,1543.260988
s7,2146,1573.830249
s7,2147,1782.187844
s7,2148,2376.285149
s7,2149,1819.277671
s7,2150,2792.863854
s7,2151,3268.969823
s7,2152,3708.774414
s7,2153,4135.151288
s7,2154,4925.943072
s7,2155,4940.658019
s7,2156,5355.396169
s7,2157,5440.737843
s7,2158,5938.462187
s7,2159,4622.900073
s7,2160,5564.845068
s7,2161,4777.571676
s7,2162,4433.772955
s7,2163,3802.064220
s7,2164,3068.896851
s7,2165,3159.691259
s7,2166,2664.519220
s7,2167,2741.933153
s7,2168,1818.469114
s7,2169,2676.575375
s7,2170,2248.199955
s7,2171,2158.442180
s7,2172,2202.632141
s7,2173,2481.012764
s7,2174,2751.081880
s7,2175,3399.848288
s7,2176,4066.602965
s7,2177,4480.098083
s7,2178,4499.645542
s7,2179,5282.566074
s7,2180,5369.982789
s7,2181,5934.787631
s7,2182,6610.752927
s7,2183,6154.390795
s7,2184,5688.716510
s7,2185,4992.861712
s7,2186,4738.995153
s7,2187,4260.676685
s7,2188,4677.898116
s7,2189,3749.945365
s7,2190,3652.084646
s7,2191,3091.954648
s7,2192,3096.875187
s7,2193,3409.373346
s7,2194,2664.082647
s7,2195,2873.662440
s7,2196,2917.042041
s7,2197,3801.141273
s7,2198,3532.787496
s7,2199,3940.061696
s7,2200,4325.643471
s7,2201,4790.504900
s7,2202,5878.624748
s7,2203,6982.139555
s7,2204,6049.351576
s7,2205,6913.535860
s7,2206,6750.674008
s7,2207,6244.484784
s7,2208,6375.032913
s7,2209,6133.844451
s7,2210,5636.203143
s7,2211,6140.801686
s7,2212,4388.469226
s7,2213,4746.712763
s7,2214,4329.454099
s7,2215,3673.395555
s7,2216,3665.164303
s7,2217,3757.508795
s7,2218,3461.485641
s7,2219,3622.842170
s7,2220,3900.107583
s7,2221,3243.268065
s7,2222,4817.234702
s7,2223,5513.828856
s7,2224,5515.983242
s7,2225,5974.871571
s7,2226,5555.333442
s7,2227,6354.761226
s7,2228,6385.757125
s7,2229,6630.106529
s7,2230,7217.885492
s7,2231,6540.800166
s7,2232,6591.972191
s7,2233,5695.255347
s7,2234,5931.138347
s7,2235,5590.061897
s7,2236,4858.463885
s7,2237,4395.175864
s7,2238,4865.442430
s7,2239,3428.222527
s7,2240,3195.586899
s7,2241,3092.387143
s7,2242,3710.624058
s7,2243,4064.379601
s7,2244,3609.352952
s7,2245,3502.920913
s7,2246,3939.756592
s7,2247,4848.537623
s7,2248,4590.630936
s7,2249,5827.249279
s7,2250,6204.611001
s7,2251,6070.353470
s7,2252,6514.493883
s7,2253,6693.098709
s7,2254,6999.028068
s7,2255,6011.396695
s7,2256,6577.734139
s7,2257,5736.023530
s7,2258,5212.450498
s7,2259,5065.636299
s7,2260,4479.334908
s7,2261,3736.103542
s7,2262,3079.890685
s7,2263,2918.790044
s7,2264,3440.508696
s7,2265,3414.580496
s7,2266,2873.850491
s7,2267,3087.599091
s7,2268,2642.929557
s7,2269,3038.169380
s7,2270,3488.546331
s7,2271,3402.901589
s7,2272,3848.845698
s7,2273,4637.564629
s7,2274,4876.821198
s7,2275,4944.751703
s7,2276,5685.541209
s7,2277,5600.782019
s7,2278,6069.619170
s7,2279,5624.759783
s7,2280,5319.223767
s7,2281,5162.081975
s7,2282,4672.092414
s7,2283,4056.845066
s7,2284,3675.196510
s7,2285,3600.051489
s7,2286,3124.296275
s7,2287,2964.576145
s7,2288,1641.680281
s7,2289,1896.707722
s7,2290,1810.715667
s7,2291,2052.587898
s7,2292,1991.461945
s7,2293,2226.706623
s7,2294,3013.343012
s7,2295,3203.824169
s7,2296,3170.154751
s7,2297,4462.389974
s7,2298,4746.154266
s7,2299,4546.694594
s7,2300,5290.659821
s7,2301,4909.330989
s7,2302,5596.941372
s7,2303,5063.664106
s7,2304,4679.737097
s7,2305,4545.388939
s7,2306,4046.126074
s7,2307,3955.495418
s7,2308,3500.205387
s7,2309,3004.628693
s7,2310,2385.098475
s7,2311,960.144280
s7,2312,1984.063700
s7,2313,1131.570662
s7,2314,1817.374184
s7,2315,2189.621786
s7,2316,2075.330406
s7,2317,2130.334897
s7,2318,2569.981861
s7,2319,3012.838542
s7,2320,3326.998126
s7,2321,3773.173228
s7,2322,4084.088553
s7,2323,5182.076698
s7,2324,5054.632771
s7,2325,5576.113863
s7,2326,5234.164086
s7,2327,5302.657823
s7,2328,5064.157471
s7,2329,5027.095485
s7,2330,4815.487942
s7,2331,4218.880584
s7,2332,3480.783158
s7,2333,3022.476527
s7,2334,3473.367718
s7,2335,2475.055002
s7,2336,2225.626357
s7,2337,2688.086685
s7,2338,2529.457892
s7,2339,2427.915641
s7,2340,2309.501345
s7,2341,3563.540238
s7,2342,3276.095536
s7,2343,3776.045747
s7,2344,4005.535411
s7,2345,4053.711675
s7,2346,4527.127790
s7,2347,5514.488877
s7,2348,5812.938817
s7,2349,5796.945000
s7,2350,5564.099024
s7,2351,5441.986270
s7,2352,5683.638688
s7,2353,5051.033256
s7,2354,5536.528835
s7,2355,5239.440883
s7,2356,5402.844948
s7,2357,4316.436491
s7,2358,3426.144818
s7,2359,3005.897632
s7,2360,1875.595230
s7,2361,2721.137885
s7,2362,2839.185465
s7,2363,3324.805407
s7,2364,3405.820902
s7,2365,3702.476725
s7,2366,3960.001482
s7,2367,4558.433841
s7,2368,5302.985694
s7,2369,4908.945939
s7,2370,5558.667162
s7,2371,5617.897533
s7,2372,6950.434966
s7,2373,7032.572099
s7,2374,6923.434548
s7,2375,6211.210367
s7,2376,6530.029616
s7,2377,6133.250625
s7,2378,5902.156538
s7,2379,5410.456943
s7,2380,5224.759895
s7,2381,4479.260787
s7,2382,4509.753060
s7,2383,3956.405907
s7,2384,3512.603081
s7,2385,3416.433057
s7,2386,3256.961693
s7,2387,3759.539750
s7,2388,3567.677822
s7,2389,4045.388708
s7,2390,4172.358034
s7,2391,4216.546919
s7,2392,5490.236662
s7,2393,5260.705377
s7,2394,6274.882897
s7,2395,6540.415290
s7,2396,6094.825840
s7,2397,6506.877240
s7,2398,6707.323233
s7,2399,6535.003029
s7,2400,6229.348277
s7,2401,6608.279398
s7,2402,5903.191572
s7,2403,5691.983486
s7,2404,4953.011425
s7,2405,4748.577395
s7,2406,3956.245556
s7,2407,3836.092350
s7,2408,3758.312429
s7,2409,3386.797810
s7,2410,3139.809428
s7,2411,2965.373530
s7,2412,3552.633447
s7,2413,3869.093294
s7,2414,3998.141052
s7,2415,4216.294583
s7,2416,5091.718288
s7,2417,6181.880885
s7,2418,5612.041439
s7,2419,6162.229400
s7,2420,6421.857677
s7,2421,5549.969171
s7,2422,6505.973531
s7,2423,6130.298411
s7,2424,6647.876787
s7,2425,5777.816868
s7,2426,5209.081023
s7,2427,4954.925323
s7,2428,4610.636619
s7,2429,3883.497005
s7,2430,3612.352376
s7,2431,2776.747326
s7,2432,2862.220276
s7,2433,3005.445894
s7,2434,3328.541633
s7,2435,2922.341679
s7,2436,2914.825015
s7,2437,3472.819696
s7,2438,3742.371115
s7,2439,4349.174905
s7,2440,4563.290719
s7,2441,4563.437981
s7,2442,5076.322381
s7,2443,5373.128478
s7,2444,5656.450161
s7,2445,5760.589501
s7,2446,5447.838030
s7,2447,4901.402377
s7,2448,5191.208240
s7,2449,4419.678372
s7,2450,4754.802906
s7,2451,4288.690655
s7,2452,3236.168078
s7,2453,3578.937727
s7,2454,3200.250049
s7,2455,2554.242162
s7,2456,2800.131963
s7,2457,2677.390821
s7,2458,1537.906099
s7,2459,2350.738437
s7,2460,2299.289344
s7,2461,2547.804529
s7,2462,3065.557062
s7,2463,2894.531694
s7,2464,3368.015134
s7,2465,3717.411128
s7,2466,4142.342258
s7,2467,4710.586031
s7,2468,4503.651867
s7,2469,4802.276565
s7,2470,5407.981896
s7,2471,5114.291089
s7,2472,5088.492712
s7,2473,4022.755456
s7,2474,4039.913410
s7,2475,3697.803548
s7,2476,3451.060002
s7,2477,2790.189316
s7,2478,2898.657130
s7,2479,2202.065811
s7,2480,1957.927321
s7,2481,1789.887500
s7,2482,1977.249473
s7,2483,1637.254221
s7,2484,2367.819267
s7,2485,2423.164005
s7,2486,2685.085392
s7,2487,3073.093466
s7,2488,3695.680707
s7,2489,4324.426202
s7,2490,4728.496692
s7,2491,4902.068411
s7,2492,5362.207460
s7,2493,5287.277177
s7,2494,5752.104402
s7,2495,5268.609393
s7,2496,4407.569670
s7,2497,5328.732374
s7,2498,4567.716038
s7,2499,3732.570188
s7,2500,3644.724420
s7,2501,2986.668185
s7,2502,3625.398020
s7,2503,2743.143418
s7,2504,1785.222325
s7,2505,2371.352775
s7,2506,2017.012292
s7,2507,2904.630127
s7,2508,2084.302573
s7,2509,1977.798024
s7,2510,3163.339454
s7,2511,3467.526278
s7,2512,3920.916248
s7,2513,3803.131369
s7,2514,5134.358281
s7,2515,5951.017661
s7,2516,5019.804020
s7,2517,6283.406706
s7,2518,5771.947485
s7,2519,6748.664055
s7,2520,5946.948038
s7,2521,5488.222712
s7,2522,5607.699785
s7,2523,5023.433355
s7,2524,4223.424620
s7,2525,4258.490640
s7,2526,3454.463995
s7,2527,2689.859995
s7,2528,3765.748099
s7,2529,2805.697219
s7,2530,2690.257109
s7,2531,3107.953732
s7,2532,2657.376492
s7,2533,3033.075464
s7,2534,3714.129018
s7,2535,4151.458771
s7,2536,4828.765067
s7,2537,5662.975537
s7,2538,5552.901347
s7,2539,6266.409965
s7,2540,6599.825605
s7,2541,6211.837790
s7,2542,6742.865882
s7,2543,6299.416039
s7,2544,6837.149948
s7,2545,6371.006881
s7,2546,5879.983808
s7,2547,5013.495794
s7,2548,5085.510055
s7,2549,4350.964151
s7,2550,4458.526509
s7,2551,3832.061809
s7,2552,3333.606308
s7,2553,3774.024839
s7,2554,3657.556410
s7,2555,3274.470976
s7,2556,4061.816314
s7,2557,3840.877678
s7,2558,4201.056129
s7,2559,4771.151123
s7,2560,4918.453777
s7,2561,5473.214199
s7,2562,5985.450885
s7,2563,6923.087784
s7,2564,7182.619971
s7,2565,6743.282968
s7,2566,7439.671903
s7,2567,6802.991020
s7,2568,6768.009144
s7,2569,6657.739067
s7,2570,6086.423046
s7,2571,6391.568632
s7,2572,5185.295599
s7,2573,4230.507268
s7,2574,4665.182758
s7,2575,3703.190714
s7,2576,3452.853534
s7,2577,2340.002565
s7,2578,3642.429091
s7,2579,3622.085087
s7,2580,3770.278407
s7,2581,4087.453140
s7,2582,4670.103942
s7,2583,4465.629371
s7,2584,5227.890096
s7,2585,5069.996013
s7,2586,5594.344325
s7,2587,6410.427415
s7,2588,6426.590831
s7,2589,5975.013169
s7,2590,6587.830686
s7,2591,6310.790834
s7,2592,5888.359526
s7,2593,6015.071100
s7,2594,5337.668064
s7,2595,4488.881337
s7,2596,4170.195595
s7,2597,4686.351624
s7,2598,3108.295274
s7,2599,3320.341194
s7,2600,3150.159390
s7,2601,2958.398614
s7,2602,2227.317358
s7,2603,2567.961979
s7,2604,2869.638028
s7,2605,3340.604074
s7,2606,3168.750469
s7,2607,3374.571662
s7,2608,4535.685756
s7,2609,4985.023699
s7,2610,5114.800565
s7,2611,5101.515135
s7,2612,5692.514520
s7,2613,5729.217351
s7,2614,6006.287313
s7,2615,5195.964589
s7,2616,5462.818470
s7,2617,5063.240981
s7,2618,4348.858179
s7,2619,4361.462930
s7,2620,3825.791124
s7,2621,3200.265036
s7,2622,3037.950680
s7,2623,2032.128256
s7,2624,2206.780624
s7,2625,2180.922416
s7,2626,2051.527416
s7,2627,2364.431209
s7,2628,1733.289894
s7,2629,1883.824923
s7,2630,2825.853012
s7,2631,3299.331124
s7,2632,4302.935076
s7,2633,4214.925109
s7,2634,4101.305991
s7,2635,5022.390114
s7,2636,4712.612735
s7,2637,4650.566939
s7,2638,6108.284370
s7,2639,5251.067735
s7,2640,5202.934849
s7,2641,4868.262742
s7,2642,4934.755287
s7,2643,3987.197271
s7,2644,3859.597082
s7,2645,2638.172515
s7,2646,2097.077946
s7,2647,2713.901970
s7,2648,2460.460608
s7,2649,1961.272828
s7,2650,1811.127410
s7,2651,1857.109043
s7,2652,1743.703594
s7,2653,2794.960590
s7,2654,2859.109898
s7,2655,3233.096939
s7,2656,3645.980932
s7,2657,4335.636599
s7,2658,4576.644465
s7,2659,5029.438456
s7,2660,4657.052496
s7,2661,5422.291226
s7,2662,6074.308318
s7,2663,5099.041079
s7,2664,5078.481455
s7,2665,5175.012991
s7,2666,4860.530282
s7,2667,4351.498094
s7,2668,3155.451766
s7,2669,3464.285278
s7,2670,2493.411878
s7,2671,2287.304036
s7,2672,2514.891423
s7,2673,2081.111239
s7,2674,2433.546513
s7,2675,3329.090065
s7,2676,2715.078531
s7,2677,3001.544767
s7,2678,2831.867902
s7,2679,3365.858703
s7,2680,3697.862918
s7,2681,4357.646086
s7,2682,4610.895661
s7,2683,5146.798159
s7,2684,5605.923060
s7,2685,5534.767347
s7,2686,5478.813294
s7,2687,5469.630024
s7,2688,5953.122886
s7,2689,5573.569660
s7,2690,5580.315563
s7,2691,5202.134498
s7,2692,4310.228364
s7,2693,4244.642496
s7,2694,3133.944549
s7,2695,4093.348895
s7,2696,3477.506146
s7,2697,2852.077787
s7,2698,2499.224097
s7,2699,3122.199376
s7,2700,2550.364283
s7,2701,3231.033959
s7,2702,4144.465889
s7,2703,4356.619832
s7,2704,4634.743916
s7,2705,5603.748185
s7,2706,5358.275909
s7,2707,6194.676646
s7,2708,6220.841411
s7,2709,6293.432238
s7,2710,6823.851957
s7,2711,6282.107464
s7,2712,7126.053678
s7,2713,6012.575572
s7,2714,6560.204634
s7,2715,5098.200880
s7,2716,5254.404432
s7,2717,4201.860663
s7,2718,3752.878501
s7,2719,3928.246751
s7,2720,3847.190237
s7,2721,3015.739371
s7,2722,3817.023184
s7,2723,3204.046148
s7,2724,3706.487937
s7,2725,4074.650572
s7,2726,4512.616098
s7,2727,4108.752684
s7,2728,5735.827812
s7,2729,5819.107139
s7,2730,5894.063487
s7,2731,6042.548984
s7,2732,6081.713748
s7,2733,6363.222413
s7,2734,7072.384132
s7,2735,6700.341157
s7,2736,6246.774995
s7,2737,6171.521834
s7,2738,6524.915902
s7,2739,5445.045464
s7,2740,4899.946908
s7,2741,5108.894529
s7,2742,4374.392922
s7,2743,3860.496960
s7,2744,3348.236404
s7,2745,2836.129957
s7,2746,2893.882505
s7,2747,3174.338147
s7,2748,3419.141687
s7,2749,3872.987401
s7,2750,4277.398593
s7,2751,4558.329838
s7,2752,4980.661651
s7,2753,4979.101317
s7,2754,4973.538364
s7,2755,5866.601226
s7,2756,5962.862362
s7,2757,6209.687377
s7,2758,6368.635620
s7,2759,5945.158919
s7,2760,5787.758067
s7,2761,5830.787956
s7,2762,5517.012246
s7,2763,4804.115260
s7,2764,4724.985053
s7,2765,4000.853667
s7,2766,3278.931957
s7,2767,3257.579403
s7,2768,3588.753231
s7,2769,2505.410538
s7,2770,3051.728651
s7,2771,3153.731765
s7,2772,3337.517429
s7,2773,2781.196567
s7,2774,4085.793269
s7,2775,3815.739205
s7,2776,4102.605447
s7,2777,4524.663557
s7,2778,5194.601165
s7,2779,5328.994031
s7,2780,5491.321917
s7,2781,6134.002266
s7,2782,5468.405514
s7,2783,5266.964083
s7,2784,5696.133174
s7,2785,5360.608546
s7,2786,5108.481257
s7,2787,3917.529422
s7,2788,4186.520576
s7,2789,3507.876942
s7,2790,3509.012374
s7,2791,2090.904457
s7,2792,2300.500994
s7,2793,1936.529693
s7,2794,1405.616251
s7,2795,1746.947573
s7,2796,2535.834646
s7,2797,2241.950482
s7,2798,2494.357803
s7,2799,3441.733351
s7,2800,3913.086803
s7,2801,4342.526753
s7,2802,4130.349467
s7,2803,4724.547795
s7,2804,5359.387572
s7,2805,4936.607550
s7,2806,4950.600768
s7,2807,5424.252087
s7,2808,5495.041054
s7,2809,4276.870421
s7,2810,3414.708477
s7,2811,3389.325111
s7,2812,3090.842912
s7,2813,2944.828596
s7,2814,2789.258239
s7,2815,2171.653786
s7,2816,1710.648657
s7,2817,1838.088757
s7,2818,1401.633747
s7,2819,1783.652494
s7,2820,1759.764635
s7,2821,3188.517306
s7,2822,2913.541647
s7,2823,2770.869053
s7,2824,3172.674217
s7,2825,3823.366827
s7,2826,3835.560153
s7,2827,4520.697407
s7,2828,4805.520195
s7,2829,5551.175607
s7,2830,5173.305865
s7,2831,5005.272230
s7,2832,4660.818620
s7,2833,4461.952931
s7,2834,4507.665174
s7,2835,4062.095056
s7,2836,4104.041394
s7,2837,3074.466730
s7,2838,3266.546727
s7,2839,2660.220559
s7,2840,2324.374083
s7,2841,1490.802981
s7,2842,1709.766386
s7,2843,2499.474213
s7,2844,2929.019001
s7,2845,2823.535429
s7,2846,3403.484166
s7,2847,3446.948913
s7,2848,3936.509118
s7,2849,4312.707410
s7,2850,5323.220996
s7,2851,5492.365140
s7,2852,5597.151070
s7,2853,5766.475110
s7,2854,6159.822408
s7,2855,6050.320517
s7,2856,5509.839132
s7,2857,6144.491181
s7,2858,5315.264457
s7,2859,4845.718572
s7,2860,4936.884334
s7,2861,4366.660516
s7,2862,3600.182723
s7,2863,3491.128089
s7,2864,2696.607120
s7,2865,2705.297176
s7,2866,2121.032214
s7,2867,3411.865170
s7,2868,2540.595928
s7,2869,3734.509031
s7,2870,3600.019750
s7,2871,3993.151027
s7,2872,4736.755143
s7,2873,5367.853995
s7,2874,5927.301921
s7,2875,6707.235986
s7,2876,6516.084989
s7,2877,6889.285384
s7,2878,6457.810135
s7,2879,6870.389040
s7,2880,6523.247093
s7,2881,6054.469035
s7,2882,5841.209695
s7,2883,5453.912072
s7,2884,5111.407823
s7,2885,4753.729233
s7,2886,4039.755074
s7,2887,3617.843113
s7,2888,3871.289831
s7,2889,2870.172645
s7,2890,3195.734644
s7,2891,4014.188259
s7,2892,2728.057323
s7,2893,3704.835521
s7,2894,4544.687085
s7,2895,4159.594239
s7,2896,6073.498222
s7,2897,4733.204257
s7,2898,6535.965387
s7,2899,6932.415058
s7,2900,6981.551795
s7,2901,6756.135335
s7,2902,7007.661371
s7,2903,6508.621770
s7,2904,6915.801289
s7,2905,5967.133219
s7,2906,5891.344411
s7,2907,5902.448901
s7,2908,4717.300947
s7,2909,4517.760868
s7,2910,4271.798099
s7,2911,3382.705680
s7,2912,3959.114947
s7,2913,3488.728863
s7,2914,2774.941353
s7,2915,3323.767137
s7,2916,3227.583325
s7,2917,3523.520773
s7,2918,4113.654686
s7,2919,4236.849410
s7,2920,5237.161102
s7,2921,5083.502178
s7,2922,6054.707733
s7,2923,6031.067795
s7,2924,6586.758351
s7,2925,6248.050894
s7,2926,6289.100795
s7,2927,5976.576364
s7,2928,6369.796435
s7,2929,6188.635186
s7,2930,6207.609578
s7,2931,5475.101292
s7,2932,4639.323217
s7,2933,4003.778249
s7,2934,3764.495550
s7,2935,3233.977699
s7,2936,3444.341616
s7,2937,3063.450548
s7,2938,2361.309589
s7,2939,2441.766444
s7,2940,3292.401947
s7,2941,3170.962464
s7,2942,3311.185026
s7,2943,4184.573841
s7,2944,4056.481513
s7,2945,4507.625393
s7,2946,4828.262786
s7,2947,4635.162635
s7,2948,5850.217531
s7,2949,5274.753948
s7,2950,5521.514897
s7,2951,5370.126016
s7,2952,5673.342875
s7,2953,5094.430669
s7,2954,4736.690985
s7,2955,3708.201089
s7,2956,3783.614227
s7,2957,2832.813469
s7,2958,3007.329526
s7,2959,2647.614054
s7,2960,2219.274384
s7,2961,2736.500975
s7,2962,2135.536944
s7,2963,2198.762556
s7,2964,2196.380952
s7,2965,2337.160157
s7,2966,3076.405327
s7,2967,3522.115878
s7,2968,3123.689166
s7,2969,4365.865537
s7,2970,4579.684080
s7,2971,5075.706456
s7,2972,5164.805801
s7,2973,4733.837123
s7,2974,4804.586877
s7,2975,5767.706396
s7,2976,5043.497456
s7,2977,4185.460084
s7,2978,4430.119542
s7,2979,3764.435577
s7,2980,2804.402545
s7,2981,2202.837334
s7,2982,2024.514620
s7,2983,2315.843630
s7,2984,1935.491424
s7,2985,1699.333209
s7,2986,1831.331405
s7,2987,2007.041783
s7,2988,1256.165017
s7,2989,2160.767722
s7,2990,2346.597302
s7,2991,2633.612414
s7,2992,3327.701453
s7,2993,3932.055856
s7,2994,4310.748701
s7,2995,4271.068109
s7,2996,4893.447881
s7,2997,5941.354830
s7,2998,4956.843942
s7,2999,4696.223848
s7,3000,5217.768394
s7,3001,5073.214901
s7,3002,4690.499172
s7,3003,3750.274784
s7,3004,4057.106878
s7,3005,3020.622554
s7,3006,2510.233036
s7,3007,2361.838650
s7,3008,2288.501946
s7,3009,2429.238775
s7,3010,2369.502551
s7,3011,2236.140892
s7,3012,2768.758600
s7,3013,2780.460788
s7,3014,3449.487927
s7,3015,3103.567648
s7,3016,3521.884520
s7,3017,4808.635204
s7,3018,4508.058326
s7,3019,5270.263060
s7,3020,5644.054515
s7,3021,5711.473400
s7,3022,5811.667465
s7,3023,6418.991174
s7,3024,4924.674145
s7,3025,5857.654144
s7,3026,6017.831960
s7,3027,4850.236148
s7,3028,4421.109060
s7,3029,4264.059027
s7,3030,4260.929366
s7,3031,2896.837059
s7,3032,3095.666218
s7,3033,2862.011238
s7,3034,3093.014120
s7,3035,3046.066177
s7,3036,3422.385217
s7,3037,3354.326139
s7,3038,3903.253518
s7,3039,4099.538421
s7,3040,4574.996867
s7,3041,5227.229037
s7,3042,5667.350801
s7,3043,5692.371281
s7,3044,6933.681416
s7,3045,6538.964151
s7,3046,6187.140145
s7,3047,7004.071982
s7,3048,6212.473656
s7,3049,6389.342484
s7,3050,5868.428768
s7,3051,5561.692866
s7,3052,5104.479793
s7,3053,4417.100034
s7,3054,4229.289021
s7,3055,4574.021042
s7,3056,2842.305132
s7,3057,3477.726025
s7,3058,3558.778649
s7,3059,3116.258104
s7,3060,3188.882164
s7,3061,4687.936106
s7,3062,4179.562758
s7,3063,5445.125207
s7,3064,5362.576549
s7,3065,5651.698242
s7,3066,6204.841206
s7,3067,6614.477057
s7,3068,7072.314805
s7,3069,6982.747882
s7,3070,6934.387298
s7,3071,6878.680367
s7,3072,7102.836783
s7,3073,6634.778105
s7,3074,5640.344972
s7,3075,5339.924943
s7,3076,5215.424079
s7,3077,4428.600789
s7,3078,4085.395774
s7,3079,3515.718326
s7,3080,3467.553835
s7,3081,3517.289273
s7,3082,3640.421405
s7,3083,3343.139846
s7,3084,4210.069385
s7,3085,3723.846859
s7,3086,5188.003483
s7,3087,4826.765689
s7,3088,5075.909701
s7,3089,5154.383037
s7,3090,4742.672908
s7,3091,5992.676749
s7,3092,6353.200260
s7,3093,7097.342100
s7,3094,5987.664150
s7,3095,7030.819386
s7,3096,6083.955269
s7,3097,6114.957527
s7,3098,4601.595726
s7,3099,5078.169231
s7,3100,4434.733709
s7,3101,4311.741738
s7,3102,3661.951967
s7,3103,2849.798246
s7,3104,3266.302973
s7,3105,2977.509206
s7,3106,2855.460839
s7,3107,3026.582018
s7,3108,3200.600808
s7,3109,3057.245609
s7,3110,2923.077130
s7,3111,3298.222714
s7,3112,4655.361048
s7,3113,4848.964700
s7,3114,5022.403512
s7,3115,5161.542478
s7,3116,5563.177925
s7,3117,5700.083709
s7,3118,5601.464767
s7,3119,5385.585190
s7,3120,6168.802961
s7,3121,5196.858603
s7,3122,4522.550119
s7,3123,3838.293838
s7,3124,3563.601073
s7,3125,3589.816179
s7,3126,3162.857899
s7,3127,2445.932583
s7,3128,2243.096632
s7,3129,1927.055333
s7,3130,1571.741995
s7,3131,2442.079951
s7,3132,2275.775820
s7,3133,3257.229013
s7,3134,2482.784958
s7,3135,3095.026636
s7,3136,3876.579836
s7,3137,3917.886406
s7,3138,3924.212586
s7,3139,4417.459546
s7,3140,5038.839033
s7,3141,5281.110777
s7,3142,5176.291019
s7,3143,5484.663520
s7,3144,5298.700301
s7,3145,4785.266642
s7,3146,4319.385014
s7,3147,3802.088641
s7,3148,3629.788566
s7,3149,3309.290904
s7,3150,2597.860194
s7,3151,2377.272833
s7,3152,1840.268526
s7,3153,1298.646141
s7,3154,1388.161603
s7,3155,2063.793240
s7,3156,2135.005619
s7,3157,2812.739251
s7,3158,2651.325053
s7,3159,3356.802267
s7,3160,3972.383531
s7,3161,4317.207511
s7,3162,4192.792371
s7,3163,4708.884221
s7,3164,5104.728035
s7,3165,4906.639627
s7,3166,5483.850849
s7,3167,5630.759526
s7,3168,4957.134718
s7,3169,5547.509753
s7,3170,4430.323416
s7,3171,4066.290560
s7,3172,3630.917032
s7,3173,3047.184540
s7,3174,3045.475486
s7,3175,2578.489775
s7,3176,2898.662794
s7,3177,2392.430173
s7,3178,2339.808465
s7,3179,2167.530394
s7,3180,1959.677622
s7,3181,2721.517878
s7,3182,2847.529966
s7,3183,3915.604094
s7,3184,4054.023375
s7,3185,5115.434428
s7,3186,5240.701508
s7,3187,5662.216831
s7,3188,5757.381192
s7,3189,5951.606061
s7,3190,6193.179014
s7,3191,6256.992256
s7,3192,5551.711588
s7,3193,5722.668311
s7,3194,6130.177932
s7,3195,4811.189315
s7,3196,4339.561597
s7,3197,3774.971078
s7,3198,3131.171817
s7,3199,3716.189383
s7,3200,3086.454230
s7,3201,3029.486348
s7,3202,3536.122043
s7,3203,3856.134498
s7,3204,2888.706224
s7,3205,3863.183341
s7,3206,4101.407487
s7,3207,4468.355146
s7,3208,4969.437399
s7,3209,5268.594870
s7,3210,6264.833467
s7,3211,6309.102210
s7,3212,6512.091778
s7,3213,7016.217383
s7,3214,6974.036141
s7,3215,6783.891744
s7,3216,6584.014674
s7,3217,6820.288902
s7,3218,6050.890276
s7,3219,5445.305320
s7,3220,4751.025085
s7,3221,4497.749582
s7,3222,3854.297730
s7,3223,3911.270656
s7,3224,3703.197464
s7,3225,2749.054383
s7,3226,3416.115378
s7,3227,3703.705572
s7,3228,3719.609336
s7,3229,3615.591713
s7,3230,4745.896090
s7,3231,4489.337776
s7,3232,4755.366692
s7,3233,5253.795012
s7,3234,6036.637036
s7,3235,6735.256197
s7,3236,7068.289422
s7,3237,6905.618816
s7,3238,6473.850567
s7,3239,6592.236736
s7,3240,6328.038236
s7,3241,6292.309368
s7,3242,5374.797350
s7,3243,5597.898289
s7,3244,5324.281830
s7,3245,4592.425601
s7,3246,4374.220890
s7,3247,3522.085944
s7,3248,3056.654346
s7,3249,3152.019894
s7,3250,3696.573569
s7,3251,3695.320526
s7,3252,3337.674363
s7,3253,4165.433742
s7,3254,3975.484727
s7,3255,5002.918749
s7,3256,5071.303092
s7,3257,5170.852090
s7,3258,5990.671868
s7,3259,5779.318402
s7,3260,5969.377130
s7,3261,5934.633779
s7,3262,6552.413616
s7,3263,6355.517724
s7,3264,6143.979938
s7,3265,5724.088262
s7,3266,5972.757623
s7,3267,4884.223113
s7,3268,4303.854254
s7,3269,4506.048618
s7,3270,4120.435827
s7,3271,3360.347011
s7,3272,2340.063089
s7,3273,2531.337939
s7,3274,2861.022712
s7,3275,2684.908720
s7,3276,3356.791510
s7,3277,2593.575807
s7,3278,3624.919028
s7,3279,3559.488083
s7,3280,4646.153919
s7,3281,4578.173149
s7,3282,5342.506471
s7,3283,5088.160422
s7,3284,5066.432191
s7,3285,5308.777254
s7,3286,5508.413755
s7,3287,5273.282709
s7,3288,5836.552759
s7,3289,5579.607031
s7,3290,4825.498482
s7,3291,3930.629996
s7,3292,3772.951083
s7,3293,3105.257312
s7,3294,3402.669142
s7,3295,2630.109882
s7,3296,2393.984912
s7,3297,1894.435245
s7,3298,1260.301981
s7,3299,1727.558898
s7,3300,1762.411093
s7,3301,2531.236074
s7,3302,2776.722433
s7,3303,2866.107116
s7,3304,3438.254371
s7,3305,4542.352397
s7,3306,4071.869601
s7,3307,4428.116385
s7,3308,4925.397756
s7,3309,4921.749603
s7,3310,5061.109071
s7,3311,5321.948058
s7,3312,5553.598744
s7,3313,4060.593043
s7,3314,4303.826115
s7,3315,3903.547296
s7,3316,3410.912741
s7,3317,2927.788136
s7,3318,2459.640189
s7,3319,2568.308999
s7,3320,1791.724994
s7,3321,1741.333744
s7,3322,1733.160945
s7,3323,1836.881138
s7,3324,1922.021035
s7,3325,2609.027021
s7,3326,2628.995724
s7,3327,3118.706950
s7,3328,3498.590566
s7,3329,3628.658944
s7,3330,4116.466683
s7,3331,4410.558343
s7,3332,5126.401938
s7,3333,5000.529993
s7,3334,4954.488526
s7,3335,5359.858288
s7,3336,5303.873445
s7,3337,4260.583735
s7,3338,5112.985098
s7,3339,4147.379727
s7,3340,3676.801836
s7,3341,3659.061657
s7,3342,2925.500785
s7,3343,2363.430712
s7,3344,3082.462790
s7,3345,1812.730149
s7,3346,2120.810915
s7,3347,2535.932729
s7,3348,2078.460132
s7,3349,2717.200537
s7,3350,3273.886335
s7,3351,4415.365401
s7,3352,3756.761614
s7,3353,4524.807539
s7,3354,5214.295660
s7,3355,5402.136715
s7,3356,5263.238523
s7,3357,6020.360668
s7,3358,6005.063111
s7,3359,6092.552836
s7,3360,6186.679122
s7,3361,5902.232927
s7,3362,5367.223719
s7,3363,4949.168347
s7,3364,4048.996162
s7,3365,3967.372474
s7,3366,3706.452698
s7,3367,3168.135091
s7,3368,3099.085527
s7,3369,2641.706194
s7,3370,3429.087015
s7,3371,3733.035258
s7,3372,3060.716206
s7,3373,3637.674354
s7,3374,3805.645066
s7,3375,4765.932106
s7,3376,4953.931731
s7,3377,5302.676771
s7,3378,5639.204199
s7,3379,6140.014926
s7,3380,6047.630017
s7,3381,6818.391428
s7,3382,6417.994149
s7,3383,6808.741380
s7,3384,6515.100361
s7,3385,6591.570406
s7,3386,5868.437092
s7,3387,5827.965399
s7,3388,4727.583395
s7,3389,4825.447275
s7,3390,4137.926233
s7,3391,3940.143560
s7,3392,3638.361985
s7,3393,3777.738472
s7,3394,2712.656664
s7,3395,3590.355508
s7,3396,3146.086268
s7,3397,4359.738461
s7,3398,3627.600223
s7,3399,4382.462552
s7,3400,4600.891685
s7,3401,6190.512030
s7,3402,5596.439524
s7,3403,6434.852033
s7,3404,6480.983538
s7,3405,6212.122709
s7,3406,6768.272240
s7,3407,7046.363546
s7,3408,6573.300300
s7,3409,6677.560611
s7,3410,5860.992448
s7,3411,5561.396437
s7,3412,4968.767995
s7,3413,4761.758996
s7,3414,4869.747478
s7,3415,3970.100726
s7,3416,3624.770388
s7,3417,3158.087340
s7,3418,3036.958389
s7,3419,3844.636520
s7,3420,3111.449547
s7,3421,3435.418568
s7,3422,4053.607677
s7,3423,4334.533371
s7,3424,5579.001784
s7,3425,4510.741956
s7,3426,5840.867948
s7,3427,6291.830197
s7,3428,5905.521872
s7,3429,6212.462228
s7,3430,6612.401784
s7,3431,6935.550883
s7,3432,5853.251864
s7,3433,5320.995211
s7,3434,5812.324593
s7,3435,5555.492985
s7,3436,4437.732842
s7,3437,3313.388359
s7,3438,4130.977288
s7,3439,3175.103831
s7,3440,3327.285760
s7,3441,2723.075430
s7,3442,2520.260191
s7,3443,2523.020638
s7,3444,3328.997386
s7,3445,3559.233355
s7,3446,2654.137446
s7,3447,3452.896402
s7,3448,4802.664951
s7,3449,4477.457122
s7,3450,4518.264846
s7,3451,5312.909265
s7,3452,5514.944822
s7,3453,5657.981145
s7,3454,5552.238803
s7,3455,5519.659257
s7,3456,5265.586514
s7,3457,5233.172619
s7,3458,4451.217559
s7,3459,4187.283763
s7,3460,3764.090964
s7,3461,3791.820949
s7,3462,3030.154172
s7,3463,2483.386401
s7,3464,2410.100576
s7,3465,2172.202685
s7,3466,2328.610812
s7,3467,2167.976214
s7,3468,2765.703019
s7,3469,2867.108044
s7,3470,2729.310501
s7,3471,2999.550269
s7,3472,3876.436966
s7,3473,4180.459861
s7,3474,4369.965490
s7,3475,4235.424668
s7,3476,4372.472760
s7,3477,5282.796828
s7,3478,5474.619070
s7,3479,5415.704498
s7,3480,4512.784138
s7,3481,5031.583918
s7,3482,4125.985989
s7,3483,4023.155649
s7,3484,3583.482437
s7,3485,2715.662331
s7,3486,2373.133744
s7,3487,1507.553065
s7,3488,1636.053156
s7,3489,1163.867299
s7,3490,1883.961307
s7,3491,1820.997382
s7,3492,2296.001889
s7,3493,2387.480923
s7,3494,2413.180341
s7,3495,3178.045314
s7,3496,3381.743694
s7,3497,4184.360423
s7,3498,4511.276389
s7,3499,4431.735191
s7,3500,5060.752176
s7,3501,5265.552155
s7,3502,5214.288165
s7,3503,5586.263754
s8,0,10500.424687
s8,1,10073.966390
s8,2,9214.166974
s8,3,9067.315233
s8,4,6725.234144
s8,5,7492.383873
s8,6,6247.284872
s8,7,7133.339243
s8,8,6915.647108
s8,9,7220.643053
s8,10,6990.230568
s8,11,6854.851333
s8,12,8219.093378
s8,13,9554.746826
s8,14,8923.026309
s8,15,10886.856890
s8,16,11414.578043
s8,17,13450.798405
s8,18,12557.390124
s8,19,13564.299795
s8,20,14440.492946
s8,21,14497.412817
s8,22,12967.862024
s8,23,14089.322990
s8,24,13154.928848
s8,25,12313.003049
s8,26,11504.940892
s8,27,10855.246447
s8,28,8424.905076
s8,29,10081.924968
s8,30,7578.052445
s8,31,6026.331434
s8,32,7325.202121
s8,33,8408.320074
s8,34,7130.969757
s8,35,9097.213967
s8,36,9741.355123
s8,37,8752.703698
s8,38,8485.269365
s8,39,10373.435102
s8,40,13133.685451
s8,41,12527.614160
s8,42,12756.044946
s8,43,13439.077281
s8,44,14760.145578
s8,45,14818.458387
s8,46,15307.921086
s8,47,14973.364911
s8,48,12909.102692
s8,49,12674.162675
s8,50,11018.281142
s8,51,10926.405194
s8,52,9039.754962
s8,53,8097.849253
s8,54,9794.773979
s8,55,7654.704465
s8,56,7743.340389
s8,57,9030.456461
s8,58,7859.591308
s8,59,7560.856723
s8,60,8267.117351
s8,61,8423.524501
s8,62,10653.828483
s8,63,10513.344100
s8,64,12972.333170
s8,65,12233.879862
s8,66,12916.294177
s8,67,13368.239933
s8,68,14419.122022
s8,69,14119.505082
s8,70,14771.212630
s8,71,12871.175065
s8,72,12812.466101
s8,73,13178.897161
s8,74,10586.036714
s8,75,10129.322931
s8,76,9880.583329
s8,77,8179.050551
s8,78,6486.957255
s8,79,4802.727830
s8,80,7711.797776
s8,81,6100.920710
s8,82,6816.844164
s8,83,5867.465935
s8,84,8125.502896
s8,85,7885.563638
s8,86,8378.339010
s8,87,8568.171820
s8,88,10397.106671
s8,89,10572.362585
s8,90,11442.739673
s8,91,10891.687539
s8,92,11997.002916
s8,93,12498.413560
s8,94,11217.173215
s8,95,11727.000767
s8,96,11478.389579
s8,97,9901.843870
s8,98,8696.906320
s8,99,7672.240454
s8,100,7819.028693
s8,101,5045.384781
s8,102,5164.310104
s8,103,4466.637709
s8,104,4501.894681
s8,105,4208.962677
s8,106,3558.456260
s8,107,6259.584198
s8,108,5455.327800
s8,109,5078.632117
s8,110,6284.052201
s8,111,7946.200965
s8,112,9247.721074
s8,113,8640.619090
s8,114,10876.826928
s8,115,9855.581465
s8,116,10590.318292
s8,117,11873.998480
s8,118,12313.497141
s8,119,10558.294085
s8,120,9751.389590
s8,121,10114.550788
s8,122,7454.243973
s8,123,7482.006372
s8,124,6487.742233
s8,125,6181.738936
s8,126,4910.139919
s8,127,3935.994593
s8,128,4262.745093
s8,129,2891.859231
s8,130,4510.639370
s8,131,3827.946508
s8,132,4288.826906
s8,133,5502.741010
s8,134,6740.116014
s8,135,8221.059672
s8,136,8514.155854
s8,137,10123.521882
s8,138,11072.698718
s8,139,10857.162390
s8,140,10571.724155
s8,141,12103.885350
s8,142,11494.933341
s8,143,9349.872736
s8,144,9605.822709
s8,145,9696.250370
s8,146,7706.390495
s8,147,7301.668837
s8,148,5631.023711
s8,149,6375.181856
s8,150,5566.805814
s8,151,5017.463428
s8,152,5686.880220
s8,153,4323.817996
s8,154,4598.881877
s8,155,6784.337377
s8,156,5003.344447
s8,157,7368.209523
s8,158,6825.136166
s8,159,9008.035897
s8,160,11424.431855
s8,161,10999.847319
s8,162,11034.982710
s8,163,14002.662675
s8,164,12227.979387
s8,165,12631.876640
s8,166,12911.691453
s8,167,11348.091434
s8,168,12619.487991
s8,169,12268.857042
s8,170,10788.499235
s8,171,9573.789186
s8,172,8331.806040
s8,173,8291.207087
s8,174,4618.756284
s8,175,6377.042140
s8,176,6395.253328
s8,177,4712.114249
s8,178,6736.760624
s8,179,6799.542007
s8,180,7554.893185
s8,181,8511.993529
s8,182,9835.548970
s8,183,10773.684852
s8,184,10675.876118
s8,185,12294.501611
s8,186,13043.677649
s8,187,13816.779241
s8,188,13732.424226
s8,189,15025.992234
s8,190,15154.233301
s8,191,14951.948945
s8,192,14658.172355
s8,193,13600.043970
s8,194,11278.706161
s8,195,10236.356615
s8,196,9478.550737
s8,197,9343.705868
s8,198,8121.386458
s8,199,8426.932538
s8,200,8611.751017
s8,201,7006.380779
s8,202,8243.695024
s8,203,7653.330489
s8,204,7644.515881
s8,205,8451.103195
s8,206,10078.998747
s8,207,9880.373465
s8,208,12622.648943
s8,209,14256.107069
s8,210,13012.717666
s8,211,14184.242097
s8,212,15906.341876
s8,213,15095.721268
s8,214,14805.605899
s8,215,14044.613466
s8,216,14357.952602
s8,217,13035.093389
s8,218,11055.225905
s8,219,9066.810945
s8,220,7902.688625
s8,221,9477.643600
s8,222,8020.196973
s8,223,8706.110407
s8,224,7644.430671
s8,225,6200.843372
s8,226,7491.643359
s8,227,8530.766244
s8,228,7556.882490
s8,229,8598.604935
s8,230,11134.064892
s8,231,9461.661575
s8,232,10853.516608
s8,233,13269.732777
s8,234,13326.698758
s8,235,12831.216680
s8,236,12873.703690
s8,237,14324.862848
s8,238,14654.494957
s8,239,13895.988965
s8,240,12902.288034
s8,241,12850.281213
s8,242,10995.628696
s8,243,9115.533061
s8,244,10222.202892
s8,245,6851.556232
s8,246,6858.259594
s8,247,6280.077011
s8,248,6997.344107
s8,249,5214.178566
s8,250,5675.199710
s8,251,4898.975872
s8,252,7025.671427
s8,253,7830.327340
s8,254,8824.584967
s8,255,8549.667369
s8,256,10299.208421
s8,257,10277.072268
s8,258,11252.360502
s8,259,12038.294311
s8,260,13321.304204
s8,261,12052.701880
s8,262,12275.291384
s8,263,11042.770600
s8,264,10560.039495
s8,265,9605.949338
s8,266,9036.845870
s8,267,8698.584707
s8,268,6294.771773
s8,269,6714.306190
s8,270,4675.284001
s8,271,5020.964187
s8,272,3978.421485
s8,273,4028.741504
s8,274,4082.277697
s8,275,5551.813821
s8,276,5501.264213
s8,277,6859.535935
s8,278,6661.345157
s8,279,7681.931004
s8,280,9975.075697
s8,281,8396.801008
s8,282,9679.070452
s8,283,10725.832917
s8,284,12515.360848
s8,285,10770.042411
s8,286,11622.044398
s8,287,11778.497048
s8,288,9787.530172
s8,289,9025.616044
s8,290,9472.889316
s8,291,6845.769266
s8,292,5513.457835
s8,293,6028.485753
s8,294,4285.963840
s8,295,5078.626463
s8,296,4187.731752
s8,297,2406.649795
s8,298,4094.194734
s8,299,4316.956578
s8,300,4452.980149
s8,301,6576.788496
s8,302,5370.790408
s8,303,6742.727168
s8,304,8283.371585
s8,305,10146.166364
s8,306,9182.968552
s8,307,10441.002427
s8,308,10747.303465
s8,309,10275.285457
s8,310,10978.558005
s8,311,10040.156966
s8,312,9976.630703
s8,313,9774.620147
s8,314,8017.186590
s8,315,7128.732505
s8,316,6136.972473
s8,317,5413.022000
s8,318,4188.201743
s8,319,3975.871944
s8,320,4669.234413
s8,321,3899.203379
s8,322,7215.313632
s8,323,4645.540516
s8,324,6278.397200
s8,325,5673.982610
s8,326,7569.668093
s8,327,8393.477993
s8,328,9762.805026
s8,329,11759.719682
s8,330,11453.505070
s8,331,11303.548554
s8,332,12693.840002
s8,333,12039.521955
s8,334,12572.055061
s8,335,13513.388709
s8,336,12482.228976
s8,337,11859.174573
s8,338,10612.144182
s8,339,9304.988947
s8,340,7285.685470
s8,341,7272.737207
s8,342,6556.628659
s8,343,6971.810463
s8,344,6943.618431
s8,345,6542.055397
s8,346,5826.450826
s8,347,8268.490613
s8,348,8635.017273
s8,349,8275.058021
s8,350,9554.809013
s8,351,10909.083600
s8,352,11523.425277
s8,353,12308.186046
s8,354,13546.096654
s8,355,13795.972785
s8,356,14323.133357
s8,357,13109.050158
s8,358,12991.521999
s8,359,15114.877572
s8,360,12112.337624
s8,361,12852.895341
s8,362,11858.205632
s8,363,10857.873255
s8,364,9258.750494
s8,365,9683.350720
s8,366,8478.490830
s8,367,7436.785313
s8,368,6341.007900
s8,369,7155.322810
s8,370,7071.293408
s8,371,7010.657350
s8,372,8868.126356
s8,373,9826.254960
s8,374,10936.456884
s8,375,11382.994061
s8,376,12074.813281
s8,377,13987.570629
s8,378,14459.660840
s8,379,16156.035949
s8,380,15188.633415
s8,381,14156.242354
s8,382,15394.379612
s8,383,15989.298617
s8,384,13823.775460
s8,385,12674.651555
s8,386,11438.044628
s8,387,12316.233990
s8,388,9780.088290
s8,389,8832.328359
s8,390,8471.652734
s8,391,6601.518818
s8,392,7092.608320
s8,393,6233.251195
s8,394,7202.149964
s8,395,8048.592522
s8,396,8950.106357
s8,397,8700.311662
s8,398,10488.018575
s8,399,10503.557674
s8,400,10469.758400
s8,401,12954.728812
s8,402,13064.823431
s8,403,13802.040081
s8,404,12046.440076
s8,405,14183.825423
s8,406,13983.746243
s8,407,13513.413396
s8,408,13420.497004
s8,409,11521.826131
s8,410,12416.015171
s8,411,10330.203955
s8,412,9176.639196
s8,413,5969.707334
s8,414,5552.249865
s8,415,7511.043184
s8,416,6288.337246
s8,417,6538.936195
s8,418,5664.811272
s8,419,6201.120974
s8,420,7283.827663
s8,421,6985.611102
s8,422,9402.772066
s8,423,8491.973877
s8,424,10370.081288
s8,425,10817.158193
s8,426,11959.636867
s8,427,13115.020820
s8,428,11621.600876
s8,429,12813.698998
s8,430,12335.203874
s8,431,12400.033289
s8,432,11071.164872
s8,433,9868.270180
s8,434,9636.525724
s8,435,9230.570284
s8,436,7835.112871
s8,437,6410.132775
s8,438,5813.629489
s8,439,3743.017662
s8,440,4104.028087
s8,441,4184.471160
s8,442,4093.498990
s8,443,4335.606279
s8,444,5399.715045
s8,445,6484.768849
s8,446,8498.643842
s8,447,7464.333701
s8,448,8228.268484
s8,449,10488.562777
s8,450,10574.742778
s8,451,10326.066888
s8,452,12428.363134
s8,453,11195.818697
s8,454,10917.648996
s8,455,10273.952835
s8,456,9405.204215
s8,457,9355.064013
s8,458,7645.376724
s8,459,9204.008916
s8,460,6665.170863
s8,461,5348.730130
s8,462,4212.311402
s8,463,4419.898077
s8,464,4639.133954
s8,465,3998.594216
s8,466,3146.484662
s8,467,4242.759725
s8,468,3783.509239
s8,469,6924.177959
s8,470,7295.260808
s8,471,7928.801477
s8,472,8970.248334
s8,473,9236.353941
s8,474,10321.108359
s8,475,11730.347723
s8,476,11348.881102
s8,477,11939.037541
s8,478,11534.867451
s8,479,11174.222961
s8,480,10657.994408
s8,481,10444.581948
s8,482,8591.553898
s8,483,8395.897953
s8,484,6400.423698
s8,485,5729.728262
s8,486,4941.134004
s8,487,5606.626100
s8,488,4475.313748
s8,489,5584.796043
s8,490,4145.730519
s8,491,5660.637065
s8,492,5202.163688
s8,493,7751.791321
s8,494,7379.039502
s8,495,9263.423271
s8,496,9434.576609
s8,497,10322.209695
s8,498,11879.466952
s8,499,11049.975307
s8,500,11838.193326
s8,501,13998.652918
s8,502,12167.432414
s8,503,13041.991331
s8,504,11243.777330
s8,505,9939.611516
s8,506,10008.787992
s8,507,10061.481798
s8,508,8513.440675
s8,509,7502.947298
s8,510,7682.088100
s8,511,5994.154089
s8,512,6829.678085
s8,513,6505.596297
s8,514,5743.802511
s8,515,7665.579096
s8,516,8497.885752
s8,517,8338.386615
s8,518,9578.853981
s8,519,10306.162921
s8,520,10692.686747
s8,521,13046.989440
s8,522,12507.078539
s8,523,14254.631527
s8,524,13850.938692
s8,525,13616.204671
s8,526,14713.304077
s8,527,14066.977141
s8,528,14684.482495
s8,529,12509.714873
s8,530,11802.163416
s8,531,10849.530379
s8,532,9659.663697
s8,533,9978.059355
s8,534,9406.428036
s8,535,8268.777305
s8,536,6711.128702
s8,537,7735.515815
s8,538,7635.192145
s8,539,7687.805754
s8,540,7510.001158
s8,541,10127.010722
s8,542,11284.331949
s8,543,11599.580909
s8,544,12667.821932
s8,545,14517.567603
s8,546,15392.946227
s8,547,14675.598876
s8,548,12719.874248
s8,549,15445.010137
s8,550,14851.529011
s8,551,14825.333598
s8,552,13295.328327
s8,553,12124.452572
s8,554,12315.422947
s8,555,10726.942153
s8,556,10045.853569
s8,557,9372.868883
s8,558,8367.315905
s8,559,6635.312973
s8,560,7762.125495
s8,561,6851.730985
s8,562,7186.313670
s8,563,8025.385570
s8,564,7211.706039
s8,565,8840.142315
s8,566,8543.855322
s8,567,10400.770458
s8,568,11967.463714
s8,569,12432.802161
s8,570,13013.834733
s8,571,14145.101775
s8,572,13689.271415
s8,573,12826.191464
s8,574,14566.524809
s8,575,13454.904186
s8,576,13194.969544
s8,577,11446.681196
s8,578,10449.096329
s8,579,9186.333686
s8,580,7284.256573
s8,581,7415.826241
s8,582,6503.034240
s8,583,7493.262994
s8,584,4507.118025
s8,585,5783.575679
s8,586,5722.190944
s8,587,6133.216239
s8,588,6628.599873
s8,589,7623.884133
s8,590,8933.513446
s8,591,7968.421220
s8,592,10694.228281
s8,593,10674.669693
s8,594,10822.382349
s8,595,10660.380982
s8,596,10947.006206
s8,597,12258.608758
s8,598,11245.510263
s8,599,10767.253669
s8,600,10547.929371
s8,601,10072.325447
s8,602,8737.176131
s8,603,7221.206858
s8,604,6585.484515
s8,605,5986.038426
s8,606,4540.958842
s8,607,5382.708287
s8,608,5272.389399
s8,609,5157.229002
s8,610,4083.676353
s8,611,4434.610487
s8,612,4589.217385
s8,613,7042.614991
s8,614,6542.354052
s8,615,9436.651488
s8,616,7234.025387
s8,617,9757.926300
s8,618,10675.732996
s8,619,10835.982173
s8,620,11571.221740
s8,621,12678.650973
s8,622,10981.074436
s8,623,11194.186369
s8,624,9614.557217
s8,625,8211.860662
s8,626,7434.746126
s8,627,7865.929410
s8,628,6521.505325
s8,629,4341.250170
s8,630,4894.353499
s8,631,4555.977087
s8,632,4144.565553
s8,633,4543.918741
s8,634,2809.945061
s8,635,3612.345731
s8,636,4157.019615
s8,637,5870.829832
s8,638,7662.591386
s8,639,7358.914094
s8,640,8919.871597
s8,641,10215.247704
s8,642,10004.981992
s8,643,11530.854191
s8,644,11213.021780
s8,645,12730.055042
s8,646,12329.783168
s8,647,10594.352534
s8,648,9950.454566
s8,649,10965.121789
s8,650,8093.747209
s8,651,8679.154584
s8,652,6614.112186
s8,653,5236.546047
s8,654,6684.598880
s8,655,5228.343024
s8,656,3865.565322
s8,657,4430.268429
s8,658,4291.776208
s8,659,4589.106461
s8,660,5912.354727
s8,661,7657.665150
s8,662,6775.356104
s8,663,9220.760898
s8,664,8795.517231
s8,665,10763.799444
s8,666,10553.787208
s8,667,11254.943288
s8,668,12131.504635
s8,669,13525.384315
s8,670,13304.436792
s8,671,12241.107521
s8,672,11551.964621
s8,673,11148.087665
s8,674,12309.600173
s8,675,9580.902690
s8,676,8340.486034
s8,677,7268.705998
s8,678,6721.366709
s8,679,6923.233618
s8,680,6627.702013
s8,681,4409.036957
s8,682,7972.070457
s8,683,7216.203257
s8,684,7503.504345
s8,685,10418.648216
s8,686,8254.530311
s8,687,9498.854052
s8,688,12270.483944
s8,689,12376.287539
s8,690,13830.128763
s8,691,14693.669856
s8,692,15523.327880
s8,693,14795.391901
s8,694,13708.220606
s8,695,12572.693779
s8,696,13339.262672
s8,697,11180.065060
s8,698,11660.053313
s8,699,10094.470215
s8,700,10052.626826
s8,701,9440.407987
s8,702,8181.612353
s8,703,6661.238395
s8,704,7490.077098
s8,705,6781.626319
s8,706,7740.823590
s8,707,7598.535406
s8,708,10314.057348
s8,709,8978.842540
s8,710,8875.301071
s8,711,10603.676189
s8,712,12305.894390
s8,713,15194.870228
s8,714,14914.469356
s8,715,13983.354921
s8,716,14757.144400
s8,717,13933.389343
s8,718,13562.830490
s8,719,14931.313551
s8,720,13901.113548
s8,721,12220.086326
s8,722,11316.119354
s8,723,11182.226878
s8,724,10391.380140
s8,725,8380.537906
s8,726,6930.166356
s8,727,8292.368430
s8,728,6707.437002
s8,729,5770.260876
s8,730,7124.816425
s8,731,7794.446225
s8,732,8935.744226
s8,733,8642.274601
s8,734,10039.504641
s8,735,9802.258635
s8,736,12002.344515
s8,737,11328.833817
s8,738,13623.301336
s8,739,13797.121588
s8,740,12808.103542
s8,741,13501.475880
s8,742,14982.805977
s8,743,12481.578121
s8,744,11355.926597
s8,745,11514.423758
s8,746,10879.040901
s8,747,10335.851083
s8,748,8594.713452
s8,749,7411.383572
s8,750,6774.524855
s8,751,6902.117707
s8,752,5791.723368
s8,753,6188.918945
s8,754,4536.543842
s8,755,5943.613306
s8,756,6700.479122
s8,757,8263.667762
s8,758,8677.280734
s8,759,9390.379454
s8,760,10924.494499
s8,761,11054.892502
s8,762,13953.806604
s8,763,11410.972639
s8,764,12449.625065
s8,765,13753.353884
s8,766,12728.368427
s8,767,11905.263606
s8,768,11740.999618
s8,769,9782.429685
s8,770,9247.857366
s8,771,8268.285276
s8,772,8576.205217
s8,773,6435.448564
s8,774,6946.592022
s8,775,4765.129015
s8,776,4600.915795
s8,777,2994.417638
s8,778,4857.523098
s8,779,3271.855760
s8,780,5833.299374
s8,781,6815.853240
s8,782,7253.825954
s8,783,7094.616719
s8,784,8584.264071
s8,785,7656.625470
s8,786,9812.063414
s8,787,11051.881898
s8,788,11182.579273
s8,789,10962.170436
s8,790,12024.481823
s8,791,10878.203239
s8,792,9974.203526
s8,793,9307.935936
s8,794,7445.576726
s8,795,7131.853162
s8,796,4837.455883
s8,797,3353.684462
s8,798,4408.202905
s8,799,4806.885869
s8,800,2962.185691
s8,801,3998.077341
s8,802,2576.890418
s8,803,4285.451336
s8,804,4956.166921
s8,805,5748.905147
s8,806,5605.215702
s8,807,8084.205589
s8,808,9171.338795
s8,809,9962.619563
s8,810,12031.718308
s8,811,10655.199513
s8,812,11430.124489
s8,813,12317.947253
s8,814,10276.313866
s8,815,10227.303427
s8,816,11152.087795
s8,817,9323.195205
s8,818,8118.443960
s8,819,8168.666948
s8,820,5882.693796
s8,821,6179.046317
s8,822,4607.164377
s8,823,4394.835181
s8,824,2621.140031
s8,825,4739.357868
s8,826,4993.219513
s8,827,5146.267874
s8,828,5467.583385
s8,829,6996.274962
s8,830,8900.227562
s8,831,9485.621595
s8,832,9320.958208
s8,833,10979.874511
s8,834,11421.027829
s8,835,12637.103788
s8,836,12034.885782
s8,837,13900.699888
s8,838,12106.161236
s8,839,11603.811944
s8,840,12057.208821
s8,841,12300.282590
s8,842,8977.892321
s8,843,9382.801380
s8,844,8923.366064
s8,845,9658.391800
s8,846,5848.778302
s8,847,7324.478270
s8,848,5672.116275
s8,849,5953.489207
s8,850,7146.635382
s8,851,6948.557083
s8,852,6577.008338
s8,853,8285.902676
s8,854,9131.436924
s8,855,10578.122951
s8,856,10752.797672
s8,857,11870.995663
s8,858,12931.387314
s8,859,13809.720249
s8,860,14046.297689
s8,861,14627.499279
s8,862,14663.137983
s8,863,14065.013745
s8,864,12748.544777
s8,865,11330.081916
s8,866,10950.984554
s8,867,10173.498905
s8,868,9565.658793
s8,869,9590.880433
s8,870,8134.906607
s8,871,6950.175070
s8,872,6371.240797
s8,873,7198.912877
s8,874,7284.172543
s8,875,7107.815038
s8,876,7314.299536
s8,877,9086.553213
s8,878,10554.146203
s8,879,11393.937951
s8,880,11116.123715
s8,881,12754.236212
s8,882,13677.649136
s8,883,13656.118633
s8,884,14638.360476
s8,885,14302.991002
s8,886,15289.798354
s8,887,13695.445750
s8,888,14751.411597
s8,889,13492.939800
s8,890,12103.035177
s8,891,11031.296651
s8,892,10912.362886
s8,893,8698.471213
s8,894,8512.892983
s8,895,7433.083870
s8,896,8395.725260
s8,897,6912.507006
s8,898,7079.470498
s8,899,5674.244261
s8,900,8399.519196
s8,901,8698.061141
s8,902,10251.530313
s8,903,9656.537507
s8,904,11004.003314
s8,905,13449.997442
s8,906,12595.940584
s8,907,13813.967728
s8,908,14622.414729
s8,909,14028.223620
s8,910,13787.239934
s8,911,14171.512227
s8,912,12191.550915
s8,913,12157.779148
s8,914,10556.494298
s8,915,8888.063747
s8,916,8740.499050
s8,917,8750.792199
s8,918,6827.196927
s8,919,5812.287417
s8,920,5777.755798
s8,921,5418.128930
s8,922,6257.130248
s8,923,5472.776332
s8,924,7441.763556
s8,925,7805.193794
s8,926,9250.570988
s8,927,8896.295487
s8,928,10822.836467
s8,929,10191.773367
s8,930,12056.496326
s8,931,11928.700354
s8,932,11528.896472
s8,933,12967.245255
s8,934,13227.691114
s8,935,13002.471451
s8,936,11323.892386
s8,937,9952.988516
s8,938,10258.191802
s8,939,7428.684696
s8,940,7226.440155
s8,941,5085.498223
s8,942,5494.883051
s8,943,4970.404255
s8,944,4093.776397
s8,945,5040.312151
s8,946,4286.792231
s8,947,5098.930865
s8,948,5725.114028
s8,949,5984.655954
s8,950,5040.210889
s8,951,7565.538600
s8,952,8911.872701
s8,953,8879.282407
s8,954,10383.771976
s8,955,9760.822739
s8,956,11641.188087
s8,957,11698.223712
s8,958,11345.369374
s8,959,10254.734092
s8,960,10190.882251
s8,961,8227.087809
s8,962,7658.653061
s8,963,7580.982302
s8,964,5799.598639
s8,965,5234.105864
s8,966,4659.305221
s8,967,4910.871180
s8,968,3289.232150
s8,969,3294.506574
s8,970,3366.280979
s8,971,3077.595438
s8,972,5085.202370
s8,973,4213.951525
s8,974,6077.262009
s8,975,8633.520444
s8,976,8652.581275
s8,977,7865.183418
s8,978,9573.909752
s8,979,12145.178672
s8,980,11059.076165
s8,981,12767.094381
s8,982,10843.796354
s8,983,9070.350403
s8,984,10502.349894
s8,985,9379.264144
s8,986,8897.873396
s8,987,6988.126631
s8,988,6067.065299
s8,989,5597.212146
s8,990,4555.897846
s8,991,5483.549121
s8,992,5403.724118
s8,993,4384.941966
s8,994,5475.843003
s8,995,4726.720761
s8,996,5697.965295
s8,997,5543.987876
s8,998,8696.125410
s8,999,8394.969080
s8,1000,10752.462770
s8,1001,11694.547889
s8,1002,11967.785956
s8,1003,12379.719632
s8,1004,11842.553039
s8,1005,13408.091391
s8,1006,13129.202604
s8,1007,13156.415462
s8,1008,12043.381552
s8,1009,10150.591505
s8,1010,9377.416017
s8,1011,10022.787047
s8,1012,9662.316999
s8,1013,7441.920496
s8,1014,6905.866537
s8,1015,6709.179206
s8,1016,6360.329947
s8,1017,6408.180920
s8,1018,6226.214779
s8,1019,7033.771836
s8,1020,7151.043888
s8,1021,8346.479349
s8,1022,9898.285670
s8,1023,10461.979286
s8,1024,10965.340300
s8,1025,12584.180187
s8,1026,12343.778344
s8,1027,13283.945833
s8,1028,13374.433394
s8,1029,14497.020674
s8,1030,14643.148452
s8,1031,13528.569417
s8,1032,12557.589850
s8,1033,12819.207657
s8,1034,11784.627521
s8,1035,9502.498595
s8,1036,10470.616219
s8,1037,9590.988222
s8,1038,7999.399186
s8,1039,7610.021618
s8,1040,7279.039391
s8,1041,6937.512656
s8,1042,7802.698557
s8,1043,7369.105189
s8,1044,8318.287189
s8,1045,9456.900020
s8,1046,9017.060194
s8,1047,10860.245120
s8,1048,11269.876498
s8,1049,12734.732507
s8,1050,13435.309669
s8,1051,14217.575097
s8,1052,14787.709577
s8,1053,13996.065074
s8,1054,14789.169343
s8,1055,12875.448000
s8,1056,14198.753072
s8,1057,12632.968046
s8,1058,12345.116998
s8,1059,9350.681656
s8,1060,10811.710441
s8,1061,8665.571664
s8,1062,8358.774447
s8,1063,7604.950612
s8,1064,7108.098788
s8,1065,6693.123720
s8,1066,5683.593962
s8,1067,8467.062705
s8,1068,9512.910273
s8,1069,8429.926601
s8,1070,10747.829857
s8,1071,11371.913102
s8,1072,11844.306014
s8,1073,12312.671074
s8,1074,13547.611720
s8,1075,13129.114466
s8,1076,13638.259397
s8,1077,13517.720599
s8,1078,13134.280040
s8,1079,12809.777416
s8,1080,12981.852431
s8,1081,12177.976797
s8,1082,10105.073470
s8,1083,9622.469592
s8,1084,8512.284959
s8,1085,6419.252746
s8,1086,7736.986770
s8,1087,5466.481970
s8,1088,6727.808306
s8,1089,4001.055022
s8,1090,5255.075431
s8,1091,6744.535123
s8,1092,7059.657355
s8,1093,7835.717721
s8,1094,8272.245416
s8,1095,10731.922961
s8,1096,10139.986616
s8,1097,11154.446522
s8,1098,11039.909297
s8,1099,11475.740232
s8,1100,13358.168859
s8,1101,13382.112265
s8,1102,10779.185991
s8,1103,11239.647691
s8,1104,11901.653223
s8,1105,10181.695550
s8,1106,9872.423997
s8,1107,6777.221422
s8,1108,7249.897579
s8,1109,6190.512182
s8,1110,5431.849806
s8,1111,4289.641237
s8,1112,4363.416228
s8,1113,5584.212460
s8,1114,3575.439754
s8,1115,4692.908888
s8,1116,5093.730220
s8,1117,5875.448038
s8,1118,8297.313734
s8,1119,9058.916814
s8,1120,8519.028607
s8,1121,10037.355036
s8,1122,9739.161999
s8,1123,11119.973586
s8,1124,10905.418457
s8,1125,12351.426356
s8,1126,11395.957817
s8,1127,9836.626902
s8,1128,8641.275855
s8,1129,8339.223829
s8,1130,9839.915524
s8,1131,6550.113354
s8,1132,5255.423607
s8,1133,4928.775732
s8,1134,4324.618385
s8,1135,4601.830111
s8,1136,3241.950071
s8,1137,4984.941023
s8,1138,3919.344142
s8,1139,4562.745063
s8,1140,6041.657422
s8,1141,5919.768360
s8,1142,6957.743892
s8,1143,8185.327687
s8,1144,8135.511942
s8,1145,9184.596102
s8,1146,10868.995671
s8,1147,10359.521681
s8,1148,10881.138909
s8,1149,12132.196293
s8,1150,11747.701620
s8,1151,11187.060321
s8,1152,9495.696921
s8,1153,11081.019973
s8,1154,8621.354785
s8,1155,7578.878156
s8,1156,6776.513440
s8,1157,5453.381717
s8,1158,5189.495334
s8,1159,6392.126528
s8,1160,3485.895756
s8,1161,6266.822178
s8,1162,4101.539232
s8,1163,4571.656342
s8,1164,6991.562129
s8,1165,8260.598271
s8,1166,7499.453332
s8,1167,9448.926973
s8,1168,9261.123909
s8,1169,10517.599280
s8,1170,11027.350526
s8,1171,12310.253770
s8,1172,12121.194772
s8,1173,12855.931014
s8,1174,12394.263386
s8,1175,12308.382809
s8,1176,11802.418198
s8,1177,10516.494792
s8,1178,9888.015036
s8,1179,8413.873708
s8,1180,8764.558955
s8,1181,8128.375836
s8,1182,6623.426919
s8,1183,6191.693543
s8,1184,5726.644629
s8,1185,5776.451124
s8,1186,6458.403362
s8,1187,5559.511862
s8,1188,6419.270256
s8,1189,8410.892609
s8,1190,9991.393528
s8,1191,9835.246730
s8,1192,11961.594470
s8,1193,13006.248188
s8,1194,13179.368265
s8,1195,15368.607839
s8,1196,14002.706929
s8,1197,14325.345744
s8,1198,13259.052687
s8,1199,12976.168108
s8,1200,13239.063973
s8,1201,12839.052926
s8,1202,11378.391481
s8,1203,10564.204948
s8,1204,9761.493307
s8,1205,9397.382864
s8,1206,6855.604758
s8,1207,8180.233888
s8,1208,6655.814464
s8,1209,7583.819235
s8,1210,7991.181136
s8,1211,6789.249149
s8,1212,9299.116376
s8,1213,9319.881925
s8,1214,9792.624076
s8,1215,12491.922712
s8,1216,11178.647254
s8,1217,11877.502929
s8,1218,13883.393722
s8,1219,14618.590393
s8,1220,14457.997940
s8,1221,15126.751857
s8,1222,12766.365658
s8,1223,14843.172723
s8,1224,13597.285083
s8,1225,11853.614654
s8,1226,10837.078761
s8,1227,11091.891231
s8,1228,10066.487694
s8,1229,8379.920683
s8,1230,8183.021616
s8,1231,7543.878899
s8,1232,7959.032258
s8,1233,6348.602323
s8,1234,7929.854615
s8,1235,7628.361040
s8,1236,8173.590873
s8,1237,9286.918139
s8,1238,9398.432848
s8,1239,9614.908693
s8,1240,10365.305050
s8,1241,13167.838462
s8,1242,11807.638960
s8,1243,14376.416961
s8,1244,13350.922220
s8,1245,14724.630307
s8,1246,12991.930082
s8,1247,13438.031104
s8,1248,12664.759608
s8,1249,12252.489314
s8,1250,10404.072876
s8,1251,10004.455307
s8,1252,9825.026997
s8,1253,6694.907533
s8,1254,7669.480121
s8,1255,5491.479074
s8,1256,6606.406768
s8,1257,5448.268939
s8,1258,6908.711770
s8,1259,5986.986745
s8,1260,6358.204425
s8,1261,8235.857087
s8,1262,8121.359021
s8,1263,9050.758457
s8,1264,10801.707071
s8,1265,11968.010749
s8,1266,12224.699160
s8,1267,10660.333878
s8,1268,12597.269619
s8,1269,12586.980220
s8,1270,12784.250139
s8,1271,12456.604065
s8,1272,11751.091749
s8,1273,10502.952497
s8,1274,10682.590283
s8,1275,8045.518227
s8,1276,6652.828922
s8,1277,5281.974017
s8,1278,5140.820605
s8,1279,5399.135205
s8,1280,4461.961756
s8,1281,5353.117189
s8,1282,4428.049308
s8,1283,4400.383431
s8,1284,6510.689298
s8,1285,5986.578277
s8,1286,7858.573729
s8,1287,6271.953337
s8,1288,7885.119990
s8,1289,9312.252404
s8,1290,9640.743919
s8,1291,11122.151866
s8,1292,11302.741290
s8,1293,11469.997425
s8,1294,10456.216715
s8,1295,10041.118195
s8,1296,9556.038328
s8,1297,10334.281831
s8,1298,8086.519357
s8,1299,7999.609251
s8,1300,5743.931396
s8,1301,4410.636283
s8,1302,4808.439147
s8,1303,4869.020810
s8,1304,2581.467733
s8,1305,3337.275574
s8,1306,4372.596482
s8,1307,4127.964608
s8,1308,4736.134760
s8,1309,6338.312445
s8,1310,6815.998321
s8,1311,7816.191400
s8,1312,8287.641837
s8,1313,9768.002715
s8,1314,9959.518254
s8,1315,11974.757621
s8,1316,8995.146549
s8,1317,11491.071134
s8,1318,11818.848169
s8,1319,10202.797512
s8,1320,10768.513830
s8,1321,9047.273133
s8,1322,9229.896248
s8,1323,9022.357123
s8,1324,6714.107733
s8,1325,7714.453409
s8,1326,5355.527034
s8,1327,3073.694886
s8,1328,4292.159192
s8,1329,4662.648502
s8,1330,4960.261588
s8,1331,5249.741242
s8,1332,6230.090003
s8,1333,6660.075064
s8,1334,8765.182482
s8,1335,9046.992760
s8,1336,9723.430238
s8,1337,12133.293840
s8,1338,10630.615586
s8,1339,10803.193597
s8,1340,12091.249913
s8,1341,10857.313742
s8,1342,13027.621853
s8,1343,12087.222586
s8,1344,13323.650565
s8,1345,10339.821573
s8,1346,9306.578238
s8,1347,9800.138496
s8,1348,8881.437144
s8,1349,8095.116315
s8,1350,6493.367445
s8,1351,6001.148850
s8,1352,6577.867877
s8,1353,6037.709514
s8,1354,6814.998865
s8,1355,7697.434710
s8,1356,7337.623787
s8,1357,8829.806307
s8,1358,7950.883356
s8,1359,11588.942007
s8,1360,12554.487364
s8,1361,12490.847905
s8,1362,13004.916454
s8,1363,13892.363525
s8,1364,14363.238781
s8,1365,14265.913720
s8,1366,13720.947695
s8,1367,14056.181538
s8,1368,14165.468582
s8,1369,11090.188854
s8,1370,11265.649433
s8,1371,10106.561713
s8,1372,8948.296076
s8,1373,8928.217548
s8,1374,6600.106680
s8,1375,7387.456029
s8,1376,8022.262303
s8,1377,7997.092383
s8,1378,8024.684740
s8,1379,8203.304493
s8,1380,9206.146133
s8,1381,9521.395206
s8,1382,10695.669209
s8,1383,11853.781805
s8,1384,13385.041910
s8,1385,13933.113486
s8,1386,14573.476382
s8,1387,13363.373405
s8,1388,14999.067143
s8,1389,14999.404954
s8,1390,14298.687540
s8,1391,13505.928769
s8,1392,14117.921693
s8,1393,12881.033209
s8,1394,11663.527371
s8,1395,10084.655427
s8,1396,9359.081356
s8,1397,8619.894007
s8,1398,8461.624758
s8,1399,8861.090966
s8,1400,7422.970180
s8,1401,5675.460248
s8,1402,7597.939090
s8,1403,7989.951270
s8,1404,7469.849766
s8,1405,7988.731010
s8,1406,9838.273333
s8,1407,11300.002082
s8,1408,11953.139571
s8,1409,13625.478649
s8,1410,13055.315901
s8,1411,13660.270567
s8,1412,13277.842367
s8,1413,14669.728492
s8,1414,13870.279119
s8,1415,13655.368127
s8,1416,10873.058313
s8,1417,10372.094429
s8,1418,10985.803635
s8,1419,10132.017903
s8,1420,8343.834495
s8,1421,7481.350629
s8,1422,7434.300277
s8,1423,5667.509797
s8,1424,5881.405056
s8,1425,5006.844201
s8,1426,5375.069521
s8,1427,6763.873765
s8,1428,5413.521762
s8,1429,6876.042029
s8,1430,6423.884554
s8,1431,9405.926521
s8,1432,10202.523143
s8,1433,13005.459174
s8,1434,11247.537429
s8,1435,12200.633594
s8,1436,13107.342562
s8,1437,12823.114030
s8,1438,11875.252303
s8,1439,12531.494205
s8,1440,8905.865401
s8,1441,10428.061401
s8,1442,8546.208760
s8,1443,7493.895434
s8,1444,6279.001624
s8,1445,6368.648168
s8,1446,4553.099765
s8,1447,4820.078140
s8,1448,5608.888667
s8,1449,3651.375679
s8,1450,4380.526871
s8,1451,4220.302831
s8,1452,4263.894867
s8,1453,6424.897198
s8,1454,7774.083691
s8,1455,7293.307619
s8,1456,8746.959395
s8,1457,9446.536570
s8,1458,9711.350497
s8,1459,11402.330723
s8,1460,9603.498253
s8,1461,12260.286723
s8,1462,10557.208887
s8,1463,11839.469962
s8,1464,10260.971655
s8,1465,9020.132948
s8,1466,6905.233654
s8,1467,6196.918290
s8,1468,6716.742561
s8,1469,4783.257170
s8,1470,5245.422309
s8,1471,3073.849654
s8,1472,4498.991010
s8,1473,3605.515682
s8,1474,4093.182373
s8,1475,3558.181255
s8,1476,4534.381154
s8,1477,6036.601849
s8,1478,6709.643591
s8,1479,6858.854421
s8,1480,8706.675933
s8,1481,8355.197329
s8,1482,11727.552303
s8,1483,11234.301972
s8,1484,10805.382498
s8,1485,11070.914098
s8,1486,10403.633004
s8,1487,10858.440166
s8,1488,8170.458387
s8,1489,9443.549949
s8,1490,9853.252534
s8,1491,6113.165307
s8,1492,6895.790498
s8,1493,5532.372206
s8,1494,5128.032387
s8,1495,3884.903450
s8,1496,5213.375171
s8,1497,3495.700179
s8,1498,5411.189604
s8,1499,5959.306124
s8,1500,6011.399422
s8,1501,7151.007809
s8,1502,6231.042170
s8,1503,8230.736234
s8,1504,7883.791500
s8,1505,11154.600679
s8,1506,12358.137031
s8,1507,11005.503314
s8,1508,12678.574680
s8,1509,12504.237165
s8,1510,11161.625101
s8,1511,11978.141683
s8,1512,11751.991735
s8,1513,11711.590064
s8,1514,10048.866822
s8,1515,9723.352497
s8,1516,9801.316889
s8,1517,8408.614327
s8,1518,6304.904685
s8,1519,6804.002877
s8,1520,7418.164287
s8,1521,8190.902051
s8,1522,6972.341014
s8,1523,7753.636325
s8,1524,8242.555076
s8,1525,9969.376189
s8,1526,10111.310172
s8,1527,11248.694333
s8,1528,10767.832311
s8,1529,12137.289503
s8,1530,12032.919653
s8,1531,13126.097720
s8,1532,14408.625691
s8,1533,15146.094800
s8,1534,14990.221491
s8,1535,14190.418468
s8,1536,14880.764415
s8,1537,11553.756344
s8,1538,11619.186957
s8,1539,11825.313380
s8,1540,10080.217069
s8,1541,9081.330912
s8,1542,8974.546737
s8,1543,7175.052509
s8,1544,6885.138626
s8,1545,7070.793231
s8,1546,8933.494970
s8,1547,7008.659157
s8,1548,8153.932121
s8,1549,11124.468626
s8,1550,10640.470752
s8,1551,11119.916445
s8,1552,10878.632547
s8,1553,13278.469925
s8,1554,13872.709211
s8,1555,15169.926646
s8,1556,14144.868776
s8,1557,14344.382674
s8,1558,15314.673792
s8,1559,13528.099829
s8,1560,14814.093765
s8,1561,12674.313010
s8,1562,12193.046400
s8,1563,10447.237438
s8,1564,11181.677227
s8,1565,8571.064395
s8,1566,9231.668210
s8,1567,7265.587618
s8,1568,7587.432002
s8,1569,6519.344502
s8,1570,7880.110739
s8,1571,8851.341215
s8,1572,7867.628368
s8,1573,10386.058579
s8,1574,9945.877780
s8,1575,10235.789175
s8,1576,11897.102821
s8,1577,12186.168489
s8,1578,13388.216552
s8,1579,13338.410541
s8,1580,12801.296154
s8,1581,14947.362084
s8,1582,13960.714257
s8,1583,13053.027349
s8,1584,13081.893377
s8,1585,10737.667224
s8,1586,10614.645647
s8,1587,10288.006244
s8,1588,9782.297100
s8,1589,7939.536001
s8,1590,7636.296995
s8,1591,5052.791483
s8,1592,5950.992699
s8,1593,6463.104952
s8,1594,6909.633011
s8,1595,5366.889654
s8,1596,7999.831564
s8,1597,9396.564622
s8,1598,8527.613479
s8,1599,7986.106232
s8,1600,10669.190723
s8,1601,11463.757301
s8,1602,11311.291693
s8,1603,13172.017522
s8,1604,13744.052615
s8,1605,11651.078430
s8,1606,11381.345619
s8,1607,11885.170002
s8,1608,11904.663939
s8,1609,9196.208608
s8,1610,8565.885584
s8,1611,7916.627000
s8,1612,6486.930437
s8,1613,5982.927304
s8,1614,6112.204650
s8,1615,4083.604396
s8,1616,4913.920252
s8,1617,4235.267514
s8,1618,4148.699893
s8,1619,3665.813260
s8,1620,5472.557669
s8,1621,6453.157566
s8,1622,6314.892217
s8,1623,8541.909021
s8,1624,9527.959465
s8,1625,9738.063357
s8,1626,9668.576619
s8,1627,10782.543912
s8,1628,11878.871662
s8,1629,11920.690960
s8,1630,10979.910764
s8,1631,10454.959399
s8,1632,10544.895037
s8,1633,9678.561125
s8,1634,9024.753644
s8,1635,6456.244226
s8,1636,6231.238693
s8,1637,6111.528523
s8,1638,4149.267447
s8,1639,4237.988928
s8,1640,3268.950491
s8,1641,4472.260435
s8,1642,4920.140469
s8,1643,3954.841958
s8,1644,6770.187158
s8,1645,6432.813046
s8,1646,6506.733066
s8,1647,8121.572283
s8,1648,8362.517877
s8,1649,10395.650295
s8,1650,10273.696679
s8,1651,10322.379644
s8,1652,11146.994142
s8,1653,10506.282044
s8,1654,9601.979681
s8,1655,9875.443663
s8,1656,10761.445629
s8,1657,9172.423369
s8,1658,9016.515843
s8,1659,7453.781806
s8,1660,6860.179650
s8,1661,6300.858024
s8,1662,6025.907264
s8,1663,4151.232958
s8,1664,3972.467854
s8,1665,4625.058468
s8,1666,6000.798489
s8,1667,5492.441335
s8,1668,5832.054097
s8,1669,6708.920984
s8,1670,7620.436680
s8,1671,8373.601124
s8,1672,10519.104220
s8,1673,12209.937715
s8,1674,11822.914524
s8,1675,11159.498294
s8,1676,11278.632132
s8,1677,14251.969672
s8,1678,11391.862296
s8,1679,14121.989811
s8,1680,12159.599544
s8,1681,10977.568948
s8,1682,10875.994648
s8,1683,9365.285914
s8,1684,9709.024969
s8,1685,7282.695232
s8,1686,7209.181357
s8,1687,6084.743886
s8,1688,6612.079119
s8,1689,6813.074598
s8,1690,5453.533848
s8,1691,5685.163568
s8,1692,8343.900202
s8,1693,9037.681900
s8,1694,9774.941744
s8,1695,9915.466210
s8,1696,10588.844627
s8,1697,11631.552104
s8,1698,13203.193701
s8,1699,13062.893355
s8,1700,13439.602098
s8,1701,14594.589730
s8,1702,15460.902310
s8,1703,15291.900886
s8,1704,13451.662646
s8,1705,13378.861058
s8,1706,12013.337722
s8,1707,11001.308193
s8,1708,9741.664258
s8,1709,8494.777488
s8,1710,7851.168800
s8,1711,7902.909367
s8,1712,8509.194060
s8,1713,6345.455704
s8,1714,7126.235273
s8,1715,7103.550357
s8,1716,9119.783845
s8,1717,11267.708733
s8,1718,10708.339600
s8,1719,10334.811980
s8,1720,12637.690197
s8,1721,14658.425041
s8,1722,13306.992180
s8,1723,12730.314934
s8,1724,13265.146054
s8,1725,15194.278927
s8,1726,13228.486224
s8,1727,15409.799749
s8,1728,11788.705772
s8,1729,12665.233447
s8,1730,10873.904575
s8,1731,11518.271180
s8,1732,10163.601945
s8,1733,9459.276736
s8,1734,8767.610047
s8,1735,7014.676380
s8,1736,7335.272119
s8,1737,6445.192253
s8,1738,6988.789582
s8,1739,7776.197912
s8,1740,7905.829595
s8,1741,7902.281563
s8,1742,8824.594362
s8,1743,9854.597197
s8,1744,10811.516997
s8,1745,11596.334038
s8,1746,14201.213579
s8,1747,14293.850608
s8,1748,14168.631469
s8,1749,15021.403571
s8,1750,14133.399347
s8,1751,12902.965520
s8,1752,13459.214272
s8,1753,12114.401971
s8,1754,9165.884839
s8,1755,11434.812222
s8,1756,8604.503304
s8,1757,6434.689526
s8,1758,7951.003849
s8,1759,6419.299847
s8,1760,6041.736059
s8,1761,6856.550763
s8,1762,6532.601704
s8,1763,6468.089912
s8,1764,6942.416345
s8,1765,7573.408222
s8,1766,8205.325822
s8,1767,8192.018954
s8,1768,10938.322931
s8,1769,10934.073510
s8,1770,11521.484264
s8,1771,12664.829728
s8,1772,11836.237737
s8,1773,12062.736279
s8,1774,12656.805203
s8,1775,11496.589771
s8,1776,10144.804962
s8,1777,9323.600543
s8,1778,11362.143261
s8,1779,7705.041533
s8,1780,8795.995441
s8,1781,5621.889485
s8,1782,5654.674191
s8,1783,4419.317496
s8,1784,3488.831590
s8,1785,3997.218311
s8,1786,5950.858117
s8,1787,4139.153749
s8,1788,4528.441878
s8,1789,6356.300122
s8,1790,6150.890077
s8,1791,7227.544978
s8,1792,7662.022026
s8,1793,10348.232279
s8,1794,10837.923966
s8,1795,9025.963771
s8,1796,11665.967925
s8,1797,11022.684556
s8,1798,10949.932154
s8,1799,10015.904859
s8,1800,10109.802155
s8,1801,9613.163252
s8,1802,7594.902346
s8,1803,7224.941316
s8,1804,6234.962609
s8,1805,4775.406992
s8,1806,4230.630917
s8,1807,4006.013036
s8,1808,4396.669601
s8,1809,3178.563801
s8,1810,3873.562683
s8,1811,5052.260061
s8,1812,5976.056577
s8,1813,4640.460483
s8,1814,6831.333874
s8,1815,7478.613733
s8,1816,8223.854214
s8,1817,8997.679259
s8,1818,11594.306052
s8,1819,11663.142303
s8,1820,11071.720838
s8,1821,11467.906509
s8,1822,11201.364635
s8,1823,10743.636820
s8,1824,10931.195245
s8,1825,9210.758215
s8,1826,9248.961729
s8,1827,6707.894997
s8,1828,7075.899722
s8,1829,5970.941120
s8,1830,4940.768395
s8,1831,5190.926718
s8,1832,4702.774226
s8,1833,4333.538398
s8,1834,5807.687425
s8,1835,5185.578847
s8,1836,5822.834064
s8,1837,6420.060460
s8,1838,8625.393050
s8,1839,9544.636836
s8,1840,8086.030628
s8,1841,10112.798481
s8,1842,11874.344970
s8,1843,12947.629295
s8,1844,13018.205493
s8,1845,12716.331646
s8,1846,13792.068476
s8,1847,11970.979861
s8,1848,11883.292507
s8,1849,11089.765319
s8,1850,10340.598352
s8,1851,8650.776595
s8,1852,8263.889037
s8,1853,8182.981287
s8,1854,7740.100234
s8,1855,7113.452839
s8,1856,6591.932700
s8,1857,6017.690482
s8,1858,6935.463284
s8,1859,6901.492385
s8,1860,7717.364940
s8,1861,8803.590701
s8,1862,8827.922657
s8,1863,10889.676898
s8,1864,12314.560485
s8,1865,11211.125647
s8,1866,12973.031026
s8,1867,13543.533782
s8,1868,15386.341980
s8,1869,14413.073244
s8,1870,14664.999353
s8,1871,14399.112440
s8,1872,12684.583828
s8,1873,11528.175206
s8,1874,12479.697219
s8,1875,11670.901717
s8,1876,10447.689854
s8,1877,9560.553811
s8,1878,7705.460572
s8,1879,7170.274428
s8,1880,7408.717007
s8,1881,7833.883988
s8,1882,7287.431314
s8,1883,7734.112442
s8,1884,8963.362297
s8,1885,10596.493742
s8,1886,9156.095134
s8,1887,11134.929349
s8,1888,11151.654191
s8,1889,11797.611491
s8,1890,14724.815735
s8,1891,13683.974896
s8,1892,15040.435928
s8,1893,15682.481450
s8,1894,15187.290377
s8,1895,13512.033311
s8,1896,13889.677778
s8,1897,12743.616626
s8,1898,11340.747613
s8,1899,10638.380652
s8,1900,9502.905347
s8,1901,9752.090487
s8,1902,8209.367897
s8,1903,7328.075990
s8,1904,7569.623765
s8,1905,7449.813535
s8,1906,7729.464528
s8,1907,8393.270795
s8,1908,7671.771706
s8,1909,8573.571391
s8,1910,10685.472021
s8,1911,10249.440431
s8,1912,12193.552897
s8,1913,10849.650591
s8,1914,13164.473462
s8,1915,13041.547308
s8,1916,13796.897197
s8,1917,14281.210658
s8,1918,12284.237149
s8,1919,12141.429356
s8,1920,12568.339604
s8,1921,10855.291613
s8,1922,10926.255235
s8,1923,9779.700232
s8,1924,7927.234792
s8,1925,8445.793891
s8,1926,7483.137321
s8,1927,6648.427496
s8,1928,5499.091693
s8,1929,5366.319876
s8,1930,4818.671490
s8,1931,4674.519530
s8,1932,6486.893467
s8,1933,8023.906193
s8,1934,8139.828430
s8,1935,9659.298928
s8,1936,9694.405427
s8,1937,10582.206404
s8,1938,11274.569917
s8,1939,12987.830161
s8,1940,11496.090185
s8,1941,11855.849959
s8,1942,12701.310855
s8,1943,12390.646809
s8,1944,11435.735189
s8,1945,12074.484457
s8,1946,9062.608072
s8,1947,8143.879048
s8,1948,6694.570293
s8,1949,5949.843520
s8,1950,6700.201692
s8,1951,5568.787494
s8,1952,4150.903434
s8,1953,5248.060551
s8,1954,3696.421592
s8,1955,6116.169509
s8,1956,5049.501612
s8,1957,6691.446492
s8,1958,5982.112163
s8,1959,8010.149523
s8,1960,8496.913652
s8,1961,9477.090889
s8,1962,10278.986244
s8,1963,9630.348920
s8,1964,9960.406563
s8,1965,12276.740554
s8,1966,10184.946638
s8,1967,8965.421721
s8,1968,10315.979519
s8,1969,9178.679100
s8,1970,8375.091631
s8,1971,6942.371815
s8,1972,6823.923479
s8,1973,6118.834909
s8,1974,4530.781315
s8,1975,4442.895716
s8,1976,2361.248834
s8,1977,3535.694931
s8,1978,3232.425240
s8,1979,3477.479183
s8,1980,5675.896434
s8,1981,4176.624162
s8,1982,6884.565494
s8,1983,6659.896167
s8,1984,9491.955593
s8,1985,9674.454865
s8,1986,11019.016884
s8,1987,10734.812867
s8,1988,10219.394574
s8,1989,13216.765302
s8,1990,11160.633016
s8,1991,10076.712454
s8,1992,11160.524117
s8,1993,11161.708268
s8,1994,8748.304899
s8,1995,7462.622668
s8,1996,7408.552767
s8,1997,6751.105713
s8,1998,6122.972857
s8,1999,4682.352281
s8,2000,4622.690796
s8,2001,4953.476364
s8,2002,6330.939651
s8,2003,6273.502409
s8,2004,5568.040640
s8,2005,7186.279259
s8,2006,8469.962727
s8,2007,8419.508227
s8,2008,7700.562857
s8,2009,10917.957471
s8,2010,11239.402922
s8,2011,12451.708690
s8,2012,12950.295711
s8,2013,12933.267781
s8,2014,12745.204636
s8,2015,13204.547294
s8,2016,11504.666635
s8,2017,9990.420323
s8,2018,8564.447281
s8,2019,9782.439728
s8,2020,7475.820669
s8,2021,7562.357294
s8,2022,7057.418725
s8,2023,7130.656954
s8,2024,6920.016039
s8,2025,6290.697254
s8,2026,6526.170095
s8,2027,8207.792365
s8,2028,6045.925036
s8,2029,8335.708525
s8,2030,8863.796444
s8,2031,10384.147167
s8,2032,12848.607196
s8,2033,12073.192607
s8,2034,12309.464074
s8,2035,12763.384584
s8,2036,14214.764340
s8,2037,13837.539710
s8,2038,13466.464988
s8,2039,14762.975683
s8,2040,14885.951055
s8,2041,12178.489869
s8,2042,11023.350510
s8,2043,11222.172791
s8,2044,9564.491748
s8,2045,9627.982510
s8,2046,9123.223302
s8,2047,8125.237332
s8,2048,7576.263616
s8,2049,6733.000587
s8,2050,8333.967528
s8,2051,8933.047693
s8,2052,7627.462913
s8,2053,9042.885797
s8,2054,10796.786916
s8,2055,11581.154081
s8,2056,13237.148379
s8,2057,12479.831709
s8,2058,13787.835565
s8,2059,14504.644481
s8,2060,14854.628921
s8,2061,15755.291947
s8,2062,15365.508002
s8,2063,15440.001267
s8,2064,13658.740147
s8,2065,12495.684059
s8,2066,12584.492775
s8,2067,11284.563074
s8,2068,9143.258107
s8,2069,8203.148790
s8,2070,8464.145942
s8,2071,8453.120349
s8,2072,6606.196290
s8,2073,8565.742918
s8,2074,7802.819509
s8,2075,7746.258720
s8,2076,9203.585675
s8,2077,9116.439189
s8,2078,8837.459758
s8,2079,10476.447099
s8,2080,12376.198576
s8,2081,13221.831926
s8,2082,12899.515329
s8,2083,13623.871630
s8,2084,13966.776962
s8,2085,12583.588662
s8,2086,13231.130753
s8,2087,12827.870119
s8,2088,13224.466292
s8,2089,10776.651154
s8,2090,11363.887158
s8,2091,9595.878824
s8,2092,8576.340414
s8,2093,6365.297803
s8,2094,8132.297085
s8,2095,8055.993497
s8,2096,4760.335179
s8,2097,5436.596186
s8,2098,4162.479172
s8,2099,6220.267982
s8,2100,6856.929228
s8,2101,7635.306755
s8,2102,7244.540024
s8,2103,10796.897447
s8,2104,10822.322429
s8,2105,9666.261147
s8,2106,10999.714823
s8,2107,11861.046928
s8,2108,12292.727531
s8,2109,13665.368948
s8,2110,11307.518254
s8,2111,11239.118592
s8,2112,10752.412071
s8,2113,9907.741206
s8,2114,9087.327718
s8,2115,8383.963293
s8,2116,8505.614164
s8,2117,7249.127824
s8,2118,5720.122167
s8,2119,3679.502575
s8,2120,3669.851063
s8,2121,3539.447398
s8,2122,4262.340115
s8,2123,3863.705903
s8,2124,4835.416525
s8,2125,6700.908221
s8,2126,7921.160287
s8,2127,7736.626508
s8,2128,9928.983195
s8,2129,7482.898245
s8,2130,10332.394099
s8,2131,10424.616915
s8,2132,11757.352349
s8,2133,11134.793071
s8,2134,11229.179309
s8,2135,11009.112982
s8,2136,9843.759016
s8,2137,9632.465576
s8,2138,7905.494046
s8,2139,6337.292621
s8,2140,5811.983896
s8,2141,5564.970550
s8,2142,4310.797735
s8,2143,3571.553832
s8,2144,2493.064892
s8,2145,3026.366515
s8,2146,4374.536590
s8,2147,4621.680764
s8,2148,5545.396651
s8,2149,5454.832835
s8,2150,6537.413981
s8,2151,8231.953513
s8,2152,7826.100192
s8,2153,11869.763083
s8,2154,9544.301996
s8,2155,11364.425418
s8,2156,12524.141068
s8,2157,10883.378594
s8,2158,9342.301608
s8,2159,9746.376828
s8,2160,8631.962545
s8,2161,7823.998751
s8,2162,10126.068700
s8,2163,8508.566438
s8,2164,7530.007236
s8,2165,5345.235754
s8,2166,5413.809501
s8,2167,4512.080538
s8,2168,4385.188084
s8,2169,4373.969506
s8,2170,5624.682173
s8,2171,5528.907648
s8,2172,6096.907521
s8,2173,6664.621295
s8,2174,6549.988510
s8,2175,9169.628853
s8,2176,9913.068146
s8,2177,12194.057369
s8,2178,10187.700711
s8,2179,11461.294606
s8,2180,12662.661794
s8,2181,13115.004219
s8,2182,13072.454695
s8,2183,12279.292211
s8,2184,11335.863217
s8,2185,11138.485102
s8,2186,11615.524159
s8,2187,10061.427942
s8,2188,7485.753623
s8,2189,7234.393094
s8,2190,5636.755777
s8,2191,5580.782677
s8,2192,6898.447674
s8,2193,7194.565386
s8,2194,5908.929513
s8,2195,7442.498335
s8,2196,6662.818808
s8,2197,9219.423276
s8,2198,9113.922940
s8,2199,10304.362979
s8,2200,10833.756077
s8,2201,11945.731464
s8,2202,14627.596423
s8,2203,14116.394225
s8,2204,14670.672061
s8,2205,14055.025372
s8,2206,13961.955755
s8,2207,13563.000217
s8,2208,12552.396410
s8,2209,13037.690273
s8,2210,10842.259663
s8,2211,11216.468347
s8,2212,10899.696947
s8,2213,9567.463281
s8,2214,7420.253257
s8,2215,8949.256014
s8,2216,6736.002173
s8,2217,7148.225584
s8,2218,7128.447196
s8,2219,7253.897741
s8,2220,7793.744957
s8,2221,9043.428368
s8,2222,10294.069548
s8,2223,11414.266594
s8,2224,11150.408179
s8,2225,14314.180662
s8,2226,14076.702449
s8,2227,14543.390321
s8,2228,14870.732221
s8,2229,15458.966488
s8,2230,15056.914756
s8,2231,14462.476888
s8,2232,12995.321061
s8,2233,13333.786036
s8,2234,11872.039170
s8,2235,10884.929760
s8,2236,9663.924682
s8,2237,9303.048244
s8,2238,8580.766120
s8,2239,7906.301718
s8,2240,8561.005903
s8,2241,7828.586530
s8,2242,7378.070308
s8,2243,8038.744213
s8,2244,7000.607913
s8,2245,9663.528740
s8,2246,9519.140547
s8,2247,10200.069951
s8,2248,12149.613776
s8,2249,11721.864198
s8,2250,13720.239509
s8,2251,13196.443047
s8,2252,12903.767523
s8,2253,13848.267810
s8,2254,14398.466920
s8,2255,12863.081647
s8,2256,13093.991275
s8,2257,11690.820108
s8,2258,10799.292328
s8,2259,10497.002518
s8,2260,8766.016221
s8,2261,9913.448529
s8,2262,6738.315205
s8,2263,5676.563931
s8,2264,4448.859791
s8,2265,4853.523885
s8,2266,5836.535592
s8,2267,4855.571651
s8,2268,5661.182235
s8,2269,7819.995198
s8,2270,8112.134887
s8,2271,8498.976892
s8,2272,8793.490604
s8,2273,10290.886238
s8,2274,11421.750745
s8,2275,11846.704363
s8,2276,12159.058997
s8,2277,12107.450010
s8,2278,11790.879157
s8,2279,11898.519833
s8,2280,11676.419635
s8,2281,10597.387803
s8,2282,8720.480264
s8,2283,8756.973570
s8,2284,7482.441700
s8,2285,6544.488260
s8,2286,5874.780835
s8,2287,5253.453434
s8,2288,3555.869971
s8,2289,4249.337000
s8,2290,4085.602088
s8,2291,3944.824837
s8,2292,7545.132270
s8,2293,5846.197207
s8,2294,6345.552253
s8,2295,8265.630202
s8,2296,8597.623129
s8,2297,9242.903301
s8,2298,10537.672660
s8,2299,11384.089305
s8,2300,11491.023869
s8,2301,11832.936996
s8,2302,10423.717760
s8,2303,9923.479228
s8,2304,11040.925911
s8,2305,8374.406324
s8,2306,8670.614544
s8,2307,6965.259255
s8,2308,5271.982641
s8,2309,5878.637464
s8,2310,5296.691690
s8,2311,2381.471999
s8,2312,3161.597310
s8,2313,3790.373875
s8,2314,2361.444898
s8,2315,4676.052241
s8,2316,3303.965293
s8,2317,6830.495598
s8,2318,5865.843220
s8,2319,7751.409472
s8,2320,7572.144388
s8,2321,10530.713993
s8,2322,9955.645131
s8,2323,10205.327086
s8,2324,11358.334979
s8,2325,11172.209097
s8,2326,9078.063740
s8,2327,10425.887645
s8,2328,10466.545013
s8,2329,8852.716003
s8,2330,8836.552133
s8,2331,7574.084645
s8,2332,7469.049741
s8,2333,5652.273731
s8,2334,6503.547446
s8,2335,4413.778490
s8,2336,4539.168876
s8,2337,4217.909387
s8,2338,3922.601123
s8,2339,5165.930754
s8,2340,5458.338149
s8,2341,7435.194703
s8,2342,7724.612498
s8,2343,9516.108630
s8,2344,10521.886486
s8,2345,10475.338946
s8,2346,11485.021739
s8,2347,14260.589211
s8,2348,13385.372270
s8,2349,13009.738266
s8,2350,14015.156736
s8,2351,11842.125539
s8,2352,10632.787011
s8,2353,11841.808767
s8,2354,9960.871212
s8,2355,8122.953910
s8,2356,7892.412509
s8,2357,7713.048337
s8,2358,6187.834576
s8,2359,6547.939495
s8,2360,6737.375794
s8,2361,6586.335577
s8,2362,7281.777757
s8,2363,5803.861831
s8,2364,9313.526393
s8,2365,6833.211414
s8,2366,8843.269726
s8,2367,9523.745093
s8,2368,11909.181534
s8,2369,12578.485435
s8,2370,14223.022583
s8,2371,14565.479993
s8,2372,14798.934952
s8,2373,14296.978757
s8,2374,14516.306493
s8,2375,13629.315021
s8,2376,14103.452608
s8,2377,13052.301673
s8,2378,12643.666297
s8,2379,10867.262013
s8,2380,9708.447819
s8,2381,9431.328592
s8,2382,7919.239328
s8,2383,7561.649797
s8,2384,6754.630509
s8,2385,7776.135156
s8,2386,7738.510685
s8,2387,7487.134575
s8,2388,10146.119738
s8,2389,9857.979725
s8,2390,10178.620889
s8,2391,10639.410043
s8,2392,11646.098773
s8,2393,13053.659608
s8,2394,12654.286341
s8,2395,13769.574128
s8,2396,14932.518833
s8,2397,15493.899478
s8,2398,13782.893262
s8,2399,15121.658545
s8,2400,14211.471097
s8,2401,12002.588737
s8,2402,10775.974184
s8,2403,11313.771495
s8,2404,10376.370899
s8,2405,8805.467087
s8,2406,8780.049356
s8,2407,10003.788480
s8,2408,7251.382514
s8,2409,8216.357967
s8,2410,6907.909397
s8,2411,6604.570336
s8,2412,7459.349092
s8,2413,7790.118547
s8,2414,10631.462066
s8,2415,10949.251078
s8,2416,12006.558504
s8,2417,12939.306518
s8,2418,12665.144446
s8,2419,13773.505172
s8,2420,13607.884930
s8,2421,13708.619380
s8,2422,12935.598904
s8,2423,12099.608383
s8,2424,12594.406119
s8,2425,11131.885686
s8,2426,10223.775813
s8,2427,10458.474802
s8,2428,8830.195773
s8,2429,7751.919492
s8,2430,6796.491881
s8,2431,6261.754170
s8,2432,6705.352421
s8,2433,5521.677299
s8,2434,7157.511266
s8,2435,7287.947565
s8,2436,5821.652603
s8,2437,7241.822832
s8,2438,9040.306574
s8,2439,8662.202767
s8,2440,8911.815878
s8,2441,11144.704946
s8,2442,12653.400834
s8,2443,10862.332766
s8,2444,13145.565813
s8,2445,11366.318521
s8,2446,11476.525571
s8,2447,11968.886369
s8,2448,10693.791504
s8,2449,9693.189584
s8,2450,8832.879172
s8,2451,6708.953785
s8,2452,8164.400863
s8,2453,5809.753677
s8,2454,4549.210254
s8,2455,3867.356243
s8,2456,4748.773298
s8,2457,4426.359811
s8,2458,3007.013046
s8,2459,4316.517834
s8,2460,4177.984052
s8,2461,6309.025552
s8,2462,6398.998820
s8,2463,8265.439072
s8,2464,9223.098029
s8,2465,10405.481153
s8,2466,10013.027439
s8,2467,10474.611404
s8,2468,11256.920704
s8,2469,11905.824554
s8,2470,10726.786613
s8,2471,10242.012014
s8,2472,10681.083816
s8,2473,7786.098059
s8,2474,9326.470346
s8,2475,7160.823523
s8,2476,6547.053026
s8,2477,6237.208036
s8,2478,4044.687970
s8,2479,4309.225198
s8,2480,4688.976825
s8,2481,3953.235077
s8,2482,4473.873116
s8,2483,3819.817292
s8,2484,5520.131319
s8,2485,5930.697215
s8,2486,6405.658450
s8,2487,6718.833866
s8,2488,8999.427464
s8,2489,8790.682824
s8,2490,10597.552187
s8,2491,12031.403996
s8,2492,11037.834062
s8,2493,11699.105257
s8,2494,10469.350699
s8,2495,11501.252678
s8,2496,8787.336320
s8,2497,9593.638426
s8,2498,7846.682527
s8,2499,7062.435221
s8,2500,6166.354304
s8,2501,7269.095550
s8,2502,4698.777894
s8,2503,5938.588342
s8,2504,4532.607824
s8,2505,4061.868178
s8,2506,4760.300582
s8,2507,5143.828276
s8,2508,5864.517869
s8,2509,7573.505070
s8,2510,6523.120181
s8,2511,9040.202246
s8,2512,9814.317255
s8,2513,11081.696239
s8,2514,11035.040054
s8,2515,13559.787173
s8,2516,12900.225954
s8,2517,12081.010828
s8,2518,12345.138626
s8,2519,12145.592297
s8,2520,11417.390767
s8,2521,11757.919543
s8,2522,9395.263842
s8,2523,11209.631353
s8,2524,8089.214035
s8,2525,7499.355204
s8,2526,6822.773134
s8,2527,6900.049276
s8,2528,4607.789508
s8,2529,6143.387737
s8,2530,6970.303486
s8,2531,6614.647134
s8,2532,7894.926264
s8,2533,9749.450801
s8,2534,8609.800403
s8,2535,9803.191665
s8,2536,11420.569028
s8,2537,12512.875033
s8,2538,13121.185401
s8,2539,13121.536839
s8,2540,13628.794608
s8,2541,13917.760011
s8,2542,14511.119574
s8,2543,15712.272437
s8,2544,13312.473553
s8,2545,11347.064872
s8,2546,12887.745004
s8,2547,10392.287623
s8,2548,10364.945751
s8,2549,9258.231426
s8,2550,8158.848994
s8,2551,7785.622677
s8,2552,5786.908832
s8,2553,8102.209724
s8,2554,5651.669970
s8,2555,9046.408829
s8,2556,8499.527701
s8,2557,7933.031785
s8,2558,10579.085160
s8,2559,12624.738441
s8,2560,13545.414564
s8,2561,13567.265980
s8,2562,14353.819054
s8,2563,14673.990076
s8,2564,15472.752271
s8,2565,14707.392955
s8,2566,15232.251369
s8,2567,13378.717084
s8,2568,13962.898309
s8,2569,11834.825608
s8,2570,11043.738441
s8,2571,11963.855853
s8,2572,10122.718117
s8,2573,10523.945830
s8,2574,7497.167115
s8,2575,6264.376207
s8,2576,6509.454673
s8,2577,7870.649445
s8,2578,7849.876068
s8,2579,6596.112203
s8,2580,7826.883967
s8,2581,9090.501948
s8,2582,9512.472111
s8,2583,9149.555898
s8,2584,13655.725933
s8,2585,14103.819126
s8,2586,13822.091937
s8,2587,12910.806553
s8,2588,12626.054882
s8,2589,14585.388992
s8,2590,14200.354914
s8,2591,14155.366228
s8,2592,13595.305577
s8,2593,11548.218975
s8,2594,10540.362165
s8,2595,9864.213342
s8,2596,8517.873493
s8,2597,6880.540216
s8,2598,6965.250413
s8,2599,7325.228867
s8,2600,5996.308185
s8,2601,6045.612362
s8,2602,7358.218471
s8,2603,5781.036328
s8,2604,6793.124395
s8,2605,7332.060321
s8,2606,8327.847452
s8,2607,9534.687695
s8,2608,9359.802284
s8,2609,10840.325151
s8,2610,13347.522558
s8,2611,11301.951625
s8,2612,12605.268839
s8,2613,13481.721430
s8,2614,13756.134978
s8,2615,12332.698853
s8,2616,10251.120945
s8,2617,9933.609133
s8,2618,10188.315522
s8,2619,9139.370279
s8,2620,6718.423528
s8,2621,6171.074265
s8,2622,6488.902054
s8,2623,4014.705976
s8,2624,5575.273364
s8,2625,2854.984158
s8,2626,3563.778132
s8,2627,5202.972478
s8,2628,5713.183596
s8,2629,5276.096750
s8,2630,8364.161413
s8,2631,7275.707789
s8,2632,9104.773304
s8,2633,11082.968487
s8,2634,10779.171300
s8,2635,11815.155352
s8,2636,10317.447520
s8,2637,10846.984851
s8,2638,10086.895649
s8,2639,10824.244262
s8,2640,9964.526532
s8,2641,8638.592482
s8,2642,8760.525287
s8,2643,6936.975687
s8,2644,7280.983370
s8,2645,5816.158693
s8,2646,4307.077169
s8,2647,4731.598837
s8,2648,3986.693475
s8,2649,4951.259609
s8,2650,3151.805320
s8,2651,5162.955064
s8,2652,4883.298256
s8,2653,5164.253263
s8,2654,7473.102558
s8,2655,6937.788664
s8,2656,8497.514507
s8,2657,9741.877680
s8,2658,10960.662830
s8,2659,11092.671485
s8,2660,10661.199971
s8,2661,11767.752736
s8,2662,10102.797758
s8,2663,9688.384979
s8,2664,9527.874453
s8,2665,10058.835941
s8,2666,8092.661275
s8,2667,8038.571338
s8,2668,6771.193994
s8,2669,5654.322585
s8,2670,5274.371748
s8,2671,6263.081415
s8,2672,5387.518173
s8,2673,4591.095121
s8,2674,4701.831623
s8,2675,3713.610895
s8,2676,6934.996842
s8,2677,6986.987200
s8,2678,8382.919160
s8,2679,9939.234581
s8,2680,9545.608082
s8,2681,12152.742267
s8,2682,10365.584350
s8,2683,11881.585901
s8,2684,11987.356150
s8,2685,12219.962026
s8,2686,13708.724500
s8,2687,12888.015142
s8,2688,12426.183830
s8,2689,10584.799575
s8,2690,10522.409145
s8,2691,8083.216201
s8,2692,8956.458888
s8,2693,6500.397399
s8,2694,6465.307917
s8,2695,5613.099128
s8,2696,6523.848892
s8,2697,5329.257141
s8,2698,6777.106513
s8,2699,7289.098439
s8,2700,6415.146299
s8,2701,9467.839806
s8,2702,9876.557732
s8,2703,9959.724522
s8,2704,11030.005761
s8,2705,12253.587030
s8,2706,13384.296957
s8,2707,13921.122233
s8,2708,13578.329294
s8,2709,14858.410702
s8,2710,13826.869444
s8,2711,13636.034060
s8,2712,12673.918899
s8,2713,13115.748938
s8,2714,12223.250611
s8,2715,11597.375188
s8,2716,9232.435980
s8,2717,8926.552677
s8,2718,8656.947420
s8,2719,6908.006767
s8,2720,6479.354175
s8,2721,7686.574732
s8,2722,6796.579084
s8,2723,7740.817575
s8,2724,7898.764685
s8,2725,10375.750440
s8,2726,10839.215211
s8,2727,11508.917995
s8,2728,13003.063358
s8,2729,13233.993784
s8,2730,13494.648508
s8,2731,16076.116987
s8,2732,14340.882135
s8,2733,17524.676681
s8,2734,14243.152149
s8,2735,14847.471442
s8,2736,12325.880883
s8,2737,13146.216242
s8,2738,11645.212765
s8,2739,10561.830529
s8,2740,9753.910878
s8,2741,8707.160362
s8,2742,8666.353223
s8,2743,9028.163807
s8,2744,6815.824531
s8,2745,5776.478295
s8,2746,6696.816378
s8,2747,7514.749157
s8,2748,7520.143343
s8,2749,9244.777403
s8,2750,9394.689635
s8,2751,11542.836538
s8,2752,11816.742897
s8,2753,12850.759755
s8,2754,12869.945893
s8,2755,13773.587990
s8,2756,13409.829459
s8,2757,14491.428808
s8,2758,13763.080060
s8,2759,12547.594725
s8,2760,13561.291503
s8,2761,11445.139878
s8,2762,11268.209392
s8,2763,9786.049447
s8,2764,9772.180890
s8,2765,7566.677877
s8,2766,6813.089232
s8,2767,6542.832181
s8,2768,5133.032986
s8,2769,5759.739856
s8,2770,6293.910782
s8,2771,5970.148454
s8,2772,6655.281541
s8,2773,7240.996022
s8,2774,8773.925791
s8,2775,9523.179605
s8,2776,10822.581765
s8,2777,10626.130669
s8,2778,12581.740779
s8,2779,11911.956580
s8,2780,12677.473499
s8,2781,11656.879480
s8,2782,10954.326108
s8,2783,12138.298147
s8,2784,10105.356669
s8,2785,11103.102301
s8,2786,8037.116670
s8,2787,7100.401029
s8,2788,6045.693153
s8,2789,6295.373660
s8,2790,4644.978146
s8,2791,4111.082229
s8,2792,4836.361590
s8,2793,3402.275744
s8,2794,4560.572798
s8,2795,5974.077250
s8,2796,4534.994280
s8,2797,4629.184649
s8,2798,7926.254956
s8,2799,8293.202122
s8,2800,7416.752429
s8,2801,9707.892810
s8,2802,8762.445596
s8,2803,11428.736179
s8,2804,11932.606608
s8,2805,10314.513781
s8,2806,11809.819840
s8,2807,10853.130664
s8,2808,10596.734059
s8,2809,9818.532707
s8,2810,7878.249142
s8,2811,7818.850559
s8,2812,6400.805836
s8,2813,5902.338877
s8,2814,4029.455641
s8,2815,2513.644924
s8,2816,5921.019140
s8,2817,3254.931376
s8,2818,3502.298213
s8,2819,2942.967457
s8,2820,6063.711031
s8,2821,4765.293647
s8,2822,5436.605510
s8,2823,7146.097947
s8,2824,8864.453115
s8,2825,9543.711048
s8,2826,8767.609991
s8,2827,11848.547559
s8,2828,12466.235119
s8,2829,11927.841641
s8,2830,11245.268966
s8,2831,11108.580462
s8,2832,12079.854162
s8,2833,8976.340530
s8,2834,9154.402616
s8,2835,7881.525817
s8,2836,6546.728600
s8,2837,6022.932005
s8,2838,5252.624553
s8,2839,6444.695574
s8,2840,5288.927591
s8,2841,3894.205278
s8,2842,4016.906521
s8,2843,5118.532625
s8,2844,6864.098707
s8,2845,7042.960162
s8,2846,8375.168920
s8,2847,9797.555656
s8,2848,9660.953364
s8,2849,11516.937959
s8,2850,11953.739597
s8,2851,13235.886544
s8,2852,12981.020634
s8,2853,14347.499253
s8,2854,12627.567026
s8,2855,12532.047993
s8,2856,11293.324124
s8,2857,11551.999174
s8,2858,10494.024876
s8,2859,7720.460991
s8,2860,7107.039954
s8,2861,6742.907884
s8,2862,6420.971559
s8,2863,7734.255507
s8,2864,6137.100429
s8,2865,6109.413918
s8,2866,6759.352182
s8,2867,7133.186751
s8,2868,8465.176901
s8,2869,8324.950024
s8,2870,8917.204281
s8,2871,10791.065614
s8,2872,12258.994068
s8,2873,12476.885933
s8,2874,12666.911189
s8,2875,13979.384373
s8,2876,13988.209737
s8,2877,13719.850828
s8,2878,15062.988868
s8,2879,13291.979887
s8,2880,12863.788077
s8,2881,11695.701002
s8,2882,11439.430057
s8,2883,11255.733905
s8,2884,8918.185551
s8,2885,9222.467926
s8,2886,8074.149739
s8,2887,7086.386816
s8,2888,9350.838830
s8,2889,7442.997194
s8,2890,7772.957048
s8,2891,6741.146804
s8,2892,10504.071978
s8,2893,9616.075659
s8,2894,10523.077203
s8,2895,12199.057873
s8,2896,12202.700567
s8,2897,13213.897991
s8,2898,12974.447393
s8,2899,14041.307589
s8,2900,14371.253719
s8,2901,15545.697213
s8,2902,15845.726536
s8,2903,13392.793082
s8,2904,14338.296602
s8,2905,13346.428863
s8,2906,11964.384109
s8,2907,10867.810074
s8,2908,10140.091178
s8,2909,8885.599137
s8,2910,9715.496718
s8,2911,6633.295293
s8,2912,7430.417843
s8,2913,8036.645675
s8,2914,7784.136171
s8,2915,7852.421016
s8,2916,9174.294424
s8,2917,9471.476643
s8,2918,10915.335256
s8,2919,11571.311450
s8,2920,11869.615967
s8,2921,12770.787477
s8,2922,13640.030901
s8,2923,12751.931275
s8,2924,13867.064943
s8,2925,14671.015112
s8,2926,13563.507689
s8,2927,13499.519850
s8,2928,12690.507076
s8,2929,11993.033684
s8,2930,10006.225958
s8,2931,9866.679141
s8,2932,9393.973443
s8,2933,6417.241537
s8,2934,5283.936893
s8,2935,6172.269900
s8,2936,5973.573350
s8,2937,6037.022802
s8,2938,6581.646970
s8,2939,5558.801490
s8,2940,7050.865571
s8,2941,8057.415369
s8,2942,8778.705020
s8,2943,8607.306962
s8,2944,9624.885964
s8,2945,10855.775563
s8,2946,11921.017092
s8,2947,12126.649564
s8,2948,11563.184953
s8,2949,13209.198374
s8,2950,13186.114549
s8,2951,13259.378996
s8,2952,10687.685903
s8,2953,10062.602523
s8,2954,9581.435984
s8,2955,7178.977830
s8,2956,6414.664918
s8,2957,5338.956715
s8,2958,6167.768332
s8,2959,5109.162656
s8,2960,3946.864732
s8,2961,3211.249554
s8,2962,4042.219603
s8,2963,5619.135354
s8,2964,5365.235013
s8,2965,6887.821365
s8,2966,6929.362798
s8,2967,8991.968193
s8,2968,8443.001028
s8,2969,9507.210133
s8,2970,10408.360869
s8,2971,10363.405920
s8,2972,10991.215567
s8,2973,11050.832234
s8,2974,10475.743828
s8,2975,11649.458485
s8,2976,10268.737194
s8,2977,8453.119379
s8,2978,7585.570304
s8,2979,7292.348047
s8,2980,5635.066624
s8,2981,6421.361718
s8,2982,5426.665571
s8,2983,3895.247610
s8,2984,4562.604910
s8,2985,3181.207827
s8,2986,3880.168399
s8,2987,4420.467341
s8,2988,3509.696671
s8,2989,6176.830002
s8,2990,7241.522093
s8,2991,7214.993330
s8,2992,9811.861205
s8,2993,9726.105453
s8,2994,10005.412184
s8,2995,12247.537614
s8,2996,12070.406575
s8,2997,11272.385117
s8,2998,12785.252069
s8,2999,12374.459620
s8,3000,10218.609264
s8,3001,10217.192886
s8,3002,10318.624632
s8,3003,5849.176000
s8,3004,8124.752972
s8,3005,5678.728884
s8,3006,4366.940235
s8,3007,6091.219264
s8,3008,4116.094123
s8,3009,3206.623826
s8,3010,5403.267160
s8,3011,4136.436675
s8,3012,6120.606193
s8,3013,6604.624391
s8,3014,8061.564623
s8,3015,8726.646648
s8,3016,8973.537748
s8,3017,10602.852396
s8,3018,11637.162909
s8,3019,12503.850259
s8,3020,12844.051750
s8,3021,12317.722555
s8,3022,12197.927568
s8,3023,12302.869619
s8,3024,11683.535686
s8,3025,13289.003880
s8,3026,10766.415586
s8,3027,9716.439748
s8,3028,9197.326868
s8,3029,8002.788031
s8,3030,8202.935373
s8,3031,6208.326678
s8,3032,6382.613422
s8,3033,5404.368160
s8,3034,6666.663236
s8,3035,6595.536866
s8,3036,5935.105690
s8,3037,7823.648590
s8,3038,10353.969107
s8,3039,10768.608945
s8,3040,11888.766092
s8,3041,12112.612692
s8,3042,14556.403410
s8,3043,14252.751766
s8,3044,13344.306589
s8,3045,13840.571335
s8,3046,15060.448959
s8,3047,13265.439766
s8,3048,14093.924597
s8,3049,13728.512920
s8,3050,10511.894122
s8,3051,10358.706603
s8,3052,9901.067072
s8,3053,8960.836928
s8,3054,8293.327979
s8,3055,8430.213787
s8,3056,8263.313727
s8,3057,7797.678737
s8,3058,7348.553691
s8,3059,8249.796391
s8,3060,8917.531895
s8,3061,9359.081483
s8,3062,9884.262792
s8,3063,10704.130083
s8,3064,12795.424908
s8,3065,13243.093705
s8,3066,13452.552505
s8,3067,14233.132936
s8,3068,15904.436669
s8,3069,14191.242328
s8,3070,14630.172832
s8,3071,15058.971920
s8,3072,13674.050983
s8,3073,11499.585863
s8,3074,12281.749934
s8,3075,10264.040661
s8,3076,10062.292252
s8,3077,8883.868914
s8,3078,9519.382404
s8,3079,7788.422936
s8,3080,6695.851226
s8,3081,7269.166788
s8,3082,7277.986110
s8,3083,7501.865601
s8,3084,9519.017369
s8,3085,9537.751777
s8,3086,9982.337762
s8,3087,9562.302036
s8,3088,11089.360865
s8,3089,14133.951399
s8,3090,14030.128715
s8,3091,14356.947909
s8,3092,14406.150872
s8,3093,12929.129060
s8,3094,13867.144364
s8,3095,14073.402048
s8,3096,12968.560025
s8,3097,11414.604835
s8,3098,11191.520915
s8,3099,10445.360407
s8,3100,7915.033456
s8,3101,6939.751426
s8,3102,6402.373914
s8,3103,5051.892712
s8,3104,4984.171889
s8,3105,4896.620057
s8,3106,4749.190891
s8,3107,5699.072586
s8,3108,5625.082948
s8,3109,6613.961254
s8,3110,8810.238189
s8,3111,9129.345358
s8,3112,9989.743077
s8,3113,10635.798261
s8,3114,11391.548070
s8,3115,12119.265175
s8,3116,13362.454382
s8,3117,11916.259016
s8,3118,11637.804795
s8,3119,11402.578345
s8,3120,11499.594289
s8,3121,10019.211602
s8,3122,10097.730258
s8,3123,8589.199004
s8,3124,7105.303990
s8,3125,6831.401894
s8,3126,6188.412765
s8,3127,3997.573136
s8,3128,5220.981632
s8,3129,4619.802208
s8,3130,3389.595369
s8,3131,4074.275627
s8,3132,4471.649538
s8,3133,6677.003466
s8,3134,7596.609344
s8,3135,9085.167030
s8,3136,8654.737238
s8,3137,11885.580588
s8,3138,10894.344082
s8,3139,10735.430917
s8,3140,11013.710345
s8,3141,11165.059821
s8,3142,10363.330339
s8,3143,11206.269388
s8,3144,9646.225107
s8,3145,9319.873624
s8,3146,9277.725976
s8,3147,7729.129098
s8,3148,6731.138079
s8,3149,5071.277943
s8,3150,5706.982343
s8,3151,3872.177157
s8,3152,3837.639162
s8,3153,5188.991520
s8,3154,2488.523704
s8,3155,4913.580708
s8,3156,4901.046266
s8,3157,4614.698102
s8,3158,6614.394893
s8,3159,8309.071218
s8,3160,8426.934383
s8,3161,10362.793722
s8,3162,10078.916994
s8,3163,11378.465947
s8,3164,10813.187213
s8,3165,9619.801247
s8,3166,11100.883732
s8,3167,9127.439468
s8,3168,10465.855545
s8,3169,10145.567999
s8,3170,10241.721211
s8,3171,8177.431279
s8,3172,6375.852707
s8,3173,7278.811446
s8,3174,5248.442123
s8,3175,5887.058726
s8,3176,4534.777445
s8,3177,3448.220773
s8,3178,4216.550828
s8,3179,4678.555125
s8,3180,6206.162545
s8,3181,7237.376594
s8,3182,7246.940159
s8,3183,8468.951240
s8,3184,8770.231808
s8,3185,10802.587869
s8,3186,11360.889543
s8,3187,10835.133067
s8,3188,13051.528551
s8,3189,13445.084807
s8,3190,12519.721755
s8,3191,13229.458086
s8,3192,13284.385812
s8,3193,12756.924391
s8,3194,10652.903356
s8,3195,9467.055967
s8,3196,9060.170270
s8,3197,8798.806771
s8,3198,7324.165804
s8,3199,7063.111862
s8,3200,5480.738390
s8,3201,6795.772240
s8,3202,6932.235357
s8,3203,6882.690242
s8,3204,7457.346831
s8,3205,8245.022954
s8,3206,9729.934853
s8,3207,10357.820992
s8,3208,11743.681282
s8,3209,12976.207182
s8,3210,12997.096831
s8,3211,14174.719888
s8,3212,13752.587620
s8,3213,13928.390140
s8,3214,13956.055139
s8,3215,13305.179097
s8,3216,13012.980372
s8,3217,12767.806601
s8,3218,11670.884472
s8,3219,10058.357253
s8,3220,10074.875763
s8,3221,9055.901168
s8,3222,8892.992038
s8,3223,7503.731338
s8,3224,7555.702519
s8,3225,6854.281229
s8,3226,6983.719763
s8,3227,8441.600785
s8,3228,8999.659230
s8,3229,9534.424543
s8,3230,9507.506146
s8,3231,12716.553358
s8,3232,12177.795840
s8,3233,13034.329162
s8,3234,14782.202501
s8,3235,13104.689210
s8,3236,15376.975943
s8,3237,14684.844848
s8,3238,14260.942463
s8,3239,15043.667162
s8,3240,12573.605619
s8,3241,12021.804275
s8,3242,12843.613406
s8,3243,8975.178900
s8,3244,9590.960040
s8,3245,8356.133704
s8,3246,8061.730829
s8,3247,7314.180122
s8,3248,6872.263798
s8,3249,7630.942581
s8,3250,7303.394725
s8,3251,7547.051513
s8,3252,7115.715925
s8,3253,9385.184391
s8,3254,10536.867378
s8,3255,10322.195214
s8,3256,12092.531406
s8,3257,12338.700030
s8,3258,13043.952783
s8,3259,14833.886333
s8,3260,14661.949493
s8,3261,14513.560474
s8,3262,13455.086032
s8,3263,13031.369128
s8,3264,11590.275216
s8,3265,11372.368998
s8,3266,10796.358081
s8,3267,9078.797113
s8,3268,9783.122474
s8,3269,8294.754335
s8,3270,7360.599717
s8,3271,5991.368844
s8,3272,7346.032945
s8,3273,5676.563477
s8,3274,5489.823401
s8,3275,6761.041668
s8,3276,7235.658220
s8,3277,7828.922491
s8,3278,8450.369827
s8,3279,9393.985232
s8,3280,9723.759865
s8,3281,10861.409498
s8,3282,12582.949198
s8,3283,12119.465475
s8,3284,12549.379933
s8,3285,13319.142240
s8,3286,12082.613637
s8,3287,12201.164389
s8,3288,10451.173439
s8,3289,11041.089864
s8,3290,9992.789616
s8,3291,8849.174403
s8,3292,7899.490793
s8,3293,6053.767346
s8,3294,6042.355743
s8,3295,3893.254790
s8,3296,3361.606724
s8,3297,3848.133999
s8,3298,3476.101468
s8,3299,4742.429394
s8,3300,6453.734666
s8,3301,5474.523950
s8,3302,6649.997019
s8,3303,7076.786677
s8,3304,9343.954124
s8,3305,10236.669328
s8,3306,10754.994970
s8,3307,10821.021887
s8,3308,11478.678966
s8,3309,12297.611276
s8,3310,12171.437219
s8,3311,11609.713054
s8,3312,10171.616324
s8,3313,9086.891398
s8,3314,7289.420625
s8,3315,7456.564871
s8,3316,5848.878448
s8,3317,4762.672321
s8,3318,5195.498982
s8,3319,4290.816167
s8,3320,3867.190770
s8,3321,4380.959599
s8,3322,3664.209996
s8,3323,2983.005642
s8,3324,5363.883206
s8,3325,6405.522262
s8,3326,5414.654463
s8,3327,8432.293494
s8,3328,7673.110205
s8,3329,9193.122419
s8,3330,10836.509641
s8,3331,11065.072355
s8,3332,12540.852278
s8,3333,12100.014908
s8,3334,10932.032897
s8,3335,10561.599554
s8,3336,10820.112064
s8,3337,8470.526497
s8,3338,9639.550217
s8,3339,7836.654538
s8,3340,7387.698921
s8,3341,5990.504092
s8,3342,4913.030652
s8,3343,5708.433221
s8,3344,4667.277952
s8,3345,5701.914300
s8,3346,5855.949585
s8,3347,7161.928636
s8,3348,5807.032727
s8,3349,7373.284653
s8,3350,8626.211196
s8,3351,9677.906190
s8,3352,10154.711372
s8,3353,9655.727558
s8,3354,12361.597362
s8,3355,12274.657859
s8,3356,11471.082558
s8,3357,13321.600790
s8,3358,12074.839985
s8,3359,11283.561684
s8,3360,11830.809679
s8,3361,11445.935510
s8,3362,10077.650502
s8,3363,9292.025394
s8,3364,8360.482624
s8,3365,7574.861713
s8,3366,7218.448030
s8,3367,6782.465086
s8,3368,7126.290277
s8,3369,4641.826672
s8,3370,6454.674611
s8,3371,6329.639070
s8,3372,7456.750073
s8,3373,8608.743207
s8,3374,9956.684510
s8,3375,11473.037550
s8,3376,11264.956524
s8,3377,11671.075003
s8,3378,12918.852778
s8,3379,14333.556277
s8,3380,14825.060803
s8,3381,15103.720449
s8,3382,14238.695159
s8,3383,14239.706804
s8,3384,13980.851875
s8,3385,13355.393514
s8,3386,11262.683216
s8,3387,10114.235901
s8,3388,8630.058119
s8,3389,8040.873149
s8,3390,8220.486626
s8,3391,7484.791813
s8,3392,7551.044755
s8,3393,7781.620487
s8,3394,6661.239438
s8,3395,8228.064533
s8,3396,8938.898754
s8,3397,10016.844408
s8,3398,8579.565315
s8,3399,11982.445032
s8,3400,12041.497629
s8,3401,11418.226164
s8,3402,13083.926963
s8,3403,15211.690372
s8,3404,14943.984069
s8,3405,14989.293955
s8,3406,15306.604635
s8,3407,15242.084690
s8,3408,13502.836771
s8,3409,11480.238559
s8,3410,11799.335364
s8,3411,11768.548190
s8,3412,9261.214201
s8,3413,8787.980852
s8,3414,7448.073641
s8,3415,7802.679683
s8,3416,5941.900597
s8,3417,7693.862738
s8,3418,7755.066016
s8,3419,8885.464847
s8,3420,8485.793721
s8,3421,8625.834799
s8,3422,9763.626547
s8,3423,11102.083358
s8,3424,11751.923645
s8,3425,14046.447543
s8,3426,14654.723188
s8,3427,13331.899382
s8,3428,14037.787435
s8,3429,12903.632765
s8,3430,13889.742750
s8,3431,14015.741897
s8,3432,12206.381206
s8,3433,10158.348620
s8,3434,11438.346008
s8,3435,8921.798094
s8,3436,9628.007887
s8,3437,6283.192099
s8,3438,7404.426549
s8,3439,7511.355822
s8,3440,6205.348658
s8,3441,5551.323668
s8,3442,5962.196490
s8,3443,4924.013478
s8,3444,6153.465952
s8,3445,8174.443138
s8,3446,9163.978249
s8,3447,8484.098065
s8,3448,9474.955687
s8,3449,11641.944984
s8,3450,10477.764885
s8,3451,12994.703256
s8,3452,12503.233514
s8,3453,12734.129364
s8,3454,12164.027054
s8,3455,12002.881310
s8,3456,9964.125335
s8,3457,9631.508718
s8,3458,10253.316938
s8,3459,8529.585542
s8,3460,6051.804550
s8,3461,6929.860149
s8,3462,5574.731657
s8,3463,6089.422177
s8,3464,4431.321869
s8,3465,4349.189935
s8,3466,3202.479016
s8,3467,5638.965255
s8,3468,4941.148619
s8,3469,5504.363354
s8,3470,6905.338307
s8,3471,6948.633584
s8,3472,8780.242430
s8,3473,9912.091515
s8,3474,10296.106163
s8,3475,11338.288049
s8,3476,12083.947515
s8,3477,11505.313617
s8,3478,10252.793675
s8,3479,11166.536571
s8,3480,10987.010563
s8,3481,9964.700030
s8,3482,8046.152728
s8,3483,7654.213833
s8,3484,7639.746264
s8,3485,5382.887115
s8,3486,4501.023961
s8,3487,3235.224243
s8,3488,3689.499088
s8,3489,4681.569815
s8,3490,3393.445937
s8,3491,2779.136922
s8,3492,4186.443308
s8,3493,6104.672455
s8,3494,5704.799403
s8,3495,7328.052579
s8,3496,9722.007464
s8,3497,9593.245345
s8,3498,11836.538516
s8,3499,11255.295018
s8,3500,11874.594037
s8,3501,10548.779091
s8,3502,11372.270042
s8,3503,10004.081173
s8,3504,9089.687791
s8,3505,10926.862245
s8,3506,8182.003319
s8,3507,6892.542870
s8,3508,7363.415731
s8,3509,5172.866650
s8,3510,5375.530729
s8,3511,4232.639812
s8,3512,5271.046671
s8,3513,3745.007829
s8,3514,4940.332727
s8,3515,4630.878892
s8,3516,6489.504988
s8,3517,5703.277959
s8,3518,6244.846936
s8,3519,9401.011252
s8,3520,8607.591907
s8,3521,11406.929768
s8,3522,11251.038891
s8,3523,11786.450973
s8,3524,13870.645723
s8,3525,12327.718365
s8,3526,12667.873763
s8,3527,12307.299583
s8,3528,12039.508165
s8,3529,10872.815331
s8,3530,11221.718261
s8,3531,9616.510216
s8,3532,8665.117953
s8,3533,7205.236428
s8,3534,8429.477876
s8,3535,6013.326558
s8,3536,6398.522921
s8,3537,6246.019947
s8,3538,6151.585237
s8,3539,7330.185672
s8,3540,7678.417895
s8,3541,9087.623713
s8,3542,9724.435627
s8,3543,10038.374799
s8,3544,11444.210556
s8,3545,11979.724010
s8,3546,14016.080450
s8,3547,13660.021871
s8,3548,14459.102132
s8,3549,13635.356179
s8,3550,15029.952738
s8,3551,13896.247666
s8,3552,14255.733477
s8,3553,11422.483010
s8,3554,11058.151799
s8,3555,10369.380618
s8,3556,8736.268372
s8,3557,9184.549795
s8,3558,7736.335586
s8,3559,7946.324819
s8,3560,7000.406215
s8,3561,6796.156785
s8,3562,7182.399981
s8,3563,6584.329368
s8,3564,8314.061418
s8,3565,9853.792648
s8,3566,9192.737921
s8,3567,9621.631389
s8,3568,11428.414163
s8,3569,13230.892497
s8,3570,13597.823333
s8,3571,14706.328505
s8,3572,13767.434273
s8,3573,13454.889356
s8,3574,14433.588747
s8,3575,14626.912512
s9,0,22134.499944
s9,1,21968.734032
s9,2,16993.453790
s9,3,18801.047062
s9,4,17871.617887
s9,5,13918.248197
s9,6,14346.283793
s9,7,13565.722825
s9,8,12574.942353
s9,9,12409.438433
s9,10,11632.016979
s9,11,18681.778852
s9,12,18240.284335
s9,13,24474.188967
s9,14,23977.263100
s9,15,25269.155796
s9,16,25755.466552
s9,17,30704.452096
s9,18,28916.473760
s9,19,32992.113723
s9,20,30056.427957
s9,21,30657.783442
s9,22,27073.198077
s9,23,31955.525523
s9,24,26395.923645
s9,25,24032.818780
s9,26,23946.997410
s9,27,19264.123212
s9,28,20138.197243
s9,29,15561.256300
s9,30,17243.685170
s9,31,14124.601574
s9,32,12811.070965
s9,33,15293.675156
s9,34,14902.764923
s9,35,19574.481654
s9,36,20515.346394
s9,37,23314.770883
s9,38,24756.721727
s9,39,26105.253040
s9,40,28587.898146
s9,41,31782.405974
s9,42,30939.567796
s9,43,30648.972756
s9,44,30410.087638
s9,45,31151.917046
s9,46,29333.003666
s9,47,32113.744353
s9,48,25433.047606
s9,49,23563.753375
s9,50,22677.549622
s9,51,22118.976668
s9,52,18740.462078
s9,53,16032.375397
s9,54,15080.257715
s9,55,15104.148887
s9,56,17048.366913
s9,57,14290.295632
s9,58,16581.567480
s9,59,17063.037992
s9,60,20227.678930
s9,61,22236.694758
s9,62,21243.128527
s9,63,29343.985499
s9,64,27578.132401
s9,65,27895.438802
s9,66,28296.151565
s9,67,29831.109819
s9,68,30277.302055
s9,69,30612.211773
s9,70,28586.256954
s9,71,27817.859596
s9,72,22578.652070
s9,73,21826.362968
s9,74,19195.557981
s9,75,18887.876478
s9,76,17357.743200
s9,77,12588.317512
s9,78,13388.820741
s9,79,14033.338121
s9,80,14087.178778
s9,81,11131.401558
s9,82,14622.333865
s9,83,15516.504729
s9,84,15883.480415
s9,85,21560.664242
s9,86,18566.444308
s9,87,21804.922818
s9,88,24685.582668
s9,89,25746.558725
s9,90,26068.505103
s9,91,29038.792169
s9,92,29106.646196
s9,93,27670.990743
s9,94,26718.531997
s9,95,23487.008197
s9,96,19819.831200
s9,97,23061.984739
s9,98,15812.651043
s9,99,18742.131460
s9,100,12989.274225
s9,101,11894.398341
s9,102,10002.818554
s9,103,11052.790398
s9,104,8493.268867
s9,105,12588.868597
s9,106,11346.574712
s9,107,12073.047625
s9,108,12541.519980
s9,109,15799.885186
s9,110,17345.163807
s9,111,22349.653470
s9,112,22587.759198
s9,113,20068.783724
s9,114,26075.257434
s9,115,20407.711067
s9,116,26714.957224
s9,117,20738.736106
s9,118,22756.200513
s9,119,22610.528522
s9,120,19506.959989
s9,121,15743.437412
s9,122,17362.594673
s9,123,10481.254148
s9,124,9120.802683
s9,125,12115.822226
s9,126,7383.509406
s9,127,8526.394628
s9,128,9333.848474
s9,129,8322.949062
s9,130,9909.810570
s9,131,11088.286279
s9,132,13023.880657
s9,133,16604.967286
s9,134,18327.771733
s9,135,19438.613776
s9,136,22298.530929
s9,137,21568.148886
s9,138,22405.778134
s9,139,22731.865364
s9,140,25763.627822
s9,141,26744.506004
s9,142,23408.308588
s9,143,18790.297193
s9,144,19477.790315
s9,145,19147.521672
s9,146,16887.712225
s9,147,14624.937498
s9,148,14307.333641
s9,149,12772.238688
s9,150,8128.222582
s9,151,10449.184082
s9,152,8590.188640
s9,153,10712.572506
s9,154,13413.008443
s9,155,15886.658411
s9,156,15965.422384
s9,157,16160.830996
s9,158,18631.935284
s9,159,22228.378346
s9,160,21794.347437
s9,161,24957.688767
s9,162,27310.385414
s9,163,28596.997518
s9,164,26901.645141
s9,165,27675.639144
s9,166,28458.380096
s9,167,25513.304523
s9,168,20672.839851
s9,169,21923.094610
s9,170,20045.893078
s9,171,17076.994148
s9,172,16110.863792
s9,173,12280.338958
s9,174,15651.256615
s9,175,13838.724909
s9,176,12336.265876
s9,177,14166.267013
s9,178,15096.053820
s9,179,15043.167343
s9,180,14049.002813
s9,181,15882.557733
s9,182,25890.212966
s9,183,23033.965958
s9,184,26336.293868
s9,185,29390.958591
s9,186,29147.696885
s9,187,32386.910005
s9,188,29175.934603
s9,189,31260.872767
s9,190,26170.116720
s9,191,29350.017115
s9,192,27646.692882
s9,193,25236.137868
s9,194,23131.528421
s9,195,21119.583836
s9,196,20292.599432
s9,197,18975.165197
s9,198,14860.286387
s9,199,17487.200353
s9,200,14234.270873
s9,201,16507.086016
s9,202,16840.697689
s9,203,19458.146358
s9,204,19949.550721
s9,205,23147.461202
s9,206,23844.473439
s9,207,25137.433504
s9,208,30251.344758
s9,209,31014.501287
s9,210,32054.892613
s9,211,33398.668595
s9,212,30266.355626
s9,213,32969.763095
s9,214,28842.069066
s9,215,29713.926198
s9,216,27032.706209
s9,217,25729.236833
s9,218,24282.780262
s9,219,21113.109770
s9,220,17696.420438
s9,221,19052.520655
s9,222,18254.709017
s9,223,16761.692801
s9,224,17149.742707
s9,225,13034.119995
s9,226,16843.078109
s9,227,17861.357789
s9,228,16581.573369
s9,229,21775.244728
s9,230,23592.815228
s9,231,23114.798426
s9,232,25930.812839
s9,233,28846.494694
s9,234,30689.497441
s9,235,31378.432410
s9,236,28457.791057
s9,237,27936.849211
s9,238,27768.486756
s9,239,26963.661395
s9,240,24234.479408
s9,241,22723.097196
s9,242,21941.619669
s9,243,19719.672049
s9,244,16845.920587
s9,245,13108.034307
s9,246,12871.881895
s9,247,13774.656183
s9,248,14015.371730
s9,249,14615.653261
s9,250,12023.841433
s9,251,14232.235769
s9,252,14644.899292
s9,253,13713.529531
s9,254,18609.229387
s9,255,19415.219190
s9,256,26187.953830
s9,257,26116.254501
s9,258,25316.420158
s9,259,26943.807868
s9,260,27459.170495
s9,261,29013.381661
s9,262,26361.385749
s9,263,26019.711315
s9,264,22465.303414
s9,265,21651.370076
s9,266,19661.105554
s9,267,16673.217336
s9,268,13252.754328
s9,269,13284.476935
s9,270,9653.579168
s9,271,11814.947205
s9,272,8878.268804
s9,273,8561.609438
s9,274,13516.815101
s9,275,11147.437880
s9,276,13726.200599
s9,277,13660.732898
s9,278,16242.544490
s9,279,18778.427135
s9,280,19519.496551
s9,281,24529.765736
s9,282,22481.589137
s9,283,22207.423563
s9,284,26044.957656
s9,285,24900.498413
s9,286,19046.051780
s9,287,20412.278068
s9,288,21124.203794
s9,289,16283.272261
s9,290,14956.993972
s9,291,12957.833125
s9,292,7857.955875
s9,293,8495.544668
s9,294,10013.126260
s9,295,10467.405127
s9,296,7935.683533
s9,297,8344.698842
s9,298,10379.205220
s9,299,11189.812322
s9,300,13525.005059
s9,301,13336.136562
s9,302,16900.203383
s9,303,19760.197687
s9,304,21816.619625
s9,305,19975.079962
s9,306,24974.806549
s9,307,24551.903995
s9,308,24790.739070
s9,309,21345.611422
s9,310,23367.641931
s9,311,19459.711809
s9,312,16286.705833
s9,313,18585.184696
s9,314,16441.463511
s9,315,14604.668347
s9,316,13046.495989
s9,317,11331.145243
s9,318,12077.724929
s9,319,11096.912563
s9,320,12424.944015
s9,321,14436.229582
s9,322,12717.663030
s9,323,14298.600093
s9,324,17949.890731
s9,325,15641.092885
s9,326,18743.281255
s9,327,21855.666034
s9,328,20955.892429
s9,329,26684.129467
s9,330,28941.501529
s9,331,25184.476366
s9,332,26144.320214
s9,333,28593.661688
s9,334,28507.199498
s9,335,22433.420851
s9,336,24340.657670
s9,337,21296.659586
s9,338,16726.345542
s9,339,17107.164473
s9,340,15159.065778
s9,341,14834.508826
s9,342,13735.759509
s9,343,12739.981434
s9,344,13004.779892
s9,345,13549.584309
s9,346,15714.905882
s9,347,17978.463591
s9,348,19859.922369
s9,349,19016.947602
s9,350,21390.434834
s9,351,23752.903933
s9,352,29083.948169
s9,353,29241.995160
s9,354,28499.478868
s9,355,28627.565146
s9,356,29082.444478
s9,357,30405.701127
s9,358,27742.750134
s9,359,28193.624147
s9,360,28702.293790
s9,361,24238.452892
s9,362,24016.697153
s9,363,18255.434316
s9,364,19479.568881
s9,365,17900.870320
s9,366,14893.865436
s9,367,18001.160216
s9,368,15739.278116
s9,369,15141.120655
s9,370,16774.452655
s9,371,20212.717653
s9,372,18282.532504
s9,373,22737.429684
s9,374,23071.586344
s9,375,27033.820680
s9,376,27696.153807
s9,377,29980.064339
s9,378,32448.912745
s9,379,31935.538428
s9,380,32844.400450
s9,381,32624.573961
s9,382,31183.578958
s9,383,29466.401552
s9,384,27386.698548
s9,385,26314.230443
s9,386,25094.085454
s9,387,24025.649866
s9,388,21985.782295
s9,389,15976.154250
s9,390,16841.312085
s9,391,16448.103582
s9,392,17436.132329
s9,393,17556.863633
s9,394,14436.728365
s9,395,18484.888506
s9,396,16971.238816
s9,397,20841.817064
s9,398,22104.258490
s9,399,24545.212771
s9,400,29805.221125
s9,401,27841.327800
s9,402,28925.638735
s9,403,30442.521861
s9,404,31939.522810
s9,405,26935.581398
s9,406,31177.112216
s9,407,25819.336877
s9,408,23561.836062
s9,409,23232.237877
s9,410,21880.125379
s9,411,22953.047983
s9,412,18056.528574
s9,413,13979.702652
s9,414,13321.668972
s9,415,11333.315280
s9,416,13664.058102
s9,417,14231.990675
s9,418,13177.403141
s9,419,16776.701421
s9,420,13866.658165
s9,421,17640.630764
s9,422,18862.668211
s9,423,21289.378892
s9,424,21323.256428
s9,425,26869.167918
s9,426,24798.950797
s9,427,26604.838110
s9,428,28669.222310
s9,429,28766.656837
s9,430,26988.530772
s9,431,19981.736980
s9,432,21177.239109
s9,433,18978.840380
s9,434,16228.309602
s9,435,13897.470786
s9,436,12285.736645
s9,437,12443.546009
s9,438,9511.959969
s9,439,7342.136114
s9,440,6755.527970
s9,441,9849.366724
s9,442,7709.562624
s9,443,12897.607631
s9,444,12639.786854
s9,445,14523.039701
s9,446,17700.669877
s9,447,18716.501875
s9,448,22212.625422
s9,449,20490.729689
s9,450,20705.101486
s9,451,27342.523120
s9,452,24512.020598
s9,453,19607.930863
s9,454,25471.386112
s9,455,19032.974886
s9,456,22809.415760
s9,457,20409.637879
s9,458,16798.777916
s9,459,13331.254835
s9,460,10055.176593
s9,461,11433.367713
s9,462,8125.686369
s9,463,9877.521295
s9,464,7590.273950
s9,465,5962.614067
s9,466,8342.165345
s9,467,10996.576223
s9,468,11894.414500
s9,469,14934.905220
s9,470,15353.387293
s9,471,21522.712931
s9,472,19995.435384
s9,473,23281.127052
s9,474,20948.826437
s9,475,25678.752413
s9,476,27009.147361
s9,477,25129.260092
s9,478,22897.421200
s9,479,20482.772433
s9,480,21286.716588
s9,481,19352.447814
s9,482,14340.240899
s9,483,14524.628820
s9,484,13621.044113
s9,485,10060.839556
s9,486,11274.653352
s9,487,9344.865706
s9,488,12133.974496
s9,489,8323.367312
s9,490,12289.987286
s9,491,13173.429278
s9,492,11856.138181
s9,493,15499.836508
s9,494,17843.053988
s9,495,22896.162528
s9,496,22822.696485
s9,497,25076.097808
s9,498,26604.655273
s9,499,31297.011470
s9,500,27015.218546
s9,501,30214.288579
s9,502,25998.776286
s9,503,22509.801290
s9,504,22126.253348
s9,505,19599.810870
s9,506,19064.471758
s9,507,15416.897597
s9,508,14588.153827
s9,509,17727.452541
s9,510,14056.563641
s9,511,13715.591419
s9,512,16139.782060
s9,513,11150.933139
s9,514,15806.306440
s9,515,15681.062331
s9,516,18277.598056
s9,517,19354.868357
s9,518,22858.492023
s9,519,26819.572342
s9,520,28752.737421
s9,521,28887.036986
s9,522,31058.699621
s9,523,28577.889891
s9,524,26013.024959
s9,525,32045.350644
s9,526,32784.612905
s9,527,28969.622762
s9,528,25570.562018
s9,529,24739.314054
s9,530,24622.289977
s9,531,18828.773138
s9,532,19039.690152
s9,533,18432.341673
s9,534,14734.368453
s9,535,19164.073066
s9,536,17069.072874
s9,537,18921.627930
s9,538,15526.149391
s9,539,19048.848568
s9,540,22950.375361
s9,541,23233.179773
s9,542,26645.709460
s9,543,23713.304921
s9,544,28411.622821
s9,545,26905.462504
s9,546,30438.250924
s9,547,32341.648242
s9,548,31789.050621
s9,549,29493.062597
s9,550,31016.607235
s9,551,30159.992386
s9,552,27168.941435
s9,553,26601.747350
s9,554,25003.580925
s9,555,23074.461043
s9,556,18632.233078
s9,557,18396.318516
s9,558,15353.986223
s9,559,15530.115839
s9,560,17212.354091
s9,561,15686.803847
s9,562,16004.431098
s9,563,17092.988711
s9,564,20538.688513
s9,565,24187.573370
s9,566,25070.911625
s9,567,25167.214099
s9,568,28559.321046
s9,569,30234.042483
s9,570,32074.509407
s9,571,29165.897484
s9,572,31247.103725
s9,573,29019.480747
s9,574,27708.518224
s9,575,29053.819968
s9,576,26030.685140
s9,577,23153.127787
s9,578,22984.225724
s9,579,18892.960948
s9,580,15211.925401
s9,581,16390.361122
s9,582,12176.568661
s9,583,11483.138403
s9,584,11957.461965
s9,585,12665.527941
s9,586,15160.931035
s9,587,14408.372104
s9,588,13671.715631
s9,589,17512.327767
s9,590,20859.254881
s9,591,22056.236659
s9,592,23764.574857
s9,593,23407.656440
s9,594,25720.294990
s9,595,27762.520401
s9,596,27748.594124
s9,597,24877.666504
s9,598,23956.596216
s9,599,22024.117223
s9,600,23178.613085
s9,601,18364.238831
s9,602,16909.629193
s9,603,13858.568333
s9,604,11737.659029
s9,605,11315.730171
s9,606,11709.875662
s9,607,8600.847696
s9,608,11179.935099
s9,609,9551.186837
s9,610,11647.475808
s9,611,15760.085573
s9,612,17083.753728
s9,613,15814.236696
s9,614,17478.452856
s9,615,19070.783863
s9,616,22230.134881
s9,617,19574.047296
s9,618,22504.599424
s9,619,23989.153664
s9,620,23029.279652
s9,621,22167.438756
s9,622,24830.970406
s9,623,18977.354217
s9,624,18830.631664
s9,625,16572.409933
s9,626,14640.556304
s9,627,11654.598597
s9,628,12677.095946
s9,629,9716.873512
s9,630,11554.732584
s9,631,5948.490891
s9,632,8234.134204
s9,633,6444.943998
s9,634,9834.959375
s9,635,12762.279297
s9,636,10854.589275
s9,637,16289.159504
s9,638,15527.583304
s9,639,17088.361744
s9,640,21352.789034
s9,641,23628.885968
s9,642,23841.632287
s9,643,24833.252357
s9,644,24455.429928
s9,645,23331.404405
s9,646,19832.043797
s9,647,21366.179473
s9,648,19165.699362
s9,649,19279.368615
s9,650,15088.189083
s9,651,17697.094246
s9,652,13717.251279
s9,653,10615.249656
s9,654,11324.667069
s9,655,9358.051170
s9,656,11835.861593
s9,657,9666.448730
s9,658,13725.164665
s9,659,11254.434188
s9,660,15021.578045
s9,661,16872.084288
s9,662,17763.721003
s9,663,20867.116292
s9,664,23402.264453
s9,665,23170.991361
s9,666,24985.800703
s9,667,27917.157558
s9,668,26157.070534
s9,669,29627.839797
s9,670,28818.307494
s9,671,24280.649539
s9,672,23998.773434
s9,673,22441.328693
s9,674,20804.981789
s9,675,16904.237164
s9,676,17241.388376
s9,677,13799.332097
s9,678,13508.389220
s9,679,15165.571996
s9,680,13080.174091
s9,681,12253.423856
s9,682,13973.059975
s9,683,16945.023302
s9,684,17102.324442
s9,685,18887.858685
s9,686,22900.651821
s9,687,23317.805707
s9,688,30172.561422
s9,689,27409.773016
s9,690,30835.015127
s9,691,28143.218338
s9,692,30162.284777
s9,693,31678.858481
s9,694,30373.053786
s9,695,29238.965528
s9,696,25630.825756
s9,697,24961.693965
s9,698,22335.191462
s9,699,18437.622924
s9,700,20742.795240
s9,701,16352.089904
s9,702,16000.559007
s9,703,17171.897466
s9,704,16807.798484
s9,705,20402.450295
s9,706,17133.845271
s9,707,21002.350039
s9,708,20317.074699
s9,709,22557.586748
s9,710,26346.609079
s9,711,27746.884420
s9,712,27751.789783
s9,713,29976.044344
s9,714,31534.946061
s9,715,34586.456475
s9,716,30756.845391
s9,717,31887.270915
s9,718,31521.925975
s9,719,29342.950208
s9,720,26524.584545
s9,721,26647.647928
s9,722,21698.787473
s9,723,24199.177601
s9,724,14986.149797
s9,725,14469.692941
s9,726,16647.582442
s9,727,16711.608606
s9,728,16251.166362
s9,729,14932.148038
s9,730,16510.731286
s9,731,18099.796565
s9,732,18313.953561
s9,733,21017.823462
s9,734,22089.568176
s9,735,27406.164923
s9,736,27966.970853
s9,737,28038.929402
s9,738,29149.795529
s9,739,29540.153924
s9,740,29745.190581
s9,741,30115.650293
s9,742,28028.998417
s9,743,26252.673863
s9,744,25789.326613
s9,745,22789.609136
s9,746,20830.644284
s9,747,18769.313246
s9,748,16353.780109
s9,749,13164.065517
s9,750,13286.842795
s9,751,14821.110517
s9,752,11279.670541
s9,753,11621.982774
s9,754,13069.029948
s9,755,14382.478536
s9,756,18818.391969
s9,757,17957.817327
s9,758,22229.244803
s9,759,23544.058887
s9,760,25140.486766
s9,761,26396.038480
s9,762,26930.628094
s9,763,27698.030487
s9,764,28763.005896
s9,765,22971.904461
s9,766,25713.243130
s9,767,25463.391397
s9,768,20656.499519
s9,769,19509.260942
s9,770,18736.631171
s9,771,12378.694572
s9,772,13680.088372
s9,773,9784.604142
s9,774,10654.480098
s9,775,10125.877858
s9,776,9703.493015
s9,777,8025.279370
s9,778,10508.062247
s9,779,10784.908210
s9,780,13948.281401
s9,781,14755.422526
s9,782,16005.122620
s9,783,20816.628476
s9,784,19142.385704
s9,785,21758.258915
s9,786,25371.780328
s9,787,24790.184784
s9,788,25647.818330
s9,789,22162.586368
s9,790,23034.515667
s9,791,19902.454312
s9,792,16685.979332
s9,793,18433.976233
s9,794,13738.356601
s9,795,13505.396512
s9,796,9928.814884
s9,797,10779.946412
s9,798,9680.548633
s9,799,6499.273123
s9,800,6399.104155
s9,801,4227.857141
s9,802,8701.239813
s9,803,10501.928161
s9,804,11484.399381
s9,805,15807.201197
s9,806,16681.563192
s9,807,18907.667974
s9,808,19808.584421
s9,809,19998.627296
s9,810,23702.505926
s9,811,25670.423718
s9,812,26434.795125
s9,813,24408.960056
s9,814,21234.777644
s9,815,21399.834540
s9,816,20519.235317
s9,817,16611.136288
s9,818,15791.349518
s9,819,13420.083718
s9,820,11405.831811
s9,821,9624.828854
s9,822,10751.020226
s9,823,10600.477824
s9,824,11723.742495
s9,825,9896.388861
s9,826,11505.612315
s9,827,10166.780495
s9,828,15278.793602
s9,829,19142.679483
s9,830,17926.611056
s9,831,22153.248178
s9,832,22521.015594
s9,833,25881.633134
s9,834,27489.026662
s9,835,24789.826280
s9,836,25918.946440
s9,837,25871.315135
s9,838,25933.561031
s9,839,27106.227046
s9,840,23468.868933
s9,841,21778.661930
s9,842,19932.987115
s9,843,16692.231381
s9,844,17761.071887
s9,845,15454.441780
s9,846,14901.912250
s9,847,13564.280826
s9,848,10993.855205
s9,849,14635.881009
s9,850,13861.487296
s9,851,14951.513651
s9,852,22620.203172
s9,853,21902.993056
s9,854,21979.255288
s9,855,26146.408898
s9,856,28573.460582
s9,857,28832.712158
s9,858,29079.777433
s9,859,32052.949040
s9,860,31907.428257
s9,861,31459.478825
s9,862,26819.938963
s9,863,28906.597302
s9,864,29849.309655
s9,865,22896.803232
s9,866,21987.529867
s9,867,19410.566823
s9,868,18086.494781
s9,869,17182.397379
s9,870,19613.387948
s9,871,15296.752767
s9,872,18321.782116
s9,873,14705.153586
s9,874,18257.336055
s9,875,18597.937357
s9,876,19797.404691
s9,877,22949.034194
s9,878,26768.385420
s9,879,27310.314580
s9,880,29613.252036
s9,881,30239.201270
s9,882,32022.931002
s9,883,32542.001053
s9,884,33310.725002
s9,885,31329.022554
s9,886,29598.469326
s9,887,28376.784427
s9,888,26560.002403
s9,889,26195.240666
s9,890,21907.083076
s9,891,22278.731475
s9,892,19598.458253
s9,893,19640.844319
s9,894,16750.229709
s9,895,17441.199315
s9,896,16236.110199
s9,897,16198.582901
s9,898,16285.161010
s9,899,18847.962181
s9,900,19901.261043
s9,901,20635.792135
s9,902,22834.402114
s9,903,22442.388683
s9,904,29185.011585
s9,905,30587.679817
s9,906,28995.730321
s9,907,28237.952620
s9,908,31345.697447
s9,909,31487.419433
s9,910,28561.085785
s9,911,26003.732971
s9,912,27229.575450
s9,913,24486.685399
s9,914,22489.162857
s9,915,21700.712825
s9,916,16598.104655
s9,917,15230.526457
s9,918,16929.086049
s9,919,14260.985777
s9,920,16637.215718
s9,921,8752.182918
s9,922,11276.322529
s9,923,15927.267396
s9,924,17332.866297
s9,925,16570.848551
s9,926,18831.553890
s9,927,20805.870561
s9,928,24930.615426
s9,929,23008.407462
s9,930,26027.154435
s9,931,25515.696560
s9,932,21863.272389
s9,933,26551.719381
s9,934,27980.019843
s9,935,23135.995486
s9,936,22789.672976
s9,937,19517.331743
s9,938,16912.767512
s9,939,12373.045033
s9,940,12776.547101
s9,941,8144.856394
s9,942,9134.186093
s9,943,9601.763911
s9,944,9437.375537
s9,945,8196.576734
s9,946,10093.425597
s9,947,9980.766385
s9,948,14545.228485
s9,949,13370.669544
s9,950,21667.613720
s9,951,20556.653469
s9,952,20888.722525
s9,953,25392.909668
s9,954,22094.856217
s9,955,26154.109169
s9,956,23193.614690
s9,957,23805.428853
s9,958,21840.116786
s9,959,20048.990807
s9,960,18552.764211
s9,961,17770.075656
s9,962,14865.814841
s9,963,16256.245114
s9,964,11556.767846
s9,965,5563.575424
s9,966,7508.429871
s9,967,7595.316974
s9,968,8437.849239
s9,969,9356.221499
s9,970,7254.831902
s9,971,11090.512861
s9,972,11165.314656
s9,973,14688.231416
s9,974,16218.201702
s9,975,20759.191506
s9,976,22289.745282
s9,977,24729.251733
s9,978,22202.550359
s9,979,23327.185651
s9,980,24387.819048
s9,981,23053.821651
s9,982,22067.527581
s9,983,22585.204357
s9,984,23639.575531
s9,985,18738.189340
s9,986,18744.326112
s9,987,11997.510528
s9,988,15775.071058
s9,989,14637.082947
s9,990,10383.437994
s9,991,8771.452197
s9,992,10588.310192
s9,993,7492.080857
s9,994,11729.885127
s9,995,9964.154625
s9,996,17224.997596
s9,997,16738.572792
s9,998,17824.725353
s9,999,17836.738973
s9,1000,25536.202587
s9,1001,25071.445767
s9,1002,25324.568902
s9,1003,28902.506628
s9,1004,25085.046895
s9,1005,28708.801930
s9,1006,28274.770792
s9,1007,24498.324842
s9,1008,25258.077256
s9,1009,24221.927554
s9,1010,18393.970655
s9,1011,16582.905839
s9,1012,17323.395002
s9,1013,15830.983311
s9,1014,12386.965852
s9,1015,8129.041181
s9,1016,10707.429192
s9,1017,15739.505884
s9,1018,14064.958063
s9,1019,14896.865990
s9,1020,18894.100219
s9,1021,17594.363585
s9,1022,26203.426718
s9,1023,21694.793037
s9,1024,26470.265387
s9,1025,29062.861959
s9,1026,30690.998274
s9,1027,28676.124178
s9,1028,30120.733478
s9,1029,31994.723900
s9,1030,29699.481062
s9,1031,29274.682075
s9,1032,26778.199269
s9,1033,24947.365037
s9,1034,21253.035260
s9,1035,18779.566218
s9,1036,18453.166380
s9,1037,15621.404914
s9,1038,18648.487653
s9,1039,16931.699939
s9,1040,17716.596927
s9,1041,13838.829598
s9,1042,15136.031759
s9,1043,19716.991809
s9,1044,20722.366946
s9,1045,22847.493006
s9,1046,26146.244418
s9,1047,25036.915261
s9,1048,26486.115724
s9,1049,28701.615474
s9,1050,34550.654297
s9,1051,31748.456087
s9,1052,30670.749759
s9,1053,33784.287710
s9,1054,31919.945736
s9,1055,30457.464462
s9,1056,28272.180098
s9,1057,24903.689653
s9,1058,25953.283887
s9,1059,22373.406358
s9,1060,17224.484183
s9,1061,15709.319457
s9,1062,15290.772432
s9,1063,16993.940470
s9,1064,14463.227971
s9,1065,15387.134493
s9,1066,15949.458832
s9,1067,18120.926573
s9,1068,21643.482725
s9,1069,20873.364651
s9,1070,23580.915947
s9,1071,28244.293391
s9,1072,24796.858950
s9,1073,29205.854762
s9,1074,30027.058144
s9,1075,30123.296819
s9,1076,31843.543638
s9,1077,33152.160941
s9,1078,28593.861309
s9,1079,26979.562570
s9,1080,26186.309973
s9,1081,21161.354140
s9,1082,20247.037381
s9,1083,19129.799373
s9,1084,16984.546061
s9,1085,13772.330239
s9,1086,15420.722883
s9,1087,11067.120895
s9,1088,11518.410218
s9,1089,11316.946108
s9,1090,14349.348274
s9,1091,16279.763243
s9,1092,16427.992661
s9,1093,20279.667394
s9,1094,19711.280396
s9,1095,22412.136459
s9,1096,24321.775863
s9,1097,25318.800679
s9,1098,26641.367207
s9,1099,25226.376829
s9,1100,23474.957300
s9,1101,25351.748166
s9,1102,24527.437250
s9,1103,23208.317426
s9,1104,20031.985665
s9,1105,17575.383068
s9,1106,20565.033627
s9,1107,16383.298084
s9,1108,13738.309387
s9,1109,11801.548821
s9,1110,9270.646413
s9,1111,9312.083683
s9,1112,11138.948202
s9,1113,11253.737078
s9,1114,9599.538484
s9,1115,11031.227192
s9,1116,12629.722980
s9,1117,14239.044734
s9,1118,18825.714458
s9,1119,20354.105740
s9,1120,21609.655942
s9,1121,21621.742724
s9,1122,25648.441541
s9,1123,24258.678683
s9,1124,20268.176248
s9,1125,25790.300490
s9,1126,23133.608291
s9,1127,20376.923564
s9,1128,21619.661411
s9,1129,13766.142654
s9,1130,14348.152807
s9,1131,14422.740515
s9,1132,10317.323125
s9,1133,13158.834465
s9,1134,11938.977366
s9,1135,8597.028198
s9,1136,8410.107596
s9,1137,11264.078506
s9,1138,10491.618973
s9,1139,9252.034534
s9,1140,12304.179277
s9,1141,13335.289983
s9,1142,17840.148390
s9,1143,19237.294724
s9,1144,23110.182402
s9,1145,22888.510168
s9,1146,22445.041223
s9,1147,22588.573659
s9,1148,26964.445317
s9,1149,26226.522747
s9,1150,21975.967844
s9,1151,19635.379763
s9,1152,17817.423612
s9,1153,20026.339837
s9,1154,15857.066578
s9,1155,17412.836751
s9,1156,12109.704827
s9,1157,10866.630582
s9,1158,9924.429148
s9,1159,10793.264024
s9,1160,12618.934995
s9,1161,8891.104591
s9,1162,12748.325725
s9,1163,15265.629039
s9,1164,14675.873468
s9,1165,16426.442824
s9,1166,21030.052130
s9,1167,20496.344949
s9,1168,23017.029252
s9,1169,23641.593094
s9,1170,25606.381809
s9,1171,27657.470095
s9,1172,28064.470745
s9,1173,26823.074617
s9,1174,26513.727950
s9,1175,23029.709998
s9,1176,26822.690782
s9,1177,19926.156365
s9,1178,20541.919351
s9,1179,16547.953476
s9,1180,16101.968904
s9,1181,11453.084304
s9,1182,12589.517205
s9,1183,11223.949435
s9,1184,13753.742288
s9,1185,13968.385856
s9,1186,13424.157219
s9,1187,14860.772513
s9,1188,18983.455650
s9,1189,19655.987613
s9,1190,23595.741051
s9,1191,25283.436819
s9,1192,26054.562273
s9,1193,28032.821954
s9,1194,26757.996951
s9,1195,30441.157871
s9,1196,30314.456967
s9,1197,30314.962224
s9,1198,31846.955670
s9,1199,28427.348696
s9,1200,26569.837812
s9,1201,24641.251642
s9,1202,21970.625281
s9,1203,22961.039752
s9,1204,18861.449265
s9,1205,19471.739802
s9,1206,17511.007359
s9,1207,14625.856670
s9,1208,16111.297734
s9,1209,18045.562463
s9,1210,16684.520413
s9,1211,18845.501440
s9,1212,20153.293110
s9,1213,22209.957945
s9,1214,25879.585709
s9,1215,25393.459066
s9,1216,28053.763375
s9,1217,30379.184327
s9,1218,27066.664024
s9,1219,31384.938354
s9,1220,32133.258425
s9,1221,32137.908243
s9,1222,29508.694589
s9,1223,27605.978362
s9,1224,28716.746886
s9,1225,24199.936999
s9,1226,23877.359718
s9,1227,21213.498254
s9,1228,17977.400406
s9,1229,16810.106943
s9,1230,15116.226216
s9,1231,17247.939234
s9,1232,15796.153473
s9,1233,13111.199881
s9,1234,19687.401128
s9,1235,20276.278622
s9,1236,21746.725013
s9,1237,20156.352770
s9,1238,22802.769008
s9,1239,24606.747585
s9,1240,29626.762347
s9,1241,28864.894936
s9,1242,30208.158939
s9,1243,29889.416675
s9,1244,28037.931449
s9,1245,31109.792945
s9,1246,32180.198872
s9,1247,26637.655841
s9,1248,23759.410659
s9,1249,21990.571270
s9,1250,19827.440605
s9,1251,16303.525485
s9,1252,15826.917069
s9,1253,14423.541829
s9,1254,11275.117242
s9,1255,13575.720666
s9,1256,11932.866644
s9,1257,11098.915388
s9,1258,13802.596373
s9,1259,17546.504708
s9,1260,18843.000150
s9,1261,20262.230407
s9,1262,22195.891120
s9,1263,23861.102129
s9,1264,25182.631567
s9,1265,26819.842369
s9,1266,29637.108945
s9,1267,26294.099712
s9,1268,28183.874489
s9,1269,24107.672337
s9,1270,26252.537184
s9,1271,25881.427095
s9,1272,21221.202981
s9,1273,22388.208958
s9,1274,15924.352491
s9,1275,17746.651588
s9,1276,12888.129931
s9,1277,12218.920455
s9,1278,9757.066797
s9,1279,10625.433996
s9,1280,9137.593548
s9,1281,11525.194980
s9,1282,10613.231523
s9,1283,12291.469076
s9,1284,13141.748026
s9,1285,16123.544308
s9,1286,16694.352840
s9,1287,19016.432998
s9,1288,18971.690328
s9,1289,21905.265942
s9,1290,23079.690341
s9,1291,24047.470342
s9,1292,24407.806731
s9,1293,21369.447958
s9,1294,24105.425097
s9,1295,24952.529965
s9,1296,19648.422550
s9,1297,14454.449873
s9,1298,16731.363294
s9,1299,13415.513922
s9,1300,11207.999386
s9,1301,10233.084394
s9,1302,8877.556025
s9,1303,7883.119379
s9,1304,9023.413145
s9,1305,9000.021946
s9,1306,9063.854045
s9,1307,12126.296635
s9,1308,14804.369320
s9,1309,16879.290140
s9,1310,15374.682993
s9,1311,19143.835392
s9,1312,21951.087606
s9,1313,22829.091860
s9,1314,23575.261799
s9,1315,26325.001161
s9,1316,25201.254777
s9,1317,25034.566614
s9,1318,21026.182281
s9,1319,19832.901928
s9,1320,19643.923760
s9,1321,18835.277631
s9,1322,18033.070852
s9,1323,13378.959196
s9,1324,15401.349749
s9,1325,11728.548451
s9,1326,9676.803021
s9,1327,11180.719644
s9,1328,12217.283947
s9,1329,10607.661509
s9,1330,11653.328189
s9,1331,13559.487507
s9,1332,16239.950035
s9,1333,16771.025934
s9,1334,19290.075675
s9,1335,21793.817926
s9,1336,23293.686122
s9,1337,25784.741630
s9,1338,25368.132485
s9,1339,24141.866027
s9,1340,26669.297142
s9,1341,26604.780273
s9,1342,29392.719925
s9,1343,26821.153986
s9,1344,24140.368575
s9,1345,20900.272336
s9,1346,17864.886453
s9,1347,16782.115106
s9,1348,16907.153431
s9,1349,14488.306659
s9,1350,12073.973852
s9,1351,13523.068769
s9,1352,12184.954303
s9,1353,14545.339412
s9,1354,17947.654033
s9,1355,17867.160552
s9,1356,14409.803693
s9,1357,22266.571541
s9,1358,21858.250313
s9,1359,25306.459823
s9,1360,27389.830054
s9,1361,28902.129708
s9,1362,26934.168607
s9,1363,32533.145492
s9,1364,29222.280379
s9,1365,28963.029112
s9,1366,29935.030994
s9,1367,29382.047007
s9,1368,25684.085513
s9,1369,22166.695700
s9,1370,23373.863040
s9,1371,20279.338632
s9,1372,20317.192706
s9,1373,19452.716626
s9,1374,14451.700259
s9,1375,13825.395257
s9,1376,15541.282063
s9,1377,14922.546813
s9,1378,19998.199273
s9,1379,18931.514126
s9,1380,20744.071999
s9,1381,22968.565396
s9,1382,27065.601967
s9,1383,27444.829640
s9,1384,29953.930257
s9,1385,29105.948025
s9,1386,32536.855116
s9,1387,31358.815300
s9,1388,31185.446061
s9,1389,30690.715741
s9,1390,32531.330793
s9,1391,28677.806558
s9,1392,28048.509917
s9,1393,25544.120991
s9,1394,24067.970506
s9,1395,20229.163674
s9,1396,17124.879591
s9,1397,17117.207216
s9,1398,16601.801891
s9,1399,14366.495756
s9,1400,15499.206838
s9,1401,16979.682243
s9,1402,13577.435137
s9,1403,20487.043180
s9,1404,21362.715352
s9,1405,22153.910687
s9,1406,25542.751175
s9,1407,22386.379805
s9,1408,27631.417508
s9,1409,29421.594898
s9,1410,30602.332887
s9,1411,31057.151480
s9,1412,33248.259097
s9,1413,30872.387334
s9,1414,27694.158144
s9,1415,24822.576908
s9,1416,23705.666921
s9,1417,22518.614454
s9,1418,21235.924912
s9,1419,18689.025371
s9,1420,17108.775650
s9,1421,14095.568305
s9,1422,13093.049463
s9,1423,13567.452748
s9,1424,12313.158207
s9,1425,11906.209371
s9,1426,13040.435443
s9,1427,15768.412465
s9,1428,15785.214110
s9,1429,17960.922993
s9,1430,23301.425644
s9,1431,22087.325404
s9,1432,24307.911982
s9,1433,27169.684167
s9,1434,29145.406125
s9,1435,27968.980442
s9,1436,24762.560482
s9,1437,30065.459343
s9,1438,23691.879561
s9,1439,21734.094489
s9,1440,20398.475525
s9,1441,21912.897224
s9,1442,17285.756094
s9,1443,12139.935558
s9,1444,16208.375455
s9,1445,9029.038170
s9,1446,13284.578907
s9,1447,5465.136429
s9,1448,9107.207551
s9,1449,9690.371163
s9,1450,9543.933285
s9,1451,11684.196138
s9,1452,15180.018494
s9,1453,15676.419423
s9,1454,18514.603039
s9,1455,19516.693383
s9,1456,21412.528341
s9,1457,21653.848009
s9,1458,23546.147704
s9,1459,25668.989059
s9,1460,26041.438733
s9,1461,21910.701356
s9,1462,21773.465667
s9,1463,21609.147959
s9,1464,19331.095634
s9,1465,16218.260857
s9,1466,12112.607355
s9,1467,13794.561890
s9,1468,10354.870136
s9,1469,13212.900389
s9,1470,10671.930381
s9,1471,8846.154540
s9,1472,5962.044972
s9,1473,7351.930258
s9,1474,11281.037243
s9,1475,9660.755930
s9,1476,12311.179519
s9,1477,15432.597769
s9,1478,17838.636530
s9,1479,18378.094195
s9,1480,21677.971957
s9,1481,19784.030406
s9,1482,23647.099679
s9,1483,24164.235008
s9,1484,27229.517655
s9,1485,24849.442275
s9,1486,19702.683780
s9,1487,24455.520354
s9,1488,24681.717258
s9,1489,19335.558964
s9,1490,17561.843232
s9,1491,17068.137004
s9,1492,12739.591795
s9,1493,11243.015162
s9,1494,10699.169635
s9,1495,4448.572905
s9,1496,8887.464410
s9,1497,11436.613062
s9,1498,12409.502733
s9,1499,10507.457156
s9,1500,14454.612014
s9,1501,16072.096227
s9,1502,18030.296011
s9,1503,22876.699314
s9,1504,21943.895731
s9,1505,24696.937106
s9,1506,27361.658885
s9,1507,25618.770206
s9,1508,27310.172714
s9,1509,25446.824696
s9,1510,26190.565473
s9,1511,24787.324949
s9,1512,24378.662644
s9,1513,20775.160906
s9,1514,19112.865950
s9,1515,15091.260649
s9,1516,14938.251819
s9,1517,12887.874929
s9,1518,11477.686192
s9,1519,12489.108866
s9,1520,13102.138927
s9,1521,13592.976884
s9,1522,16578.808362
s9,1523,15455.950862
s9,1524,17045.583601
s9,1525,16902.780306
s9,1526,24395.594321
s9,1527,25891.061096
s9,1528,27774.819319
s9,1529,27182.819280
s9,1530,28688.066782
s9,1531,29504.635308
s9,1532,28538.361834
s9,1533,30905.838439
s9,1534,29291.992111
s9,1535,30120.518459
s9,1536,26794.815194
s9,1537,24266.849287
s9,1538,23668.143442
s9,1539,21791.926981
s9,1540,17115.060085
s9,1541,14788.072886
s9,1542,14440.730241
s9,1543,17235.095582
s9,1544,16730.577835
s9,1545,18370.362310
s9,1546,17320.922323
s9,1547,19272.768098
s9,1548,19818.101932
s9,1549,25637.129784
s9,1550,25699.906572
s9,1551,29146.899865
s9,1552,29312.667027
s9,1553,28857.291413
s9,1554,32819.510868
s9,1555,29408.989728
s9,1556,33244.888838
s9,1557,31298.998484
s9,1558,31162.762915
s9,1559,27164.251836
s9,1560,27424.459337
s9,1561,24264.188023
s9,1562,21782.197197
s9,1563,23319.635376
s9,1564,19985.421525
s9,1565,16950.871601
s9,1566,15294.596245
s9,1567,15041.852438
s9,1568,15740.174106
s9,1569,16363.214757
s9,1570,16856.686115
s9,1571,15263.023384
s9,1572,19717.382903
s9,1573,21966.543963
s9,1574,24761.065224
s9,1575,25456.613312
s9,1576,27000.004732
s9,1577,28797.427033
s9,1578,28845.667133
s9,1579,33545.366069
s9,1580,28985.151042
s9,1581,28083.260528
s9,1582,28992.899464
s9,1583,27434.672884
s9,1584,26153.644408
s9,1585,22718.890015
s9,1586,19873.844698
s9,1587,17190.020319
s9,1588,16600.071996
s9,1589,15329.870266
s9,1590,13550.189436
s9,1591,10881.354771
s9,1592,10497.673601
s9,1593,14645.029635
s9,1594,13731.419074
s9,1595,14658.365006
s9,1596,19411.787045
s9,1597,19856.798674
s9,1598,18205.073503
s9,1599,21729.828459
s9,1600,25461.691825
s9,1601,26331.034403
s9,1602,26806.703332
s9,1603,29350.723489
s9,1604,24646.085893
s9,1605,27516.964509
s9,1606,24289.377655
s9,1607,25522.923355
s9,1608,21611.420131
s9,1609,17011.030696
s9,1610,17769.288028
s9,1611,11181.462455
s9,1612,14989.861170
s9,1613,12092.377281
s9,1614,12213.321216
s9,1615,10052.151567
s9,1616,9667.731177
s9,1617,12034.382188
s9,1618,11851.890917
s9,1619,9546.632824
s9,1620,12693.638575
s9,1621,17812.359543
s9,1622,15516.280862
s9,1623,17340.399457
s9,1624,19794.971222
s9,1625,20201.247186
s9,1626,23845.143470
s9,1627,23866.910732
s9,1628,25839.558687
s9,1629,23274.640902
s9,1630,25297.019399
s9,1631,20819.191917
s9,1632,20944.481240
s9,1633,19365.957986
s9,1634,15971.811227
s9,1635,12988.288455
s9,1636,9281.697742
s9,1637,8107.623525
s9,1638,9606.091316
s9,1639,7461.137505
s9,1640,8956.768910
s9,1641,7332.088553
s9,1642,9422.768962
s9,1643,10950.905473
s9,1644,13801.446653
s9,1645,14084.668499
s9,1646,17929.203341
s9,1647,16223.144430
s9,1648,18714.423806
s9,1649,22534.758365
s9,1650,23319.633874
s9,1651,25033.345141
s9,1652,21857.226693
s9,1653,24543.548205
s9,1654,20494.759199
s9,1655,24007.314534
s9,1656,19071.931884
s9,1657,17615.776113
s9,1658,17271.547234
s9,1659,15022.655799
s9,1660,11811.217297
s9,1661,10960.131170
s9,1662,12959.300128
s9,1663,8222.265078
s9,1664,12226.648182
s9,1665,9473.415456
s9,1666,9497.417134
s9,1667,15018.438208
s9,1668,15889.392785
s9,1669,17167.591822
s9,1670,20892.299841
s9,1671,21202.197874
s9,1672,22745.946433
s9,1673,26064.413901
s9,1674,26933.444088
s9,1675,26205.865263
s9,1676,29553.352511
s9,1677,27954.973994
s9,1678,29072.290578
s9,1679,30760.110255
s9,1680,21631.831678
s9,1681,22710.238793
s9,1682,20491.873327
s9,1683,16123.989011
s9,1684,17113.150162
s9,1685,10795.108058
s9,1686,11921.479328
s9,1687,14586.973331
s9,1688,11117.183063
s9,1689,12829.252878
s9,1690,14831.662580
s9,1691,14415.975932
s9,1692,17271.525666
s9,1693,21022.903191
s9,1694,22814.356030
s9,1695,24451.198363
s9,1696,28911.961170
s9,1697,28166.474299
s9,1698,30966.213702
s9,1699,30639.664398
s9,1700,28536.388613
s9,1701,28896.162112
s9,1702,30391.219949
s9,1703,25960.719782
s9,1704,26901.541473
s9,1705,25726.049138
s9,1706,20925.398443
s9,1707,17821.091249
s9,1708,20699.862580
s9,1709,20221.161540
s9,1710,16779.363970
s9,1711,18568.637124
s9,1712,16733.982374
s9,1713,15410.284231
s9,1714,17540.666231
s9,1715,19824.311215
s9,1716,15389.557924
s9,1717,22971.026776
s9,1718,26650.209450
s9,1719,27870.575752
s9,1720,28035.205613
s9,1721,29645.276603
s9,1722,28259.340559
s9,1723,33223.753273
s9,1724,28461.214969
s9,1725,32773.325121
s9,1726,31181.127918
s9,1727,28480.022093
s9,1728,28164.059015
s9,1729,26858.971040
s9,1730,22372.447604
s9,1731,18935.444954
s9,1732,20654.158174
s9,1733,17440.353739
s9,1734,16814.388719
s9,1735,13938.723133
s9,1736,17774.329210
s9,1737,17304.289600
s9,1738,14592.542788
s9,1739,15096.659005
s9,1740,20124.568079
s9,1741,21313.194736
s9,1742,22556.047871
s9,1743,24360.074001
s9,1744,27112.814088
s9,1745,28938.342485
s9,1746,30016.894128
s9,1747,32979.090755
s9,1748,32749.999551
s9,1749,26012.780918
s9,1750,30019.969487
s9,1751,29276.343033
s9,1752,22579.992135
s9,1753,22028.350887
s9,1754,20101.352065
s9,1755,19870.554366
s9,1756,17292.877809
s9,1757,15447.390916
s9,1758,14011.790850
s9,1759,14421.241484
s9,1760,13187.379014
s9,1761,11408.702672
s9,1762,12212.679562
s9,1763,13961.931882
s9,1764,19538.050777
s9,1765,19077.014847
s9,1766,21584.823077
s9,1767,25059.411689
s9,1768,24655.841020
s9,1769,22227.818786
s9,1770,26910.492656
s9,1771,25941.389546
s9,1772,25988.991377
s9,1773,25127.084835
s9,1774,24937.110777
s9,1775,21673.417449
s9,1776,23301.148623
s9,1777,20658.857031
s9,1778,18111.386315
s9,1779,15839.659544
s9,1780,11547.871779
s9,1781,12980.631697
s9,1782,8754.084544
s9,1783,6944.557372
s9,1784,8819.903022
s9,1785,9911.981402
s9,1786,10849.512153
s9,1787,13594.263186
s9,1788,12902.237897
s9,1789,17398.735074
s9,1790,19957.407413
s9,1791,19973.419958
s9,1792,19528.325946
s9,1793,24828.515377
s9,1794,23771.493804
s9,1795,24581.925540
s9,1796,22050.974689
s9,1797,20930.995303
s9,1798,25410.952293
s9,1799,22706.743733
s9,1800,18396.730769
s9,1801,16899.762236
s9,1802,13564.630888
s9,1803,13417.866679
s9,1804,8261.540632
s9,1805,11305.830996
s9,1806,9530.529070
s9,1807,10031.314147
s9,1808,8271.412221
s9,1809,9598.242764
s9,1810,10269.689407
s9,1811,11819.718820
s9,1812,11825.406105
s9,1813,16567.283780
s9,1814,14810.816533
s9,1815,18133.195561
s9,1816,20786.033224
s9,1817,26203.123626
s9,1818,22118.457005
s9,1819,24865.681986
s9,1820,25248.899517
s9,1821,21544.030485
s9,1822,27239.956518
s9,1823,23703.176042
s9,1824,20855.937778
s9,1825,18123.890111
s9,1826,17724.729215
s9,1827,10851.388175
s9,1828,15403.025787
s9,1829,10815.403604
s9,1830,11963.728428
s9,1831,8149.838554
s9,1832,8814.081975
s9,1833,6549.727710
s9,1834,10978.102310
s9,1835,12860.140724
s9,1836,13731.429888
s9,1837,19509.820201
s9,1838,18956.402186
s9,1839,21176.295983
s9,1840,21828.775054
s9,1841,25988.880071
s9,1842,25538.719044
s9,1843,26917.955804
s9,1844,25719.807303
s9,1845,28936.662726
s9,1846,28492.027693
s9,1847,24543.917652
s9,1848,24068.090990
s9,1849,20585.158946
s9,1850,21220.607136
s9,1851,19264.292079
s9,1852,14936.587774
s9,1853,15654.872771
s9,1854,10783.432782
s9,1855,12999.686613
s9,1856,11565.985453
s9,1857,14138.579242
s9,1858,15275.712342
s9,1859,14295.328260
s9,1860,16498.934909
s9,1861,19636.225714
s9,1862,22134.254555
s9,1863,24398.271131
s9,1864,26990.200828
s9,1865,27753.006340
s9,1866,32907.286487
s9,1867,31186.250827
s9,1868,29693.106901
s9,1869,32362.349877
s9,1870,30593.859059
s9,1871,30114.842024
s9,1872,28456.927380
s9,1873,22991.437337
s9,1874,22122.490189
s9,1875,20583.209356
s9,1876,16566.109556
s9,1877,18426.036233
s9,1878,15261.517583
s9,1879,16960.780122
s9,1880,17044.469039
s9,1881,15680.190630
s9,1882,14299.569698
s9,1883,19859.653448
s9,1884,19325.064055
s9,1885,23557.638250
s9,1886,21576.264522
s9,1887,29076.728223
s9,1888,28956.690241
s9,1889,31417.984268
s9,1890,31574.950905
s9,1891,34229.807253
s9,1892,34705.915234
s9,1893,30485.630427
s9,1894,30086.893728
s9,1895,30137.302166
s9,1896,28851.565255
s9,1897,22083.279418
s9,1898,23733.204501
s9,1899,19016.961958
s9,1900,21323.876471
s9,1901,18405.930230
s9,1902,15083.890339
s9,1903,14479.433205
s9,1904,18356.443357
s9,1905,19076.519124
s9,1906,16875.410310
s9,1907,17620.465657
s9,1908,20993.949476
s9,1909,20296.833787
s9,1910,23689.099440
s9,1911,26433.401421
s9,1912,28218.908492
s9,1913,29855.913639
s9,1914,29702.907663
s9,1915,30084.329435
s9,1916,28396.573415
s9,1917,26802.652060
s9,1918,29486.446489
s9,1919,26936.237795
s9,1920,27753.874029
s9,1921,24130.206764
s9,1922,18377.694174
s9,1923,20258.246220
s9,1924,15477.523105
s9,1925,14611.309194
s9,1926,12715.709225
s9,1927,9812.544643
s9,1928,15179.172037
s9,1929,12749.578972
s9,1930,14404.737209
s9,1931,14345.208844
s9,1932,15049.842358
s9,1933,17462.178629
s9,1934,23176.036943
s9,1935,21370.020262
s9,1936,22145.542372
s9,1937,28636.080741
s9,1938,25823.464308
s9,1939,25670.316555
s9,1940,28620.492001
s9,1941,24952.251837
s9,1942,25780.107362
s9,1943,23576.451179
s9,1944,20323.899020
s9,1945,17525.967670
s9,1946,19464.999215
s9,1947,16692.958672
s9,1948,16398.346370
s9,1949,11787.532610
s9,1950,10209.574324
s9,1951,10074.405674
s9,1952,10322.440384
s9,1953,11736.871867
s9,1954,7510.546276
s9,1955,13532.762080
s9,1956,13050.873750
s9,1957,15946.347419
s9,1958,16275.438185
s9,1959,19526.329484
s9,1960,24051.223108
s9,1961,19482.426101
s9,1962,24470.457623
s9,1963,24390.208007
s9,1964,23901.533227
s9,1965,23865.952166
s9,1966,23604.412120
s9,1967,20770.882136
s9,1968,19574.711737
s9,1969,17362.274877
s9,1970,15866.144924
s9,1971,12911.018624
s9,1972,11399.782567
s9,1973,11341.167321
s9,1974,9585.598703
s9,1975,10425.645814
s9,1976,7558.669129
s9,1977,5543.658100
s9,1978,9458.905579
s9,1979,9524.430298
s9,1980,11176.793006
s9,1981,15177.928867
s9,1982,16373.104006
s9,1983,19552.881996
s9,1984,23569.871987
s9,1985,25335.221335
s9,1986,24390.435345
s9,1987,25536.057668
s9,1988,26098.797188
s9,1989,26253.852696
s9,1990,21249.806073
s9,1991,19378.383072
s9,1992,22674.558772
s9,1993,17187.703494
s9,1994,13332.844684
s9,1995,14426.218473
s9,1996,11200.919233
s9,1997,13261.231321
s9,1998,12323.699225
s9,1999,10420.116962
s9,2000,9475.733456
s9,2001,10565.753252
s9,2002,10609.813633
s9,2003,13069.482839
s9,2004,15202.292555
s9,2005,16170.598237
s9,2006,18583.672774
s9,2007,20742.733862
s9,2008,26073.765301
s9,2009,25124.599120
s9,2010,24767.945122
s9,2011,29029.621699
s9,2012,27065.805915
s9,2013,26263.018406
s9,2014,21906.496223
s9,2015,23565.323973
s9,2016,21145.820379
s9,2017,21321.575320
s9,2018,18963.523560
s9,2019,17944.446433
s9,2020,16362.860612
s9,2021,12963.568712
s9,2022,9999.314221
s9,2023,13802.631265
s9,2024,12476.610379
s9,2025,12362.898449
s9,2026,12881.921914
s9,2027,14697.719681
s9,2028,22486.430556
s9,2029,19643.243298
s9,2030,23432.863208
s9,2031,23632.548381
s9,2032,24332.852758
s9,2033,30028.301761
s9,2034,31807.137419
s9,2035,33085.061806
s9,2036,30896.013533
s9,2037,29928.650123
s9,2038,31334.718981
s9,2039,28929.572482
s9,2040,28618.737811
s9,2041,26138.734029
s9,2042,26298.630191
s9,2043,20858.251558
s9,2044,19664.553376
s9,2045,15267.502278
s9,2046,18131.011974
s9,2047,15121.250858
s9,2048,17712.477445
s9,2049,14555.065171
s9,2050,18012.403295
s9,2051,17330.798140
s9,2052,19006.684023
s9,2053,21724.932254
s9,2054,29790.303112
s9,2055,26714.883162
s9,2056,26365.711383
s9,2057,31744.367277
s9,2058,31539.146536
s9,2059,30468.141027
s9,2060,33986.029926
s9,2061,29799.133149
s9,2062,28941.151695
s9,2063,26487.228318
s9,2064,27313.293717
s9,2065,24387.974482
s9,2066,23840.855279
s9,2067,24096.497521
s9,2068,17023.177064
s9,2069,17170.128007
s9,2070,16319.632618
s9,2071,17171.107053
s9,2072,15172.974704
s9,2073,14737.054951
s9,2074,17923.309166
s9,2075,17175.917644
s9,2076,19579.841608
s9,2077,22784.365642
s9,2078,23806.921941
s9,2079,27757.723001
s9,2080,28963.933687
s9,2081,27420.859795
s9,2082,30352.447409
s9,2083,30543.765561
s9,2084,28975.215538
s9,2085,29636.654818
s9,2086,29729.099427
s9,2087,27917.080944
s9,2088,26365.152001
s9,2089,21834.899049
s9,2090,20391.866189
s9,2091,19718.768600
s9,2092,14983.729090
s9,2093,13841.391959
s9,2094,15664.325176
s9,2095,11728.038824
s9,2096,12102.381159
s9,2097,15809.977219
s9,2098,13177.951715
s9,2099,15019.428973
s9,2100,14486.886550
s9,2101,17978.436053
s9,2102,19511.613266
s9,2103,20195.730798
s9,2104,20939.663232
s9,2105,24506.281662
s9,2106,25500.271036
s9,2107,27249.270823
s9,2108,29086.402362
s9,2109,26521.702762
s9,2110,25917.322292
s9,2111,22362.871678
s9,2112,21289.418739
s9,2113,20783.897573
s9,2114,19771.890009
s9,2115,12998.034933
s9,2116,13457.035224
s9,2117,13088.836904
s9,2118,9671.562639
s9,2119,11777.791423
s9,2120,8377.829054
s9,2121,9456.563792
s9,2122,11168.736504
s9,2123,9936.672354
s9,2124,12612.190564
s9,2125,15585.616861
s9,2126,17390.341412
s9,2127,21438.449540
s9,2128,20591.446638
s9,2129,22480.589018
s9,2130,22458.789653
s9,2131,23180.379765
s9,2132,25609.147218
s9,2133,25398.474309
s9,2134,23304.241551
s9,2135,21968.189055
s9,2136,18664.708202
s9,2137,17842.171268
s9,2138,18341.341458
s9,2139,16049.476908
s9,2140,7792.348841
s9,2141,10689.364916
s9,2142,11090.424192
s9,2143,6697.538018
s9,2144,9309.356436
s9,2145,10683.495352
s9,2146,7454.680737
s9,2147,11046.484277
s9,2148,13165.466225
s9,2149,14411.557341
s9,2150,13948.410130
s9,2151,19536.025598
s9,2152,22618.533686
s9,2153,20945.523559
s9,2154,21674.169740
s9,2155,25703.610870
s9,2156,22993.638999
s9,2157,23922.201481
s9,2158,23913.236340
s9,2159,20847.835951
s9,2160,20632.429617
s9,2161,19025.960020
s9,2162,15912.198780
s9,2163,10855.555659
s9,2164,11165.719532
s9,2165,11553.095334
s9,2166,7742.887280
s9,2167,7114.046241
s9,2168,9823.616295
s9,2169,10676.277061
s9,2170,9340.059869
s9,2171,14051.786688
s9,2172,15165.262331
s9,2173,14626.671661
s9,2174,20189.308762
s9,2175,18650.041541
s9,2176,22997.498108
s9,2177,26175.435601
s9,2178,26529.043371
s9,2179,25772.846090
s9,2180,26107.125463
s9,2181,29957.265023
s9,2182,24782.720251
s9,2183,26820.911143
s9,2184,23313.684815
s9,2185,21094.789533
s9,2186,19345.242980
s9,2187,20719.117016
s9,2188,14523.045293
s9,2189,15270.143098
s9,2190,13796.680122
s9,2191,14165.130983
s9,2192,10772.998574
s9,2193,14480.490414
s9,2194,15442.679191
s9,2195,16004.736023
s9,2196,19514.940747
s9,2197,17393.691621
s9,2198,20216.577464
s9,2199,24011.571591
s9,2200,29301.503966
s9,2201,28346.201010
s9,2202,29622.462214
s9,2203,32383.119757
s9,2204,31008.304345
s9,2205,29584.842057
s9,2206,32587.989618
s9,2207,29403.415104
s9,2208,27267.438674
s9,2209,24004.930557
s9,2210,23561.773226
s9,2211,18483.859719
s9,2212,19028.715182
s9,2213,18142.267427
s9,2214,18215.276904
s9,2215,17999.958951
s9,2216,16566.376385
s9,2217,18143.959338
s9,2218,16509.287473
s9,2219,18483.644072
s9,2220,21051.584787
s9,2221,24562.105628
s9,2222,25795.683128
s9,2223,24517.316828
s9,2224,25214.203310
s9,2225,30539.556633
s9,2226,29365.471436
s9,2227,30201.784699
s9,2228,32782.591168
s9,2229,31715.801745
s9,2230,32670.978669
s9,2231,27866.783809
s9,2232,26112.366663
s9,2233,26293.896867
s9,2234,25788.567178
s9,2235,23526.494329
s9,2236,16984.041809
s9,2237,16642.674285
s9,2238,17527.566867
s9,2239,17119.982595
s9,2240,14884.585521
s9,2241,14343.121456
s9,2242,15573.830960
s9,2243,20811.476735
s9,2244,20621.423812
s9,2245,17589.638187
s9,2246,19816.313110
s9,2247,26406.558361
s9,2248,25699.620397
s9,2249,29290.327923
s9,2250,29077.412751
s9,2251,28834.118676
s9,2252,30719.430420
s9,2253,27794.719755
s9,2254,29753.948759
s9,2255,25475.864931
s9,2256,23482.909581
s9,2257,21298.973877
s9,2258,21080.122030
s9,2259,20822.157625
s9,2260,16728.060461
s9,2261,16334.252894
s9,2262,12349.006375
s9,2263,15118.040581
s9,2264,11313.026407
s9,2265,11117.417235
s9,2266,14975.484180
s9,2267,16301.227935
s9,2268,19149.070627
s9,2269,23520.460682
s9,2270,19863.104687
s9,2271,24194.245122
s9,2272,22557.598948
s9,2273,26020.575558
s9,2274,24023.776759
s9,2275,30294.321785
s9,2276,27681.976094
s9,2277,26671.481025
s9,2278,24193.677993
s9,2279,24054.286632
s9,2280,21571.759602
s9,2281,21330.411172
s9,2282,17077.851611
s9,2283,13541.374747
s9,2284,14286.608434
s9,2285,11909.919352
s9,2286,10191.025755
s9,2287,11493.949365
s9,2288,7811.264115
s9,2289,8966.570235
s9,2290,11177.784021
s9,2291,12294.980203
s9,2292,12393.223270
s9,2293,13511.698317
s9,2294,18858.279283
s9,2295,20930.037825
s9,2296,24666.189127
s9,2297,22351.011367
s9,2298,24295.960771
s9,2299,24094.528901
s9,2300,25067.709720
s9,2301,25107.287020
s9,2302,24450.338367
s9,2303,23577.322829
s9,2304,20675.638646
s9,2305,17943.045754
s9,2306,17082.853956
s9,2307,12550.793675
s9,2308,12572.178861
s9,2309,10114.389611
s9,2310,11466.414854
s9,2311,10058.634941
s9,2312,10093.803128
s9,2313,8835.749407
s9,2314,8273.926718
s9,2315,10083.454769
s9,2316,12205.680599
s9,2317,15284.750632
s9,2318,16918.194047
s9,2319,19170.693091
s9,2320,22313.032595
s9,2321,24037.046279
s9,2322,24704.028813
s9,2323,24536.618736
s9,2324,26434.882042
s9,2325,23395.154279
s9,2326,23703.786848
s9,2327,21337.609777
s9,2328,21087.610119
s9,2329,15956.854701
s9,2330,16850.549420
s9,2331,12794.286700
s9,2332,10347.447794
s9,2333,10577.880230
s9,2334,10782.654240
s9,2335,9396.650856
s9,2336,11495.225826
s9,2337,12194.029713
s9,2338,9826.697360
s9,2339,10243.347056
s9,2340,13073.845970
s9,2341,18852.450971
s9,2342,18090.993961
s9,2343,21529.188036
s9,2344,25510.568367
s9,2345,23848.245903
s9,2346,25636.716416
s9,2347,27384.301109
s9,2348,27479.647376
s9,2349,27734.543557
s9,2350,25674.281385
s9,2351,23917.793144
s9,2352,22514.641575
s9,2353,19854.856871
s9,2354,20879.192362
s9,2355,17986.696647
s9,2356,15382.323900
s9,2357,18531.030803
s9,2358,12169.166387
s9,2359,11592.354762
s9,2360,11458.368509
s9,2361,12485.011045
s9,2362,15552.138318
s9,2363,16620.806634
s9,2364,16247.090881
s9,2365,21194.776992
s9,2366,26074.890062
s9,2367,26205.334914
s9,2368,28098.763439
s9,2369,29088.178573
s9,2370,28425.986247
s9,2371,34116.370808
s9,2372,31591.892950
s9,2373,33727.420254
s9,2374,30959.373245
s9,2375,30471.319524
s9,2376,27170.081681
s9,2377,25120.080635
s9,2378,19889.714423
s9,2379,22954.735532
s9,2380,20881.027899
s9,2381,16946.292349
s9,2382,16679.712834
s9,2383,16192.621164
s9,2384,15779.442033
s9,2385,16208.704301
s9,2386,18633.272950
s9,2387,18458.221789
s9,2388,21405.100278
s9,2389,24041.709212
s9,2390,23453.460262
s9,2391,27707.813599
s9,2392,29114.417161
s9,2393,31289.055249
s9,2394,31338.275943
s9,2395,30889.441453
s9,2396,33588.758247
s9,2397,29187.493430
s9,2398,27547.505700
s9,2399,31328.931601
s9,2400,27857.303956
s9,2401,23043.386174
s9,2402,20951.724694
s9,2403,20418.326791
s9,2404,16300.484091
s9,2405,19245.263831
s9,2406,13140.960335
s9,2407,13696.615830
s9,2408,14444.678690
s9,2409,15568.376923
s9,2410,13219.869433
s9,2411,14675.589740
s9,2412,20547.114159
s9,2413,23527.288655
s9,2414,22972.424448
s9,2415,23979.637472
s9,2416,29256.848665
s9,2417,32152.427185
s9,2418,30512.345117
s9,2419,27887.058436
s9,2420,29510.289501
s9,2421,29989.768874
s9,2422,26374.379945
s9,2423,27787.893413
s9,2424,25232.221742
s9,2425,24448.585387
s9,2426,21523.343377
s9,2427,21346.843543
s9,2428,19205.397346
s9,2429,13808.882664
s9,2430,16294.799851
s9,2431,13826.979447
s9,2432,12490.750552
s9,2433,11103.733439
s9,2434,11732.329845
s9,2435,15148.475409
s9,2436,18613.154677
s9,2437,17277.412019
s9,2438,18791.571679
s9,2439,19114.669621
s9,2440,26233.249162
s9,2441,23144.588417
s9,2442,25488.328353
s9,2443,26562.387205
s9,2444,26972.735269
s9,2445,26562.078377
s9,2446,26618.139641
s9,2447,22519.733972
s9,2448,21798.398201
s9,2449,20569.349382
s9,2450,17602.815473
s9,2451,14489.794059
s9,2452,13913.892503
s9,2453,12077.348131
s9,2454,9281.425391
s9,2455,9179.062069
s9,2456,9066.290126
s9,2457,9570.436409
s9,2458,13549.428904
s9,2459,9342.791964
s9,2460,15876.492245
s9,2461,15544.447314
s9,2462,18768.147078
s9,2463,19345.987956
s9,2464,18712.482302
s9,2465,23355.814695
s9,2466,23597.522798
s9,2467,27561.502994
s9,2468,20696.038571
s9,2469,27295.674351
s9,2470,20195.000855
s9,2471,19263.935732
s9,2472,18870.731815
s9,2473,18323.632625
s9,2474,17425.892628
s9,2475,15436.674728
s9,2476,12389.539910
s9,2477,10385.449216
s9,2478,6945.475782
s9,2479,9973.299010
s9,2480,8175.994577
s9,2481,5823.427423
s9,2482,6773.366598
s9,2483,13533.071542
s9,2484,10746.439836
s9,2485,14479.468431
s9,2486,14542.421399
s9,2487,19872.849595
s9,2488,19388.950389
s9,2489,22794.630442
s9,2490,23894.891960
s9,2491,25796.165805
s9,2492,23778.909425
s9,2493,22134.997575
s9,2494,25135.700363
s9,2495,19591.604055
s9,2496,20523.570615
s9,2497,18555.286259
s9,2498,16035.237308
s9,2499,13985.592457
s9,2500,14895.620798
s9,2501,9305.308084
s9,2502,10413.863125
s9,2503,8237.845990
s9,2504,15104.647858
s9,2505,10875.013135
s9,2506,12157.220912
s9,2507,10504.705786
s9,2508,12483.748075
s9,2509,14701.826020
s9,2510,18217.846416
s9,2511,23873.030430
s9,2512,24789.732715
s9,2513,24977.488041
s9,2514,25690.490274
s9,2515,26494.681635
s9,2516,28571.511591
s9,2517,27017.589744
s9,2518,27762.178883
s9,2519,25636.881303
s9,2520,22939.708925
s9,2521,21958.676763
s9,2522,19298.126603
s9,2523,16379.898110
s9,2524,13997.576602
s9,2525,14798.614529
s9,2526,15901.912951
s9,2527,12723.312213
s9,2528,15785.823800
s9,2529,12618.389086
s9,2530,14229.487102
s9,2531,18563.926938
s9,2532,18199.948077
s9,2533,20112.032033
s9,2534,23321.903627
s9,2535,24906.179605
s9,2536,26685.105531
s9,2537,29210.085363
s9,2538,31493.776602
s9,2539,28637.361888
s9,2540,32549.573092
s9,2541,27639.173001
s9,2542,29827.851581
s9,2543,27704.379652
s9,2544,27601.425520
s9,2545,27340.199779
s9,2546,24218.973782
s9,2547,21122.279203
s9,2548,19055.233704
s9,2549,18759.637525
s9,2550,14645.156607
s9,2551,13674.038139
s9,2552,14834.684138
s9,2553,13618.875597
s9,2554,18915.650711
s9,2555,22137.435164
s9,2556,20754.775002
s9,2557,20869.186454
s9,2558,23560.049927
s9,2559,23725.483407
s9,2560,27585.916295
s9,2561,32792.548841
s9,2562,32995.840051
s9,2563,33055.787533
s9,2564,33426.591842
s9,2565,29713.115034
s9,2566,29613.468867
s9,2567,30702.342225
s9,2568,28266.921328
s9,2569,26742.790100
s9,2570,22715.470023
s9,2571,19306.770985
s9,2572,21203.473836
s9,2573,17365.269575
s9,2574,14476.722383
s9,2575,18441.845664
s9,2576,14319.497657
s9,2577,15394.148961
s9,2578,19512.475189
s9,2579,19077.261674
s9,2580,18985.308935
s9,2581,21546.359366
s9,2582,22273.635212
s9,2583,24941.254111
s9,2584,29189.791448
s9,2585,24189.342135
s9,2586,28466.709007
s9,2587,31320.398387
s9,2588,26855.684305
s9,2589,29099.283680
s9,2590,31725.305936
s9,2591,30212.545348
s9,2592,24185.430120
s9,2593,22735.345201
s9,2594,21735.912863
s9,2595,15831.496329
s9,2596,14353.293482
s9,2597,12395.667247
s9,2598,13981.671674
s9,2599,10571.537814
s9,2600,14337.486377
s9,2601,11717.060613
s9,2602,12207.680981
s9,2603,15671.037576
s9,2604,14110.957991
s9,2605,17766.279463
s9,2606,20124.329967
s9,2607,21784.886830
s9,2608,26349.539495
s9,2609,26693.776656
s9,2610,28646.224253
s9,2611,26393.208237
s9,2612,24101.214890
s9,2613,25270.830573
s9,2614,26424.873854
s9,2615,25492.552984
s9,2616,20974.230185
s9,2617,17575.800003
s9,2618,16391.735100
s9,2619,12212.863563
s9,2620,12813.029792
s9,2621,9449.782473
s9,2622,7376.719793
s9,2623,6185.663411
s9,2624,11139.123460
s9,2625,8269.185546
s9,2626,11105.240102
s9,2627,12647.381179
s9,2628,14050.636135
s9,2629,15071.501541
s9,2630,13296.463461
s9,2631,17010.630142
s9,2632,18457.503322
s9,2633,23753.139669
s9,2634,24650.575640
s9,2635,24531.041649
s9,2636,23432.559942
s9,2637,25304.998248
s9,2638,23358.903075
s9,2639,22513.822183
s9,2640,18795.407635
s9,2641,16766.726623
s9,2642,14274.443544
s9,2643,12267.421669
s9,2644,9055.335931
s9,2645,8327.633206
s9,2646,6994.210316
s9,2647,10250.869517
s9,2648,9535.023360
s9,2649,9752.875699
s9,2650,7628.733416
s9,2651,10198.728878
s9,2652,13840.894634
s9,2653,14314.121685
s9,2654,15182.712703
s9,2655,19384.321988
s9,2656,22132.294583
s9,2657,24676.283701
s9,2658,24529.657743
s9,2659,23294.580779
s9,2660,25427.615667
s9,2661,24715.698464
s9,2662,19488.111436
s9,2663,23817.696869
s9,2664,21320.565063
s9,2665,18732.814349
s9,2666,19230.534027
s9,2667,15298.813543
s9,2668,14524.740226
s9,2669,12481.424517
s9,2670,8689.839448
s9,2671,9467.780619
s9,2672,9823.826811
s9,2673,10136.322678
s9,2674,13682.880757
s9,2675,10200.488247
s9,2676,14921.750886
s9,2677,14425.050468
s9,2678,21808.417815
s9,2679,22633.729550
s9,2680,24912.003590
s9,2681,22300.600440
s9,2682,26488.051326
s9,2683,27498.285106
s9,2684,24745.253599
s9,2685,29356.645568
s9,2686,30044.877186
s9,2687,23970.160629
s9,2688,23997.391459
s9,2689,19038.477054
s9,2690,18741.370819
s9,2691,18822.876874
s9,2692,16035.641909
s9,2693,16197.275509
s9,2694,12724.345307
s9,2695,14153.560915
s9,2696,9024.562198
s9,2697,11149.195560
s9,2698,13908.738378
s9,2699,15374.996152
s9,2700,20632.510695
s9,2701,22029.666453
s9,2702,22047.664027
s9,2703,23211.592960
s9,2704,25016.659195
s9,2705,27538.770572
s9,2706,29003.207061
s9,2707,30788.623751
s9,2708,29523.764389
s9,2709,28133.721202
s9,2710,29082.432902
s9,2711,29046.376230
s9,2712,26192.496422
s9,2713,25095.075004
s9,2714,21082.613781
s9,2715,22061.470017
s9,2716,19356.573886
s9,2717,20287.617398
s9,2718,16219.915604
s9,2719,17767.068906
s9,2720,14701.306979
s9,2721,17210.610501
s9,2722,16167.938590
s9,2723,16297.134612
s9,2724,19594.287128
s9,2725,21057.911999
s9,2726,24697.440407
s9,2727,26905.247533
s9,2728,27770.144299
s9,2729,26953.838385
s9,2730,32193.018340
s9,2731,33001.189925
s9,2732,29635.994850
s9,2733,30560.885726
s9,2734,32353.196700
s9,2735,28859.420775
s9,2736,26495.911991
s9,2737,27804.914343
s9,2738,23021.587150
s9,2739,22147.470747
s9,2740,19810.068605
s9,2741,17356.949356
s9,2742,15522.413889
s9,2743,14372.889905
s9,2744,16058.702271
s9,2745,15768.363412
s9,2746,16717.879710
s9,2747,15218.933303
s9,2748,18605.070089
s9,2749,19450.618243
s9,2750,24336.692436
s9,2751,23719.179247
s9,2752,25258.979480
s9,2753,26985.896784
s9,2754,30783.847900
s9,2755,30992.569398
s9,2756,30426.435627
s9,2757,29829.670466
s9,2758,27479.919330
s9,2759,25604.906168
s9,2760,24515.849741
s9,2761,22655.298122
s9,2762,20072.298101
s9,2763,21402.111951
s9,2764,17907.034610
s9,2765,16858.504746
s9,2766,13974.476002
s9,2767,12603.482532
s9,2768,10023.650699
s9,2769,11399.192234
s9,2770,14714.638642
s9,2771,16059.156411
s9,2772,17417.652705
s9,2773,18597.190354
s9,2774,24049.657087
s9,2775,22429.773518
s9,2776,24591.598972
s9,2777,29931.347983
s9,2778,24955.147480
s9,2779,25076.965850
s9,2780,27198.954769
s9,2781,27591.029004
s9,2782,21949.532166
s9,2783,24763.464441
s9,2784,22953.495847
s9,2785,21958.375081
s9,2786,20081.551679
s9,2787,12780.383075
s9,2788,11419.667239
s9,2789,8962.741064
s9,2790,11043.755255
s9,2791,5617.525842
s9,2792,10394.721231
s9,2793,10379.207495
s9,2794,9151.188374
s9,2795,10970.414184
s9,2796,11614.353688
s9,2797,13448.608636
s9,2798,16999.743036
s9,2799,20518.387841
s9,2800,23193.155180
s9,2801,24633.657622
s9,2802,21627.115185
s9,2803,20633.017659
s9,2804,24630.037834
s9,2805,24409.635126
s9,2806,21248.760173
s9,2807,22977.055062
s9,2808,22822.455284
s9,2809,15792.183903
s9,2810,14402.191612
s9,2811,12732.444884
s9,2812,9282.252598
s9,2813,11062.586269
s9,2814,7780.042503
s9,2815,11214.185369
s9,2816,11044.283892
s9,2817,6844.856380
s9,2818,7831.208321
s9,2819,10815.403207
s9,2820,16273.739491
s9,2821,14572.157185
s9,2822,18942.884375
s9,2823,19891.197357
s9,2824,21120.786498
s9,2825,24253.004472
s9,2826,25688.927432
s9,2827,23571.126343
s9,2828,25252.918283
s9,2829,23651.072931
s9,2830,21575.812969
s9,2831,23986.097248
s9,2832,18108.716924
s9,2833,18134.451269
s9,2834,18990.731325
s9,2835,17503.440806
s9,2836,12044.651053
s9,2837,11900.746228
s9,2838,9289.735194
s9,2839,7629.703514
s9,2840,8886.279143
s9,2841,9575.575853
s9,2842,13742.382469
s9,2843,13867.526718
s9,2844,14100.417959
s9,2845,17640.396708
s9,2846,20147.029450
s9,2847,23518.124019
s9,2848,23119.404687
s9,2849,26163.850766
s9,2850,29405.473622
s9,2851,29097.987672
s9,2852,28524.141929
s9,2853,25582.374976
s9,2854,27692.430042
s9,2855,23414.890212
s9,2856,21072.589476
s9,2857,21944.839397
s9,2858,20203.319241
s9,2859,18262.756380
s9,2860,15678.545696
s9,2861,12576.432998
s9,2862,13747.577704
s9,2863,15044.783390
s9,2864,15424.581784
s9,2865,16946.483064
s9,2866,14173.557379
s9,2867,16005.174350
s9,2868,15525.592271
s9,2869,22446.880463
s9,2870,22781.415802
s9,2871,27145.945180
s9,2872,26636.058299
s9,2873,28120.106541
s9,2874,31545.134534
s9,2875,30908.747929
s9,2876,28501.614661
s9,2877,32684.142672
s9,2878,33425.443092
s9,2879,27814.141868
s9,2880,24146.827326
s9,2881,25901.989029
s9,2882,21876.086494
s9,2883,21642.743755
s9,2884,18181.285459
s9,2885,16967.117674
s9,2886,15186.535426
s9,2887,15012.883939
s9,2888,13821.057074
s9,2889,15988.402161
s9,2890,14880.784927
s9,2891,19260.581797
s9,2892,22774.260548
s9,2893,22152.519759
s9,2894,23326.542095
s9,2895,23433.489705
s9,2896,28819.792612
s9,2897,31643.556969
s9,2898,29259.538183
s9,2899,33928.977146
s9,2900,30802.296718
s9,2901,32943.671358
s9,2902,28507.207499
s9,2903,29241.546246
s9,2904,29210.355511
s9,2905,24874.415712
s9,2906,22535.609556
s9,2907,19810.797651
s9,2908,19654.349869
s9,2909,14932.647638
s9,2910,15052.252510
s9,2911,13809.369972
s9,2912,14597.485337
s9,2913,17183.250041
s9,2914,14703.783175
s9,2915,15718.556732
s9,2916,19697.036042
s9,2917,20765.053724
s9,2918,21676.807610
s9,2919,25234.257711
s9,2920,22824.842849
s9,2921,28154.075958
s9,2922,30689.732904
s9,2923,30689.030911
s9,2924,31000.631042
s9,2925,29306.596479
s9,2926,28118.788439
s9,2927,27323.210954
s9,2928,23172.709892
s9,2929,23075.308765
s9,2930,19091.140538
s9,2931,18957.435751
s9,2932,16130.477659
s9,2933,15154.041342
s9,2934,12169.569477
s9,2935,11035.493663
s9,2936,14038.954281
s9,2937,15033.481815
s9,2938,12454.497058
s9,2939,13797.031977
s9,2940,17005.345279
s9,2941,19036.973833
s9,2942,22776.342862
s9,2943,21925.018016
s9,2944,25515.220162
s9,2945,24065.753615
s9,2946,23346.022392
s9,2947,27203.453037
s9,2948,24885.499404
s9,2949,27305.912797
s9,2950,27390.525242
s9,2951,20964.239911
s9,2952,21474.109052
s9,2953,21118.501731
s9,2954,15973.993274
s9,2955,17052.383862
s9,2956,13023.792453
s9,2957,11728.844783
s9,2958,8618.262058
s9,2959,8233.392344
s9,2960,9937.098779
s9,2961,10856.660166
s9,2962,11766.147182
s9,2963,11994.404213
s9,2964,11786.575586
s9,2965,16265.526504
s9,2966,22700.908387
s9,2967,19307.353507
s9,2968,21714.801127
s9,2969,24055.808459
s9,2970,22129.992176
s9,2971,22432.786758
s9,2972,24867.087007
s9,2973,21100.011050
s9,2974,23715.765815
s9,2975,24451.148317
s9,2976,20811.475021
s9,2977,16950.466875
s9,2978,15028.352892
s9,2979,13253.748433
s9,2980,10544.007899
s9,2981,8858.931830
s9,2982,9771.370647
s9,2983,8802.010574
s9,2984,7568.222679
s9,2985,10358.498732
s9,2986,7852.203362
s9,2987,10558.239202
s9,2988,11729.814514
s9,2989,14458.497750
s9,2990,16043.369798
s9,2991,19145.372332
s9,2992,21002.164696
s9,2993,20645.040633
s9,2994,24283.692069
s9,2995,24076.681614
s9,2996,23302.337483
s9,2997,24964.209615
s9,2998,23969.957186
s9,2999,23905.529147
s9,3000,16070.470296
s9,3001,18277.621555
s9,3002,15982.639687
s9,3003,12606.494887
s9,3004,10032.998816
s9,3005,7694.432260
s9,3006,11515.468653
s9,3007,8549.645083
s9,3008,11651.202937
s9,3009,10132.521808
s9,3010,13132.093753
s9,3011,12631.342325
s9,3012,15677.902770
s9,3013,16465.594169
s9,3014,17707.598161
s9,3015,20827.425865
s9,3016,23102.872134
s9,3017,25415.901491
s9,3018,28623.860605
s9,3019,27881.847095
s9,3020,29009.097537
s9,3021,27811.198254
s9,3022,25271.863451
s9,3023,27002.661645
s9,3024,23037.899282
s9,3025,24566.211221
s9,3026,19393.769118
s9,3027,20656.789024
s9,3028,14587.420510
s9,3029,15642.202600
s9,3030,13530.005216
s9,3031,12497.851651
s9,3032,12667.667999
s9,3033,13408.997853
s9,3034,15320.124682
s9,3035,15896.891609
s9,3036,17151.401349
s9,3037,18214.557516
s9,3038,20105.236694
s9,3039,25045.608867
s9,3040,27251.725443
s9,3041,28788.827561
s9,3042,27867.191086
s9,3043,31914.827862
s9,3044,30747.301560
s9,3045,33684.880951
s9,3046,30368.158554
s9,3047,27867.772026
s9,3048,27288.534336
s9,3049,22752.636233
s9,3050,20985.029432
s9,3051,20352.678282
s9,3052,18463.604796
s9,3053,16597.123460
s9,3054,16076.190558
s9,3055,17212.437661
s9,3056,17234.117710
s9,3057,18911.822953
s9,3058,16052.085773
s9,3059,18473.963945
s9,3060,20394.777968
s9,3061,23631.053960
s9,3062,27459.462293
s9,3063,26008.492805
s9,3064,28179.077330
s9,3065,28139.871720
s9,3066,31196.899230
s9,3067,30694.041287
s9,3068,29392.704056
s9,3069,32153.290922
s9,3070,29617.147213
s9,3071,30372.555669
s9,3072,26796.482031
s9,3073,24075.823611
s9,3074,21945.447201
s9,3075,20112.481265
s9,3076,17960.714530
s9,3077,14380.807519
s9,3078,15859.847246
s9,3079,16489.236459
s9,3080,19567.425239
s9,3081,18201.133649
s9,3082,18528.868325
s9,3083,18248.903799
s9,3084,17977.642499
s9,3085,22369.712723
s9,3086,22283.398257
s9,3087,23863.655781
s9,3088,28065.928406
s9,3089,28527.421007
s9,3090,27133.659335
s9,3091,28502.463601
s9,3092,27389.597985
s9,3093,29959.347690
s9,3094,26661.862681
s9,3095,25667.139601
s9,3096,21133.042829
s9,3097,24348.817029
s9,3098,17987.762414
s9,3099,17717.594490
s9,3100,17799.577603
s9,3101,16387.450794
s9,3102,15662.633868
s9,3103,14725.398968
s9,3104,12484.695314
s9,3105,10494.790053
s9,3106,15036.096142
s9,3107,18695.931934
s9,3108,14227.410914
s9,3109,17464.394985
s9,3110,21281.340943
s9,3111,22361.081771
s9,3112,26356.298260
s9,3113,24906.508851
s9,3114,25309.316756
s9,3115,26909.435651
s9,3116,24591.639607
s9,3117,24675.010566
s9,3118,26880.712753
s9,3119,22588.385501
s9,3120,24925.232085
s9,3121,20942.879353
s9,3122,15085.951752
s9,3123,16828.150127
s9,3124,13527.429774
s9,3125,10329.435385
s9,3126,14579.796153
s9,3127,10929.510056
s9,3128,7257.501683
s9,3129,10075.219416
s9,3130,10657.485905
s9,3131,13435.003129
s9,3132,12598.867690
s9,3133,13178.938608
s9,3134,18189.210467
s9,3135,21285.838476
s9,3136,18953.721707
s9,3137,22991.674845
s9,3138,24482.855274
s9,3139,25458.284433
s9,3140,22058.807779
s9,3141,22051.806198
s9,3142,23545.556722
s9,3143,21172.169444
s9,3144,20630.895962
s9,3145,17435.015622
s9,3146,16945.432292
s9,3147,11476.995100
s9,3148,9643.489647
s9,3149,7647.921353
s9,3150,8357.171681
s9,3151,9926.111845
s9,3152,8751.500716
s9,3153,9453.888305
s9,3154,8267.409201
s9,3155,12770.123481
s9,3156,14413.567238
s9,3157,15166.575927
s9,3158,18516.731741
s9,3159,16587.823622
s9,3160,17347.081385
s9,3161,19997.575879
s9,3162,20620.884477
s9,3163,23326.787013
s9,3164,26793.708678
s9,3165,22336.820183
s9,3166,23985.182224
s9,3167,18958.581465
s9,3168,16136.048792
s9,3169,19213.372067
s9,3170,16056.643954
s9,3171,12618.004204
s9,3172,14937.046639
s9,3173,9766.858144
s9,3174,10335.149594
s9,3175,9770.073000
s9,3176,10788.442520
s9,3177,10230.891587
s9,3178,12442.816044
s9,3179,13762.415269
s9,3180,15270.717272
s9,3181,17368.633438
s9,3182,21539.092845
s9,3183,23887.803141
s9,3184,20192.208615
s9,3185,23751.909030
s9,3186,26307.554595
s9,3187,26364.213829
s9,3188,26492.508275
s9,3189,28996.613121
s9,3190,29257.630266
s9,3191,26826.515106
s9,3192,23049.656377
s9,3193,20144.408261
s9,3194,16134.885568
s9,3195,13437.694058
s9,3196,17672.701977
s9,3197,13884.432948
s9,3198,11018.481679
s9,3199,10887.395700
s9,3200,11527.227867
s9,3201,16367.320709
s9,3202,14458.974045
s9,3203,16338.619154
s9,3204,19635.599297
s9,3205,18096.969931
s9,3206,23658.953146
s9,3207,27075.601253
s9,3208,26516.292513
s9,3209,27738.353565
s9,3210,31834.285664
s9,3211,30373.360394
s9,3212,31338.486433
s9,3213,29686.249548
s9,3214,28095.566558
s9,3215,28443.090114
s9,3216,30117.511644
s9,3217,23806.777958
s9,3218,20054.391391
s9,3219,19683.275471
s9,3220,18630.271804
s9,3221,18376.417651
s9,3222,15350.957991
s9,3223,15521.649807
s9,3224,17785.427710
s9,3225,17841.605841
s9,3226,13020.939370
s9,3227,18219.057455
s9,3228,17696.478092
s9,3229,19875.495363
s9,3230,26405.403068
s9,3231,23189.970226
s9,3232,27279.513895
s9,3233,33055.698810
s9,3234,27990.579168
s9,3235,31612.241777
s9,3236,29070.586470
s9,3237,29639.440910
s9,3238,30736.293359
s9,3239,27346.914572
s9,3240,27923.205677
s9,3241,21483.251310
s9,3242,20807.585207
s9,3243,21663.704902
s9,3244,19775.129162
s9,3245,19988.919243
s9,3246,16048.925145
s9,3247,12889.128776
s9,3248,14469.995111
s9,3249,14348.064858
s9,3250,16048.422315
s9,3251,20352.202964
s9,3252,20510.689352
s9,3253,20850.660733
s9,3254,23232.034157
s9,3255,26217.953602
s9,3256,28511.575396
s9,3257,28072.959975
s9,3258,29329.699511
s9,3259,32516.962002
s9,3260,32516.755324
s9,3261,28172.084775
s9,3262,28502.963556
s9,3263,26480.358745
s9,3264,25881.943555
s9,3265,20874.982825
s9,3266,20458.430133
s9,3267,17981.628075
s9,3268,17919.074594
s9,3269,14359.214593
s9,3270,14737.280507
s9,3271,12790.876158
s9,3272,13846.056454
s9,3273,12991.633427
s9,3274,13509.264407
s9,3275,16107.007939
s9,3276,18485.442984
s9,3277,17889.291336
s9,3278,17005.657612
s9,3279,22523.518103
s9,3280,24352.358037
s9,3281,24483.813695
s9,3282,24177.873361
s9,3283,24970.223510
s9,3284,26769.177281
s9,3285,27257.274099
s9,3286,26769.977416
s9,3287,23360.048168
s9,3288,23246.191534
s9,3289,20939.104576
s9,3290,18386.810841
s9,3291,16163.087475
s9,3292,13059.063631
s9,3293,12541.103771
s9,3294,10925.020094
s9,3295,9873.745459
s9,3296,13023.042983
s9,3297,9424.748705
s9,3298,12726.563918
s9,3299,8739.102606
s9,3300,15634.847276
s9,3301,16646.014120
s9,3302,16778.623228
s9,3303,19057.507994
s9,3304,23270.027001
s9,3305,23553.438255
s9,3306,23564.854812
s9,3307,23877.742853
s9,3308,24342.449030
s9,3309,24629.958033
s9,3310,25550.661240
s9,3311,20010.828193
s9,3312,19622.252672
s9,3313,18856.963400
s9,3314,16517.187620
s9,3315,12298.563091
s9,3316,12256.440586
s9,3317,6297.040127
s9,3318,9646.432859
s9,3319,7988.502045
s9,3320,6435.594609
s9,3321,8011.767810
s9,3322,7497.838471
s9,3323,11704.266597
s9,3324,12609.568186
s9,3325,14431.927180
s9,3326,18757.843770
s9,3327,17169.687783
s9,3328,20104.009682
s9,3329,23404.476527
s9,3330,25177.363972
s9,3331,26719.705730
s9,3332,22005.358610
s9,3333,24819.954436
s9,3334,23544.908766
s9,3335,23194.759065
s9,3336,19962.638700
s9,3337,16252.806996
s9,3338,16596.562469
s9,3339,12144.655028
s9,3340,9711.537283
s9,3341,10859.800747
s9,3342,11676.344254
s9,3343,13350.521625
s9,3344,8813.206784
s9,3345,10001.050179
s9,3346,11641.963161
s9,3347,13899.241707
s9,3348,17359.615196
s9,3349,18382.822483
s9,3350,19459.390049
s9,3351,22009.225369
s9,3352,23452.373355
s9,3353,24278.494726
s9,3354,26298.437247
s9,3355,24548.910012
s9,3356,31584.317358
s9,3357,28485.645273
s9,3358,27478.612159
s9,3359,26846.266034
s9,3360,22894.904460
s9,3361,21810.194299
s9,3362,20699.701567
s9,3363,20565.130018
s9,3364,17847.473659
s9,3365,12802.994135
s9,3366,13213.819385
s9,3367,12864.314655
s9,3368,12996.323367
s9,3369,15905.363632
s9,3370,14778.610735
s9,3371,15127.709205
s9,3372,18287.171737
s9,3373,21603.737422
s9,3374,22248.053630
s9,3375,25119.944576
s9,3376,26681.422051
s9,3377,30892.169360
s9,3378,30444.360744
s9,3379,32570.215112
s9,3380,29618.478438
s9,3381,28869.558281
s9,3382,29671.789848
s9,3383,27553.226740
s9,3384,26365.667498
s9,3385,23906.666334
s9,3386,23014.008309
s9,3387,20732.966567
s9,3388,16840.036556
s9,3389,17829.233108
s9,3390,14692.842085
s9,3391,16577.228893
s9,3392,18240.383540
s9,3393,18130.365098
s9,3394,16499.587084
s9,3395,15633.781585
s9,3396,23907.526567
s9,3397,23333.107421
s9,3398,23360.295007
s9,3399,23819.623284
s9,3400,28375.126129
s9,3401,31336.085879
s9,3402,31690.280958
s9,3403,32913.084403
s9,3404,34501.868090
s9,3405,29721.551087
s9,3406,29589.205437
s9,3407,29083.359191
s9,3408,28064.509419
s9,3409,25098.692785
s9,3410,23586.099006
s9,3411,21653.214461
s9,3412,20341.299772
s9,3413,15814.338857
s9,3414,14809.837586
s9,3415,14418.916943
s9,3416,14169.358912
s9,3417,19030.350660
s9,3418,16177.159720
s9,3419,18905.971491
s9,3420,19137.507664
s9,3421,21283.711455
s9,3422,24254.116643
s9,3423,27704.705649
s9,3424,28126.420176
s9,3425,27515.529854
s9,3426,26915.925634
s9,3427,30383.672160
s9,3428,28931.868136
s9,3429,28704.697318
s9,3430,28183.331872
s9,3431,26074.882287
s9,3432,24547.848125
s9,3433,22023.446681
s9,3434,20393.738283
s9,3435,19035.908027
s9,3436,13578.729124
s9,3437,12052.430271
s9,3438,15689.580762
s9,3439,14745.917199
s9,3440,12355.212718
s9,3441,15180.111346
s9,3442,15519.283390
s9,3443,15933.209410
s9,3444,18631.683042
s9,3445,16431.046410
s9,3446,19764.287418
s9,3447,19493.368140
s9,3448,23420.222673
s9,3449,25120.125446
s9,3450,27457.139315
s9,3451,27458.535648
s9,3452,26279.750843
s9,3453,27603.540521
s9,3454,23645.958998
s9,3455,21898.257400
s9,3456,22247.446728
s9,3457,20469.009271
s9,3458,16291.777080
s9,3459,14942.354892
s9,3460,14460.120740
s9,3461,12453.744685
s9,3462,7689.058344
s9,3463,8781.862181
s9,3464,7145.371879
s9,3465,8870.814119
s9,3466,10059.270843
s9,3467,12095.985977
s9,3468,16870.416239
s9,3469,12538.338210
s9,3470,14171.721413
s9,3471,16978.110896
s9,3472,21748.289516
s9,3473,22348.530155
s9,3474,23654.055559
s9,3475,26079.687097
s9,3476,24073.445153
s9,3477,21298.271668
s9,3478,21442.024426
s9,3479,20245.332380
s9,3480,19273.155229
s9,3481,16071.019096
s9,3482,13086.011322
s9,3483,10826.724755
s9,3484,9553.650740
s9,3485,10410.335688
s9,3486,6923.011103
s9,3487,5716.591786
s9,3488,10555.427129
s9,3489,8051.178569
s9,3490,8563.113699
s9,3491,12108.699384
s9,3492,16079.362765
s9,3493,12288.197238
s9,3494,18765.010024
s9,3495,18879.061545
s9,3496,19389.880581
s9,3497,22742.438331
s9,3498,21948.903410
s9,3499,21819.314017
s9,3500,24276.238939
s9,3501,26320.427580
s9,3502,21945.933038
s9,3503,19513.866815
s9,3504,18375.184163
s9,3505,20256.143193
s9,3506,16446.366449
s9,3507,17127.712358
s9,3508,11923.932376
s9,3509,10929.912437
s9,3510,7830.933207
s9,3511,11074.161876
s9,3512,10710.759239
s9,3513,12903.181438
s9,3514,12135.628718
s9,3515,12014.293567
s9,3516,12419.990778
s9,3517,16891.744698
s9,3518,18512.814961
s9,3519,18402.606433
s9,3520,21042.114096
s9,3521,24062.781759
s9,3522,25619.208993
s9,3523,26755.714544
s9,3524,30521.883065
s9,3525,23727.166990
s9,3526,26054.022644
s9,3527,23239.273145
s9,3528,25114.771763
s9,3529,23926.451840
s9,3530,18527.945102
s9,3531,18344.209134
s9,3532,17926.270527
s9,3533,13653.407363
s9,3534,15278.546998
s9,3535,12945.753634
s9,3536,12560.592983
s9,3537,12290.619541
s9,3538,13632.883877
s9,3539,15488.248282
s9,3540,19504.843987
s9,3541,18104.606798
s9,3542,21358.944892
s9,3543,25808.389202
s9,3544,24322.243187
s9,3545,31145.677419
s9,3546,31109.598991
s9,3547,31070.928119
s9,3548,28199.801452
s9,3549,28673.754688
s9,3550,30836.897022
s9,3551,29456.222297
s9,3552,27026.870734
s9,3553,24987.233736
s9,3554,21263.514136
s9,3555,18673.252572
s9,3556,16379.426397
s9,3557,17591.156766
s9,3558,19483.769147
s9,3559,16836.887665
s9,3560,17993.736271
s9,3561,18939.220765
s9,3562,16965.399451
s9,3563,17667.141247
s9,3564,21223.162398
s9,3565,21816.888968
s9,3566,23184.433844
s9,3567,27157.715442
s9,3568,27634.402985
s9,3569,30261.514296
s9,3570,30109.857647
s9,3571,29721.371016
s9,3572,29594.793219
s9,3573,31035.234644
s9,3574,31189.310562
s9,3575,30366.411899
s9,3576,28756.551711
s9,3577,25845.770657
s9,3578,21569.233681
s9,3579,22391.835141
s9,3580,19730.462866
s9,3581,17150.123763
s9,3582,15524.592848
s9,3583,16309.642231
s9,3584,17402.339206
s9,3585,17772.319630
s9,3586,18375.528306
s9,3587,15814.487535
s9,3588,20553.868801
s9,3589,20853.699360
s9,3590,24259.287229
s9,3591,24220.368386
s9,3592,29295.320924
s9,3593,28123.648071
s9,3594,27473.892460
s9,3595,30713.346477
s9,3596,30521.487793
s9,3597,30267.979701
s9,3598,29338.214701
s9,3599,29915.389543
s9,3600,25885.376288
s9,3601,21683.765861
s9,3602,22440.545035
s9,3603,17515.040900
s9,3604,16401.327845
s9,3605,15059.046692
s9,3606,10994.313471
s9,3607,14792.538643
s9,3608,11133.672735
s9,3609,12623.455235
s9,3610,15608.521359
s9,3611,17265.771503
s9,3612,15209.004148
s9,3613,19378.095436
s9,3614,19605.770056
s9,3615,21456.330765
s9,3616,23351.955521
s9,3617,26835.838395
s9,3618,28620.472483
s9,3619,22765.968525
s9,3620,26460.982174
s9,3621,27564.007324
s9,3622,24469.394546
s9,3623,23122.378173
s9,3624,23164.903777
s9,3625,22723.444018
s9,3626,16052.436645
s9,3627,15441.920079
s9,3628,12914.348432
s9,3629,9772.174123
s9,3630,9342.801477
s9,3631,9684.478535
s9,3632,9183.310378
s9,3633,10430.610101
s9,3634,11132.052887
s9,3635,10149.946613
s9,3636,12956.997658
s9,3637,12814.604964
s9,3638,17436.907376
s9,3639,18969.017479
s9,3640,23996.987695
s9,3641,23363.066635
s9,3642,25160.182886
s9,3643,23221.004930
s9,3644,24197.828679
s9,3645,22615.128717
s9,3646,26375.358669
s9,3647,21806.769384
